time,actual_close,predicted_close
2020-03-04,-1.259323194599924,-1.259774892009923
2020-03-05,-1.248800546272282,-1.2439690201284717
2020-03-06,-1.245809505156828,-1.2552982076106538
2020-03-07,-1.2547812303304122,-1.2600256709234965
2020-03-08,-1.2843543323022488,-1.2906061498637516
2020-03-09,-1.288313608066506,-1.2963873821337946
2020-03-10,-1.2900522359160174,-1.2823830510192749
2020-03-11,-1.2882800519198327,-1.29145430422582
2020-03-12,-1.3941420047238795,-1.3763304006590928
2020-03-13,-1.369121702860585,-1.3485600180263884
2020-03-14,-1.3848794596124596,-1.375137452738091
2020-03-15,-1.378753715128606,-1.365790881217099
2020-03-16,-1.3896601618838245,-1.3781617961333943
2020-03-17,-1.3794304307531846,-1.365311808441318
2020-03-18,-1.376794875066551,-1.3649075644520607
2020-03-19,-1.3498164322275903,-1.3452634563755161
2020-03-20,-1.3490628171002186,-1.3454490152029073
2020-03-21,-1.3494476641573785,-1.335564744571554
2020-03-22,-1.3622856866054796,-1.351091594070612
2020-03-23,-1.3386782383344096,-1.3348361388927095
2020-03-24,-1.3294625320110542,-1.3310354765049084
2020-03-25,-1.3320131487014213,-1.3276102288518454
2020-03-26,-1.3297851603795907,-1.3203017360409728
2020-03-27,-1.342898273321774,-1.3444962132714733
2020-03-28,-1.347453170689483,-1.3381509652935062
2020-03-29,-1.3603964056391329,-1.3459297882897374
2020-03-30,-1.3421813602298265,-1.3239675910001711
2020-03-31,-1.3414717875449635,-1.3353943558515264
2020-04-01,-1.3330820517902444,-1.3310950479855626
2020-04-02,-1.3281608331546852,-1.3230919790435083
2020-04-03,-1.3302839585181616,-1.3147504939765904
2020-04-04,-1.3256605506843284,-1.3181534083447626
2020-04-05,-1.3289570925517875,-1.3153439137765268
2020-04-06,-1.3091876285564783,-1.2990795070430528
2020-04-07,-1.3142787251845711,-1.308899859336068
2020-04-08,-1.3084832990195332,-1.3080180804463826
2020-04-09,-1.3110286725619824,-1.3046512030533184
2020-04-10,-1.3256416753518243,-1.3245210143272645
2020-04-11,-1.3252533328627198,-1.3178910436717302
2020-04-12,-1.3243389278658717,-1.309718338714148
2020-04-13,-1.326237996041665,-1.3042043801885996
2020-04-14,-1.325538560109443,-1.306952666816446
2020-04-15,-1.3342736445403416,-1.3165848709631418
2020-04-16,-1.3173204500632298,-1.3159460708458846
2020-04-17,-1.32002696301835,-1.3085088795027118
2020-04-18,-1.312086390268581,-1.3099702404778095
2020-04-19,-1.3166797373876864,-1.316673091822878
2020-04-20,-1.326831520385949,-1.3209068621074729
2020-04-21,-1.3263889987016948,-1.3085898892654106
2020-04-22,-1.3165913029594742,-1.3053186634093898
2020-04-23,-1.3042230665647996,-1.3027266722384025
2020-04-24,-1.3035173388550765,-1.304416059868469
2020-04-25,-1.3022072509620388,-1.309398973028208
2020-04-26,-1.2968092554091628,-1.3066701724281575
2020-04-27,-1.2938010866771774,-1.2960457647050432
2020-04-28,-1.2947479991911153,-1.295471042413603
2020-04-29,-1.2589324053084578,-1.2686883505552045
2020-04-30,-1.2640846719955905,-1.2686381172939059
2020-05-01,-1.2573888225614849,-1.2542538611807883
2020-05-02,-1.2520761155480704,-1.2553833252011697
2020-05-03,-1.254659938841916,-1.2634339652188151
2020-05-04,-1.2555526721607042,-1.2684643402981535
2020-05-05,-1.2503759374499557,-1.254171955607085
2020-05-06,-1.2460608267136832,-1.244149846356851
2020-05-07,-1.21646395580462,-1.1964082141187755
2020-05-08,-1.2231664465594212,-1.2139113093563996
2020-05-09,-1.2325009975689112,-1.2372622351209106
2020-05-10,-1.2606769753922755,-1.2657728789970761
2020-05-11,-1.266485334655511,-1.2554115364060228
2020-05-12,-1.257666359857929,-1.263154966861734
2020-05-13,-1.240319929286989,-1.24303997755539
2020-05-14,-1.2236904118079972,-1.2194569006503975
2020-05-15,-1.240520916623835,-1.2458944026077088
2020-05-16,-1.2378857104803953,-1.2426030919702256
2020-05-17,-1.2279768600023195,-1.2223628904023225
2020-05-18,-1.226153293156541,-1.2225341209992084
2020-05-19,-1.2241444684176708,-1.2221472226318637
2020-05-20,-1.2336083504091306,-1.2366393411743082
2020-05-21,-1.249349678630863,-1.245584943998403
2020-05-22,-1.245447727950506,-1.2389573342472313
2020-05-23,-1.2449076837149822,-1.2402309966849372
2020-05-24,-1.2612558189223908,-1.2575972000149194
2020-05-25,-1.2548595280059835,-1.2506063594164605
2020-05-26,-1.2568512251283228,-1.2483467065136535
2020-05-27,-1.2442634756074933,-1.2364111969357348
2020-05-28,-1.231152459924477,-1.223395544478425
2020-05-29,-1.2365735253281906,-1.2334623737650952
2020-05-30,-1.2269554947879504,-1.2273128434794525
2020-05-31,-1.2356699561703728,-1.2357172684440911
2020-06-01,-1.2090781081045443,-1.1978906180090747
2020-06-02,-1.233108503640976,-1.2371638135217893
2020-06-03,-1.2281341544398507,-1.2238385586532021
2020-06-04,-1.2236428739335434,-1.2237736665934729
2020-06-05,-1.229673542668489,-1.2294969308263424
2020-06-06,-1.2279454011148132,-1.2335189441409597
2020-06-07,-1.2251756208414863,-1.2275168548532158
2020-06-08,-1.2240612771373764,-1.2272484802935528
2020-06-09,-1.2241619455773964,-1.2260646859269513
2020-06-10,-1.2202421681941191,-1.2100624273781437
2020-06-11,-1.2420435267791368,-1.234543461921366
2020-06-12,-1.235188984734722,-1.227808052666279
2020-06-13,-1.2348247607260383,-1.235905496993619
2020-06-14,-1.23975157205271,-1.2418402975866445
2020-06-15,-1.2363977051013504,-1.232909210979451
2020-06-16,-1.2330053883985943,-1.2310303974995929
2020-06-17,-1.235367251763924,-1.234540543928262
2020-06-18,-1.2381097676680788,-1.2414005347314774
2020-06-19,-1.2408655662136252,-1.2359704173385868
2020-06-20,-1.2388609359930889,-1.238731244959662
2020-06-21,-1.2411808541750766,-1.2406381069209744
2020-06-22,-1.227241071577868,-1.2211291664792205
2020-06-23,-1.22959384682014,-1.2317750302228156
2020-06-24,-1.2411763101135478,-1.240446418446938
2020-06-25,-1.242980652083628,-1.2424357521878222
2020-06-26,-1.245890599177955,-1.238017642886124
2020-06-27,-1.251166254612751,-1.2495759567815719
2020-06-28,-1.2472076779348829,-1.245469027281036
2020-06-29,-1.244876923913865,-1.2417982424363316
2020-06-30,-1.246645612478105,-1.2420948089299308
2020-07-01,-1.243065591079895,-1.2409799526822716
2020-07-02,-1.2481720676085462,-1.2446998288679914
2020-07-03,-1.2490927643828955,-1.2422328325697913
2020-07-04,-1.2464453242276483,-1.2403920189706077
2020-07-05,-1.248569148677514,-1.2451791317679692
2020-07-06,-1.239284931888034,-1.2353432272442824
2020-07-07,-1.242421382972406,-1.2473252282398386
2020-07-08,-1.23606389135059,-1.23461981321481
2020-07-09,-1.243063493820728,-1.2440544439803678
2020-07-10,-1.2413290604895504,-1.2467145152307526
2020-07-11,-1.243127110682129,-1.236927540136902
2020-07-12,-1.2408963260147423,-1.2431460156597867
2020-07-13,-1.2431005453993462,-1.2477218507362813
2020-07-14,-1.2424650758717202,-1.2477121544267469
2020-07-15,-1.244661954849239,-1.242515010879052
2020-07-16,-1.2467588644731271,-1.2429081718711203
2020-07-17,-1.2459353407068527,-1.2414824676761027
2020-07-18,-1.2452212239604612,-1.2314869186481028
2020-07-19,-1.2438649963657475,-1.2412608312335163
2020-07-20,-1.2456686392494387,-1.2362456737087326
2020-07-21,-1.23768472314355,-1.2321213350416231
2020-07-22,-1.232636969871577,-1.2330670258825136
2020-07-23,-1.2299115815839532,-1.2303600879902756
2020-07-24,-1.2321829132619038,-1.2315195620986343
2020-07-25,-1.2266538390110848,-1.2315750797705456
2020-07-26,-1.2184885099872436,-1.2199706626159945
2020-07-27,-1.1800062510736409,-1.162037531512175
2020-07-28,-1.1838400408310674,-1.1981396309656214
2020-07-29,-1.1775909075995503,-1.183901893168902
2020-07-30,-1.177534281602039,-1.202039164240578
2020-07-31,-1.1691781019939935,-1.1766720826616646
2020-08-01,-1.1531096013421962,-1.1471057738715933
2020-08-02,-1.1792875902657205,-1.1829523212410296
2020-08-03,-1.1733023621460614,-1.1754975899615556
2020-08-04,-1.174719759799815,-1.1734198869212218
2020-08-05,-1.1552197936074755,-1.1496878617805284
2020-08-06,-1.15454797158762,-1.1570866395632313
2020-08-07,-1.160401072379753,-1.1617487328163705
2020-08-08,-1.1545654487473458,-1.1652236506953173
2020-08-09,-1.1575166419386258,-1.1637492582750704
2020-08-10,-1.1501388337320235,-1.152198201723544
2020-08-11,-1.167909609741103,-1.1634909961816704
2020-08-12,-1.1615765861429028,-1.1604239761623645
2020-08-13,-1.1538695082470691,-1.1507300125574127
2020-08-14,-1.154434370049403,-1.1502446925811962
2020-08-15,-1.1514146663919989,-1.1504449108973227
2020-08-16,-1.1494201729241034,-1.1541089768250656
2020-08-17,-1.1360249786239474,-1.1284370489725597
2020-08-18,-1.1480667416749462,-1.1521742973681315
2020-08-19,-1.1549289736696402,-1.1579898548233198
2020-08-20,-1.1513265815069815,-1.1512108357712334
2020-08-21,-1.1630740291881998,-1.163736509350589
2020-08-22,-1.1580731147042915,-1.1432365441907217
2020-08-23,-1.1587337513419225,-1.1455186865102975
2020-08-24,-1.155067742317862,-1.142187338787374
2020-08-25,-1.169952689713036,-1.165055435206066
2020-08-26,-1.16518736734223,-1.1526750516680817
2020-08-27,-1.1699366107260882,-1.1615741570016866
2020-08-28,-1.162799288237312,-1.1519278578018297
2020-08-29,-1.164712338140886,-1.1695479361278585
2020-08-30,-1.156461021491194,-1.1547078520170642
2020-08-31,-1.1585138886725734,-1.149876486970733
2020-09-01,-1.1491153712584874,-1.128374771574793
2020-09-02,-1.1675988658411804,-1.1669247971981846
2020-09-03,-1.210357785739659,-1.2144825113623567
2020-09-04,-1.200126306893047,-1.1802198119209844
2020-09-05,-1.2105902319640107,-1.1968731828156587
2020-09-06,-1.2073604528467037,-1.1831082962397104
2020-09-07,-1.2032110255846309,-1.1851361419153355
2020-09-08,-1.2119684807799784,-1.1938323955288839
2020-09-09,-1.2084622129958111,-1.1820505718514713
2020-09-10,-1.2043784998543068,-1.1840253709144597
2020-09-11,-1.202532212700885,-1.197839669380008
2020-09-12,-1.200801973888042,-1.1872496851352072
2020-09-13,-1.2048440913893992,-1.1886167260521723
2020-09-14,-1.1927516445751958,-1.181257603826627
2020-09-15,-1.1889629458898612,-1.185477181655466
2020-09-16,-1.1830067298553468,-1.1819818529249368
2020-09-17,-1.1834247835159852,-1.1846596076152478
2020-09-18,-1.1836782023320076,-1.1982913440888505
2020-09-19,-1.1785846589015532,-1.1906357558930227
2020-09-20,-1.1842388696160078,-1.197134399168803
2020-09-21,-1.2018457098668602,-1.2047771538604728
2020-09-22,-1.1977703857620243,-1.1887730723805499
2020-09-23,-1.2081392350840805,-1.1987079454622958
2020-09-24,-1.1904911487362757,-1.182559841733184
2020-09-25,-1.1921990167846694,-1.1912238146258298
2020-09-26,-1.190796999031475,-1.1971874636336497
2020-09-27,-1.189145756980592,-1.1970621976659541
2020-09-28,-1.1920284397057468,-1.1967818843097588
2020-09-29,-1.1870547895910106,-1.1932205998362062
2020-09-30,-1.1892174133354672,-1.1999368022473855
2020-10-01,-1.194692308391136,-1.2006999210913314
2020-10-02,-1.196305450233817,-1.195980852065555
2020-10-03,-1.197165326492321,-1.187896837251091
2020-10-04,-1.192849167126465,-1.1843815725919828
2020-10-05,-1.188668980063275,-1.196843711660677
2020-10-06,-1.1953525954855726,-1.1970211058889717
2020-10-07,-1.1929487869369015,-1.2067852326101307
2020-10-08,-1.1839749645041495,-1.196876417335635
2020-10-09,-1.179452574653531,-1.1993974150994773
2020-10-10,-1.1709660154339314,-1.17629058503795
2020-10-11,-1.1683814930536969,-1.1720122712968055
2020-10-12,-1.162640246083808,-1.161131339176169
2020-10-13,-1.1665715583925045,-1.1699908138496524
2020-10-14,-1.166501300210407,-1.1784246466229593
2020-10-15,-1.1637395594305542,-1.1676899918082104
2020-10-16,-1.1701033428298715,-1.1771303728297804
2020-10-17,-1.1686562340045843,-1.1603765884270856
2020-10-18,-1.163564088746908,-1.1562265458341088
2020-10-19,-1.1550509642445257,-1.1504019580894314
2020-10-20,-1.149286996966994,-1.146517026164393
2020-10-21,-1.1181311634103992,-1.100690102179434
2020-10-22,-1.1119393552627823,-1.0964426076252103
2020-10-23,-1.113793681909678,-1.093555072010334
2020-10-24,-1.1071897623357296,-1.0926191188394303
2020-10-25,-1.1101580831435405,-1.0828950450496055
2020-10-26,-1.1091716722486225,-1.0731470161264793
2020-10-27,-1.0890173611961538,-1.057056627174354
2020-10-28,-1.1016026639146217,-1.0836790174987736
2020-10-29,-1.0954433632840948,-1.0691060815725146
2020-10-30,-1.0918161535546256,-1.0674251314662193
2020-10-31,-1.083515900857702,-1.0657787083577914
2020-11-01,-1.0849731464356296,-1.0698062071253278
2020-11-02,-1.091631245204728,-1.0565554265560837
2020-11-03,-1.0758130174802023,-1.0388473461471563
2020-11-04,-1.0711308863896905,-1.0470983576812802
2020-11-05,-1.0207201164201112,-0.9961172586084526
2020-11-06,-1.0210451915910088,-1.010490280610068
2020-11-07,-1.047346918805391,-1.030297550676214
2020-11-08,-1.0246234652732462,-0.9887706501219669
2020-11-09,-1.029979166099586,-0.9972525369352014
2020-11-10,-1.0307236931039003,-0.9977448128821098
2020-11-11,-1.0169744115477015,-0.9907227115282733
2020-11-12,-0.9960210447525748,-0.9754537119763739
2020-11-13,-0.9951010470646144,-1.0036299442023866
2020-11-14,-1.0040808117316729,-1.008028721678801
2020-11-15,-1.0079694797706382,-1.0025909494629524
2020-11-16,-0.9815174489826154,-0.989113016980476
2020-11-17,-0.9479585059637388,-0.9405495640471351
2020-11-18,-0.944297740087596,-0.9459872524414273
2020-11-19,-0.9429565428502468,-0.9470106427382412
2020-11-20,-0.9133103863507572,-0.9180245556949902
2020-11-21,-0.912217015238318,-0.9201062541987068
2020-11-22,-0.9217759729786856,-0.9222403085444496
2020-11-23,-0.92334367420608,-0.9149501639356207
2020-11-24,-0.8963792130948999,-0.9018618363892685
2020-11-25,-0.9114585065062232,-0.9029117786566314
2020-11-26,-0.9656342062239104,-0.937990349708833
2020-11-27,-0.966363353327666,-0.9638239724100822
2020-11-28,-0.9459185718805564,-0.9474732597990022
2020-11-29,-0.929863004326956,-0.9348937896302375
2020-11-30,-0.8778635605383117,-0.8951013154686992
2020-12-01,-0.9091420837561808,-0.9385871010380349
2020-12-02,-0.8939663164231714,-0.9013477792293252
2020-12-03,-0.8861977189251031,-0.8917700237316982
2020-12-04,-0.9135823309560888,-0.915727239888125
2020-12-05,-0.8963903984771242,-0.8798427303267081
2020-12-06,-0.8886270441269738,-0.8880082037793475
2020-12-07,-0.895531570848204,-0.893791207014811
2020-12-08,-0.9255185319623446,-0.9318454456580391
2020-12-09,-0.9176048740385532,-0.9237715210587557
2020-12-10,-0.9280719449982676,-0.9249962809994126
2020-12-11,-0.9356084458151788,-0.9391022527450981
2020-12-12,-0.9083398821247716,-0.9133120666122858
2020-12-13,-0.895963606236623,-0.8872905247419127
2020-12-14,-0.8922710319297796,-0.8928721274229816
2020-12-15,-0.8864242229151481,-0.8958440484740423
2020-12-16,-0.8196555305287139,-0.8279849763498596
2020-12-17,-0.7682712827624139,-0.7565294994487981
2020-12-18,-0.7573165990463526,-0.7645367489521079
2020-12-19,-0.7325287434074096,-0.7175137983262043
2020-12-20,-0.7457295916914161,-0.7382025853248257
2020-12-21,-0.7715933412830724,-0.7616329538783951
2020-12-22,-0.7332767658436691,-0.7320937500746951
2020-12-23,-0.7536837966257712,-0.7401461364294539
2020-12-24,-0.7367414379876894,-0.7329115377601114
2020-12-25,-0.7023540775978152,-0.6948847195198941
2020-12-26,-0.6416132576007707,-0.6461950153068095
2020-12-27,-0.6484793345706045,-0.648936280949838
2020-12-28,-0.6208591304265165,-0.6450510430463102
2020-12-29,-0.609627258957206,-0.6457467546577814
2020-12-30,-0.5561880467503594,-0.5739876817798657
2020-12-31,-0.55329417864298,-0.5788417835232607
2021-01-01,-0.5387343064187041,-0.5257267647506049
2021-01-02,-0.4403483834589172,-0.4125728425875468
2021-01-03,-0.4102932614218463,-0.39729037728783584
2021-01-04,-0.4463986266127558,-0.414435904159045
2021-01-05,-0.3762194412774509,-0.37139947449775945
2021-01-06,-0.2779429253375469,-0.27923381319259993
2021-01-07,-0.1860287946241821,-0.15842869074604135
2021-01-08,-0.1455925892532474,-0.12326662085108016
2021-01-09,-0.1595596362196279,-0.17090458650086135
2021-01-10,-0.2306769954890077,-0.22882659536734928
2021-01-11,-0.3252651316404027,-0.35564646819305806
2021-01-12,-0.3755165099132838,-0.38035376800290466
2021-01-13,-0.259382531252061,-0.27846889322082674
2021-01-14,-0.1973480518921211,-0.17311314508578884
2021-01-15,-0.2800293486655996,-0.26934332140208667
2021-01-16,-0.3067662571571511,-0.284009051276564
2021-01-17,-0.3132590219952441,-0.3289674791864682
2021-01-18,-0.2858712640755079,-0.29335150082876793
2021-01-19,-0.3099984830768199,-0.3015564251093929
2021-01-20,-0.3250781260313379,-0.32859329443216295
2021-01-21,-0.4880030053397556,-0.4820716093127968
2021-01-22,-0.4122318279786198,-0.3816281374811699
2021-01-23,-0.4437162321380572,-0.41558260514175394
2021-01-24,-0.4375513388164181,-0.4234249018049623
2021-01-25,-0.4378446055566151,-0.4213034601983638
2021-01-26,-0.4294118759889708,-0.42542100360359236
2021-01-27,-0.5025876951308421,-0.4673769356280285
2021-01-28,-0.3969969878457375,-0.37721846431313766
2021-01-29,-0.3687465573219413,-0.34009734664024605
2021-01-30,-0.3664486603612079,-0.36038535653994874
2021-01-31,-0.4075060039887936,-0.4228347667040799
2021-02-01,-0.3937787436538494,-0.3687440975603486
2021-02-02,-0.3242724289679836,-0.30605235513811657
2021-02-03,-0.2490189250779227,-0.25487805118222306
2021-02-04,-0.2732744264316212,-0.28134617047670935
2021-02-05,-0.2268963362971471,-0.21699441925436913
2021-02-06,-0.1934530920756543,-0.1814941819742223
2021-02-07,-0.2073715525379976,-0.20852504919837347
2021-02-08,0.0571833601184892,0.02746411964909313
2021-02-09,0.0597056638101004,0.08095016028801681
2021-02-10,0.0018695477594652,-0.006847230700226973
2021-02-11,0.1120186478442236,0.10640300647422132
2021-02-12,0.0920723149924907,0.08996067138887316
2021-02-13,0.0846193549990683,0.09149012652547095
2021-02-14,0.1346232566902338,0.14073528025503218
2021-02-15,0.1095833804080463,0.11301787841837652
2021-02-16,0.1532105656016971,0.17994925138960208
2021-02-17,0.2570346815817292,0.27440623576275414
2021-02-18,0.2373449134347692,0.2560410256707754
2021-02-19,0.3891116748879188,0.3589385354770249
2021-02-20,0.3879711154442203,0.42279161601298765
2021-02-21,0.4428182876385683,0.4687031472014877
2021-02-22,0.3257639617461908,0.33248589203007756
2021-02-23,0.1432160770409652,0.10446794393569452
2021-02-24,0.1725591795908115,0.19455493128267087
2021-02-25,0.0797449751515741,0.09652890338940127
2021-02-26,0.0532366679092343,0.04934909240832536
2021-02-27,0.0485838984470617,0.06174391884813171
2021-02-28,0.0160637978022798,0.009100905725386074
2021-03-01,0.1689553892553748,0.1423002370418037
2021-03-02,0.129322084602238,0.12313225665232291
2021-03-03,0.1954325871534029,0.24498089446925939
2021-03-04,0.1245169143072574,0.12406143296347967
2021-03-05,0.1389051608230273,0.1452396057202019
2021-03-06,0.1430098465562023,0.16211474191060257
2021-03-07,0.2154135247813926,0.23136748439305674
2021-03-08,0.2657771064197125,0.23289581811614365
2021-03-09,0.3539906233327601,0.35976053134936475
2021-03-10,0.3877079094187515,0.45551363319334476
2021-03-11,0.4546838809195325,0.4621892346466334
2021-03-12,0.4353475009422259,0.42438185278510604
2021-03-13,0.5724932201120597,0.5428830302887212
2021-03-14,0.4962613448205545,0.4805509413696731
2021-03-15,0.3797278382880026,0.38351406487372797
2021-03-16,0.4237702807967358,0.45924587154864854
2021-03-17,0.4931193010450704,0.49995948795281586
2021-03-18,0.4488783180018534,0.4378101414084477
2021-03-19,0.4634504242379373,0.47484092541711687
2021-03-20,0.4648880953969723,0.48005988180855436
2021-03-21,0.4394976272906876,0.43487499875560615
2021-03-22,0.3248617907611509,0.3641440596338119
2021-03-23,0.333953059707259,0.3478459148013669
2021-03-24,0.2622117658356722,0.2868882349823733
2021-03-25,0.2284133857285536,0.20757351344319783
2021-03-26,0.358420384236833,0.3568394556877833
2021-03-27,0.38667396064938,0.42485221529385714
2021-03-28,0.3837825393443622,0.3961125055478538
2021-03-29,0.4482764046209007,0.4917114628337465
2021-03-30,0.4886640234877981,0.4993882969882102
2021-03-31,0.4890925634442721,0.47324293859807265
2021-04-01,0.4868911404052243,0.48197873360105276
2021-04-02,0.4958737014178389,0.5126626741176499
2021-04-03,0.4290120305416641,0.44028446448113956
2021-04-04,0.4690158509809854,0.4933329190875431
2021-04-05,0.5004792825487521,0.5092096559714868
2021-04-06,0.4617076018700917,0.46766301877750704
2021-04-07,0.3897586793409639,0.413895793820407
2021-04-08,0.4642980664846332,0.5037061218552584
2021-04-09,0.4650806936971495,0.4874234425179019
2021-04-10,0.5237322940205853,0.5250865312383666
2021-04-11,0.5305711066212467,0.5530644756853847
2021-04-12,0.5258631093343411,0.5497414478557625
2021-04-13,0.6556387102478524,0.6529810673002137
2021-04-14,0.6348685040866502,0.6343561924833196
2021-04-15,0.644262826982402,0.6366392839932477
2021-04-16,0.5807641111806443,0.5624442793010793
2021-04-17,0.5332143522581598,0.5543878197402607
2021-04-18,0.4000646108880074,0.39750162506033343
2021-04-19,0.3802556485117183,0.4367839694962998
2021-04-20,0.4087766254680681,0.4513281953017452
2021-04-21,0.3146512845062095,0.37236646642578436
2021-04-22,0.2417491576856425,0.22035516911016362
2021-04-23,0.2228885059960692,0.1791436181023875
2021-04-24,0.1857656205659303,0.17270812706883937
2021-04-25,0.1509853736254226,0.16600443221800534
2021-04-26,0.3237058514168939,0.3216699450600262
2021-04-27,0.3590513097029305,0.3690320421513765
2021-04-28,0.3522163420774084,0.39862678185861594
2021-04-29,0.3069029605134232,0.3090133587943233
2021-04-30,0.4528858307269536,0.5105439253376337
2021-05-01,0.4558635892010164,0.47207272719459764
2021-05-02,0.4132315534821461,0.43879175462661507
2021-05-03,0.4332100443077742,0.48904171574117555
2021-05-04,0.2951055281553893,0.3678321350229888
2021-05-05,0.4441091506559076,0.5105528990936806
2021-05-06,0.4068848976993598,0.4382577289827179
2021-05-07,0.4394759556126279,0.4922148498340622
2021-05-08,0.4943122919679458,0.5082360808612327
2021-05-09,0.4716286863599757,0.4733148409182658
2021-05-10,0.3868934737755346,0.39389548342045333
2021-05-11,0.417566238637311,0.453010552221859
2021-05-12,0.1643767229504392,0.24597691544569145
2021-05-13,0.1712459458090234,0.20821079204877427
2021-05-14,0.1777949871014331,0.20011216276278243
2021-05-15,0.0689937255747199,0.088646334303407
2021-05-16,0.0590464253452474,0.05209934750390275
2021-05-17,-0.0436692891649813,-0.04870735435581007
2021-05-18,-0.0669530604379317,-0.04073269286210477
2021-05-19,-0.2806690127115596,-0.2580454480558367
2021-05-20,-0.1469502150207387,-0.12370824216150202
2021-05-21,-0.2604472398225499,-0.23843375339129505
2021-05-22,-0.2555148358047662,-0.2397172382802386
2021-05-23,-0.3525011878137202,-0.3601697270529991
2021-05-24,-0.2084572337001572,-0.1838382320837284
2021-05-25,-0.2242006591810569,-0.21041206490192857
2021-05-26,-0.1924719243286542,-0.18400792731742988
2021-05-27,-0.2189057788705626,-0.20630379399115673
2021-05-28,-0.3188024275170379,-0.31547297976577554
2021-05-29,-0.3561804794791718,-0.33077096081868185
2021-05-30,-0.3194431401925817,-0.2894839497644961
2021-05-31,-0.2625291190890737,-0.25207042611942004
2021-06-01,-0.2837575763782831,-0.274209820430629
2021-06-02,-0.2525269405780626,-0.25946678700228165
2021-06-03,-0.1947586359071631,-0.1752165512038035
2021-06-04,-0.2775360570591328,-0.27972824068596835
2021-06-05,-0.3237841171252479,-0.3061501805394421
2021-06-06,-0.3146900518335835,-0.2919789227874116
2021-06-07,-0.3921386869851909,-0.3581544476820539
2021-06-08,-0.3982025623236156,-0.38973609664188785
2021-06-09,-0.2590074714043476,-0.23231045310649248
2021-06-10,-0.2838530016703855,-0.28689790697790934
2021-06-11,-0.2608111142880386,-0.27039664813231296
2021-06-12,-0.3236659715255023,-0.3266300739880248
2021-06-13,-0.2021790883834957,-0.19982178535660822
2021-06-14,-0.1494239322083127,-0.14050759852473643
2021-06-15,-0.1621742193145909,-0.16904604825637082
2021-06-16,-0.225666992882042,-0.2262711939236882
2021-06-17,-0.2348638238728934,-0.2286200576439417
2021-06-18,-0.3135813008205859,-0.320302678783596
2021-06-19,-0.3245887655590186,-0.3123715784835335
2021-06-20,-0.321551934285083,-0.3026537641342332
2021-06-21,-0.4596089125630142,-0.44747310883717867
2021-06-22,-0.4286757380213247,-0.4132131649366227
2021-06-23,-0.3887907622681382,-0.37406713057486674
2021-06-24,-0.3548431272169624,-0.3587299863937225
2021-06-25,-0.461662828373977,-0.44546850131241317
2021-06-26,-0.4367232709886151,-0.4335949573870799
2021-06-27,-0.3526070994016578,-0.3665612888077704
2021-06-28,-0.3605312436212846,-0.35856867543104826
2021-06-29,-0.3110953496212039,-0.3114565588983125
2021-06-30,-0.3406324486440055,-0.34654304292041865
2021-07-01,-0.3935281211833831,-0.4032258775284973
2021-07-02,-0.38439001344921,-0.36379359946236406
2021-07-03,-0.353689634675067,-0.33227983755982327
2021-07-04,-0.3325377273454559,-0.3267128160651444
2021-07-05,-0.3879466154533874,-0.37521853448527115
2021-07-06,-0.36925059860843,-0.33233376473091125
2021-07-07,-0.3817247465910426,-0.35931309434221675
2021-07-08,-0.4169160563282985,-0.4235237380593182
2021-07-09,-0.3844018979178236,-0.36569072288744314
2021-07-10,-0.3945061430416327,-0.36302934690382604
2021-07-11,-0.3688437303300161,-0.33176985950152504
2021-07-12,-0.4094183548059784,-0.40941275039441843
2021-07-13,-0.4216887191061893,-0.40842839902815675
2021-07-14,-0.4187864619621416,-0.3960827694387714
2021-07-15,-0.4520993265720807,-0.44202317419065096
2021-07-16,-0.4683775531405863,-0.45631313581877947
2021-07-17,-0.463313371338471,-0.45496331480823604
2021-07-18,-0.4542371327497268,-0.4459564174694
2021-07-19,-0.4877495865237331,-0.4937801900673717
2021-07-20,-0.5245215305865802,-0.5183185637127375
2021-07-21,-0.4425910525949175,-0.39129849243976156
2021-07-22,-0.4369987110258918,-0.4186459100503939
2021-07-23,-0.3902141021561983,-0.397303576159248
2021-07-24,-0.3676811496650635,-0.3425792224216701
2021-07-25,-0.3296728713232211,-0.32176990827103863
2021-07-26,-0.2632739956365827,-0.23716305965771065
2021-07-27,-0.1854247839840623,-0.17957797215034357
2021-07-28,-0.1667829463342547,-0.17113534471912806
2021-07-29,-0.1667651196313347,-0.1854727804587716
2021-07-30,-0.0898198266798269,-0.10802424409374975
2021-07-31,-0.1162840914796579,-0.10412654936606415
2021-08-01,-0.1723494217068863,-0.15890822759472367
2021-08-02,-0.1972449366497396,-0.19410731213197654
2021-08-03,-0.2311237116915962,-0.21628178292877903
2021-08-04,-0.1769703827383583,-0.17046725937787313
2021-08-05,-0.1367861980106678,-0.14142962915488466
2021-08-06,-0.0681359146081661,-0.09712502130979118
2021-08-07,-0.0064142764073161,0.010413784638022979
2021-08-08,-0.0340355291809876,-0.018746980032753
2021-08-09,0.0521219746619299,0.0502929788707623
2021-08-10,0.0279482664157475,0.026119192605997602
2021-08-11,0.0263983918912737,0.029123971055530645
2021-08-12,-0.013140885642539,-0.010034401758874142
2021-08-13,0.1059628119992728,0.088578779805827
2021-08-14,0.0804146999122623,0.08896871905382903
2021-08-15,0.0774054825506935,0.06620145971182943
2021-08-16,0.0393563076550931,0.04438221837079623
2021-08-17,-0.0040908627933832,-0.0035996714204239435
2021-08-18,-0.0030383882347022,0.019720517399560572
2021-08-19,0.0685113559662908,0.05884425187362796
2021-08-20,0.1585173303808049,0.16028696598363867
2021-08-21,0.1421384353722795,0.14353220079532172
2021-08-22,0.1568835654896477,0.15885114710533618
2021-08-23,0.1649702472947234,0.16115288786802037
2021-08-24,0.1009856664525914,0.09721889327721808
2021-08-25,0.1466325122241429,0.15023484145562677
2021-08-26,0.0716827613701143,0.08861014545881565
2021-08-27,0.1498364251450558,0.13743844510471023
2021-08-28,0.1439221542938832,0.1472685599098252
2021-08-29,0.1395654479174637,0.1386747779557712
2021-08-30,0.0766144663015087,0.0944357251196491
2021-08-31,0.0824151356144646,0.10517290322337486
2021-09-01,0.1411646080323642,0.12883034200163773
2021-09-02,0.1565710738737523,0.16591805928034586
2021-09-03,0.1823932278252617,0.2030351957073647
2021-09-04,0.1794493750410668,0.1614903167371723
2021-09-05,0.2440753676451317,0.22436611663039008
2021-09-06,0.2758544367175442,0.27608111135430624
2021-09-07,0.0718257245366703,0.03785358986547117
2021-09-08,0.0444613860109663,0.029481490618281987
2021-09-09,0.0556257956437358,0.06008952468935007
2021-09-10,0.0018048822684802,-0.006223061351040183
2021-09-11,0.0127462833431499,0.01932694924908298
2021-09-12,0.0436319200103853,0.03599669473320159
2021-09-13,0.0054911647978222,0.01130587380334687
2021-09-14,0.0813577674510605,0.06620712021344315
2021-09-15,0.1169915988725707,0.1262706019850477
2021-09-16,0.1035698392896316,0.11766360791898604
2021-09-17,0.0872639988087595,0.11542858423459751
2021-09-18,0.1227244568057909,0.14446908866483793
2021-09-19,0.0856484101637169,0.09972648666460009
2021-09-20,-0.0655744620787694,-0.03055830831963019
2021-09-21,-0.1430286899214891,-0.15819740846660518
2021-09-22,-0.0428300359549537,-0.044170416008997265
2021-09-23,0.0032299698725129,0.016217581597585476
2021-09-24,-0.0682676923924977,-0.07480361327977121
2021-09-25,-0.0726894138030967,-0.07478999443226719
2021-09-26,-0.0559155349847707,-0.05688467547368216
2021-09-27,-0.0913690021179119,-0.05956897745592949
2021-09-28,-0.1308925502079713,-0.11022807744117265
2021-09-29,-0.1140221974679594,-0.08013342167023728
2021-09-30,-0.0339799518130601,0.0013123613768078197
2021-10-01,0.1175473725518476,0.12636562211795418
2021-10-02,0.1002334494979977,0.12493882725061338
2021-10-03,0.1199836886176086,0.1477602401517479
2021-10-04,0.1564361502006702,0.16567591575197127
2021-10-05,0.2342920031738859,0.23741163438283813
2021-10-06,0.3685718176919014,0.36310452136570415
2021-10-07,0.3144401604167232,0.30995678694000195
2021-10-08,0.3197560133188885,0.34389681341378475
2021-10-09,0.3553657262599773,0.3594180135129551
2021-10-10,0.3460049595108989,0.38869253644487084
2021-10-11,0.4438267197547407,0.4963842384509853
2021-10-12,0.3918181878430389,0.4061744237166325
2021-10-13,0.439289649089952,0.46591582105307283
2021-10-14,0.438947446302523,0.4427960251070031
2021-10-15,0.5901510936693111,0.5904336048727784
2021-10-16,0.5619363165513551,0.5685076024358698
2021-10-17,0.5844039044651159,0.572135007048489
2021-10-18,0.6024969592995371,0.6160484777102323
2021-10-19,0.6809977194666308,0.6570451525540371
2021-10-20,0.7417151200696428,0.7266027503081142
2021-10-21,0.611088731020685,0.6086090960425505
2021-10-22,0.5554984299948007,0.5530304430840703
2021-10-23,0.5771526308949279,0.5675278588444628
2021-10-24,0.561439615671951,0.5444786752468919
2021-10-25,0.6392297545245985,0.6394742383637106
2021-10-26,0.5422888431309315,0.5500534841014396
2021-10-27,0.4775793097033778,0.4653628928279453
2021-10-28,0.552580443407,0.5659244794677772
2021-10-29,0.6110376977142861,0.6089108326581114
2021-10-30,0.5973848900797734,0.5974819363981528
2021-10-31,0.5784340562460154,0.5916542033700573
2021-11-01,0.5648448654729042,0.5795500689968527
2021-11-02,0.6452072926939784,0.6454058953350648
2021-11-03,0.6336681727566901,0.6221896282075872
2021-11-04,0.5818847466622553,0.5888220405251278
2021-11-05,0.566895984938311,0.59778640532075
2021-11-06,0.5847261832904577,0.5819876552556476
2021-11-07,0.6467008907641355,0.6379720582582131
2021-11-08,0.7951295147096787,0.8049873770450897
2021-11-09,0.773810875276285,0.7740376121406816
2021-11-10,0.7034415384431644,0.7119976439189768
2021-11-11,0.6997622467777128,0.6908109936279772
2021-11-12,0.6765351015022737,0.6796341498612657
2021-11-13,0.6853876324465289,0.6843249236468082
2021-11-14,0.7238199066833163,0.7165264213122692
2021-11-15,0.6575814713229596,0.6632961671347303
2021-11-16,0.535060988954776,0.5168704265040734
2021-11-17,0.5440337627579441,0.538667150809216
2021-11-18,0.4239684717880251,0.42413117331451583
2021-11-19,0.4661073020594364,0.495952779249375
2021-11-20,0.5232030856240915,0.5236450587679309
2021-11-21,0.4858428603648776,0.4918860562909763
2021-11-22,0.4020304418139526,0.4235990016092584
2021-11-23,0.4461966226135438,0.4948740269637732
2021-11-24,0.4325116570051356,0.4529889286320241
2021-11-25,0.4951463020300556,0.5033993969958815
2021-11-26,0.3141259210848554,0.3632609749355986
2021-11-27,0.3496678226462085,0.34888664239785083
2021-11-28,0.4379757162217749,0.5003616655881096
2021-11-29,0.4557374041077969,0.48564371727941325
2021-11-30,0.425529881237918,0.448380428439213
2021-12-01,0.4343600414177246,0.4845088331544045
2021-12-02,0.40970990579742,0.4449328211925956
2021-12-03,0.3097576797830169,0.37742277106951094
2021-12-04,0.15526448141266,0.11290026577946138
2021-12-05,0.163028185306005,0.1847264312312179
2021-12-06,0.2010350654750693,0.22142717083631183
2021-12-07,0.2038377028086806,0.208613287397025
2021-12-08,0.1996442331040991,0.19533814187485266
2021-12-09,0.0976059333048378,0.1228570816522268
2021-12-10,0.0835294793185744,0.11515221662054995
2021-12-11,0.1606827504708178,0.1702529029335801
2021-12-12,0.185555894649222,0.20591614428022476
2021-12-13,0.067446647395802,0.08215067763932567
2021-12-14,0.125354070258118,0.11704040137115691
2021-12-15,0.1427389505804542,0.16382849314530126
2021-12-16,0.0990764615241572,0.1375265266250762
2021-12-17,0.0476313932420117,0.04080792316579052
2021-12-18,0.0720113319729572,0.06598741147820399
2021-12-19,0.0662616959664003,0.06852578692649458
2021-12-20,0.0738261602388726,0.06286825006447044
2021-12-21,0.1438725191602623,0.14819454823721703
2021-12-22,0.1332984879830266,0.16388507392731355
2021-12-23,0.2107303450612972,0.23650255559977923
2021-12-24,0.2110854809469233,0.19418410049144993
2021-12-25,0.1967986019575624,0.19008667399563423
2021-12-26,0.2093559412204691,0.20857428824044968
2021-12-27,0.2066941697942471,0.1955173745172622
2021-12-28,0.0955974581091618,0.12277426270109625
2021-12-29,0.0583819437324767,0.0674099755426186
2021-12-30,0.081380487758704,0.07231133950657576
2021-12-31,0.0487908280182137,0.05053735857256821
2022-01-01,0.1026218781461102,0.08126450552606622
2022-01-02,0.0875586637217346,0.08978123868328933
2022-01-03,0.0576510489127485,0.05026930658596385
2022-01-04,0.0357609063563246,0.028926394593206575
2022-01-05,-0.0478508744009492,-0.05107486203254948
2022-01-06,-0.0596643857459307,-0.044972054781392885
2022-01-07,-0.1138697966351514,-0.11486029033091048
2022-01-08,-0.1088755234719389,-0.0989124665041686
2022-01-09,-0.1024813298146988,-0.06777741258424057
2022-01-10,-0.1037749891775943,-0.10909287061927359
2022-01-11,-0.0719511785762838,-0.04433957739334569
2022-01-12,-0.0308225281370172,-0.007048736945822564
2022-01-13,-0.077803230738833,-0.06460120605137354
2022-01-14,-0.0598290205905466,-0.051786797401247975
2022-01-15,-0.0598671207987488,-0.036750398927709295
2022-01-16,-0.0594609516067237,-0.045196093263834024
2022-01-17,-0.0900802363597398,-0.08944253954480308
2022-01-18,-0.0848940639827391,-0.06508951512754033
2022-01-19,-0.1092904312438266,-0.07797515418793947
2022-01-20,-0.1434677161737983,-0.11554812299517263
2022-01-21,-0.2912451411479623,-0.285226304606115
2022-01-22,-0.3399497907851201,-0.330709937247778
2022-01-23,-0.297577116116579,-0.2720325712454129
2022-01-24,-0.2830836570992607,-0.27014752511795326
2022-01-25,-0.2735341370251449,-0.2649498680935817
2022-01-26,-0.2786591393431055,-0.257644723092103
2022-01-27,-0.2660588062672737,-0.2521894530938295
2022-01-28,-0.246664402119678,-0.24098804356015444
2022-01-29,-0.2312789088699604,-0.22630468389093844
2022-01-30,-0.2409409818527096,-0.2403449593791955
2022-01-31,-0.2204500607039242,-0.21713097861496836
2022-02-01,-0.2125213724227688,-0.18833490273022394
2022-02-02,-0.2755544966894343,-0.2667337930686015
2022-02-03,-0.2612074962706173,-0.2490357620613309
2022-02-04,-0.11224267306469,-0.09904614274687974
2022-02-05,-0.1182593600718552,-0.09518820922471649
2022-02-06,-0.0835077756732974,-0.06423051686932374
2022-02-07,-0.0328708512568678,-0.02906075824218989
2022-02-08,-0.0252141075810439,-0.006909746609744951
2022-02-09,-0.0132321164163068,-0.00587764827019559
2022-02-10,-0.044384804084151,-0.018514181100527265
2022-02-11,-0.0839772121835294,-0.08890489867796791
2022-02-12,-0.089568854666166,-0.09781571108110447
2022-02-13,-0.0954820768877554,-0.09441852218981531
2022-02-14,-0.0786187150116337,-0.06680620178176502
2022-02-15,-0.0078694247260768,0.015229128748349887
2022-02-16,-0.0316380124098179,-0.03364076717616334
2022-02-17,-0.1487786754712404,-0.15536984746705956
2022-02-18,-0.1680185815268608,-0.16461219646530223
2022-02-19,-0.1640876187613591,-0.16762079559690043
2022-02-20,-0.2238549609616828,-0.21451181604711425
2022-02-21,-0.2713879418108305,-0.24616792835036655
2022-02-22,-0.2283815453306359,-0.21295781191680435
2022-02-23,-0.2632275063917123,-0.23993698732019134
2022-02-24,-0.2253800179193462,-0.22483041604995738
2022-02-25,-0.1944052477375099,-0.17399561665967775
2022-02-26,-0.1980733540207371,-0.18497168546770418
2022-02-27,-0.2477039435801619,-0.22213160794528652
2022-02-28,-0.0563465217436062,-0.05032484526467315
2022-03-01,-0.0130377704001572,0.0019679601117004067
2022-03-02,-0.0302737453216305,-0.01375288889792001
2022-03-03,-0.0813420060400902,-0.08947515614937712
2022-03-04,-0.1973892979890737,-0.1799257010282126
2022-03-05,-0.1885591378092674,-0.17659139605745144
2022-03-06,-0.2227479576646578,-0.20235671745418254
2022-03-07,-0.2366699135589462,-0.2081181652365241
2022-03-08,-0.2115765571679982,-0.2033605500613201
2022-03-09,-0.099221839525858,-0.10063382257385022
2022-03-10,-0.1872868005812372,-0.18998171629557042
2022-03-11,-0.2118383650206889,-0.20772412504715013
2022-03-12,-0.2095838114160752,-0.20456352329028263
2022-03-13,-0.2448604096927925,-0.2456007439669096
2022-03-14,-0.1784482513647624,-0.17020101770684443
2022-03-15,-0.191780527889906,-0.1877406499215066
2022-03-16,-0.1282063107581331,-0.12699368277258138
2022-03-17,-0.1343879821531089,-0.13888521783562555
2022-03-18,-0.1052297879531604,-0.11611880233156992
2022-03-19,-0.0897083224007772,-0.07163813544974114
2022-03-20,-0.1243781136918183,-0.10551936149012822
2022-03-21,-0.1313431113856995,-0.14587568364874087
2022-03-22,-0.084636800191577,-0.07339341453473239
2022-03-23,-0.0663210863422507,-0.07360679537410135
2022-03-24,-0.0277780069128025,-0.01940060786421701
2022-03-25,-0.0164321843620803,0.0023791773155063577
2022-03-26,-0.0090585706738128,-0.006003451982056629
2022-03-27,0.0713304218300443,0.05799544132083443
2022-03-28,0.081347281155225,0.10059175630916777
2022-03-29,0.0924134691503362,0.08197680536440709
2022-03-30,0.0788200838588907,0.06237085461511488
2022-03-31,0.0252085468571488,0.010454664267636879
2022-04-01,0.0523715485028127,0.04159271471469914
2022-04-02,0.0356819095943644,0.04148020405362636
2022-04-03,0.0563741676231898,0.05473080659392629
2022-04-04,0.0631937553481532,0.059653665699159086
2022-04-05,0.0244720593463083,0.02776519957604486
2022-04-06,-0.0567547881947983,-0.04738654497871158
2022-04-07,-0.046672913835438,-0.03312116780551332
2022-04-08,-0.0883674747066224,-0.07142899863629686
2022-04-09,-0.0710570470847175,-0.050857936052078646
2022-04-10,-0.0925483608562015,-0.08487194244405392
2022-04-11,-0.1840259121196184,-0.1735163310654299
2022-04-12,-0.1648027841373342,-0.16356262316821388
2022-04-13,-0.1276229231664896,-0.1405709043843453
2022-04-14,-0.1695226658928537,-0.17740452086904493
2022-04-15,-0.1481285251294446,-0.15461582836045126
2022-04-16,-0.154110607360353,-0.1678034312927827
2022-04-17,-0.1787320804387074,-0.19113346700410624
2022-04-18,-0.1394829237563415,-0.13752896180586024
2022-04-19,-0.115245249105563,-0.1294056470986586
2022-04-20,-0.1197575022035412,-0.09540734974450008
2022-04-21,-0.1506704032399486,-0.1595821159041684
2022-04-22,-0.1777575540124031,-0.18455542822496082
2022-04-23,-0.1871976670666361,-0.18405677203055207
2022-04-24,-0.1864884439249677,-0.17593718361315946
2022-04-25,-0.1525387116146248,-0.15134785953053884
2022-04-26,-0.2336372768033448,-0.2296134140434365
2022-04-27,-0.1939763582378414,-0.180165153666652
2022-04-28,-0.1765792439036973,-0.1832164572022854
2022-04-29,-0.2169700086593453,-0.2217386332467297
2022-04-30,-0.2499700321101946,-0.254446331441478
2022-05-01,-0.2209439652377723,-0.22026151930972998
2022-05-02,-0.2198086489419915,-0.20985213159718985
2022-05-03,-0.2473397195714786,-0.24817409161697937
2022-05-04,-0.179009967278346,-0.17243577426887927
2022-05-05,-0.2885340841313137,-0.28048357599872764
2022-05-06,-0.3073035050471189,-0.3054827694174638
2022-05-07,-0.3262026064880886,-0.31624364858884013
2022-05-08,-0.3763774348013713,-0.36871851553388146
2022-05-09,-0.5146871328089356,-0.5006449413448884
2022-05-10,-0.4819621998521689,-0.4405342767353908
2022-05-11,-0.551727875588364,-0.5289887209686
2022-05-12,-0.555275389469484,-0.5369577009492869
2022-05-13,-0.5437715733948417,-0.5059511632784484
2022-05-14,-0.5156165681631477,-0.5075167757991166
2022-05-15,-0.472070476990624,-0.4650455663025573
2022-05-16,-0.5230202425661437,-0.5182838129723581
2022-05-17,-0.5028372689717249,-0.4718460681760075
2022-05-18,-0.5639590910507892,-0.5424285960299402
2022-05-19,-0.507501223816122,-0.4733783757267287
2022-05-20,-0.546521779249276,-0.5339434615951841
2022-05-21,-0.5379730013410531,-0.5330063114994671
2022-05-22,-0.5081370428869424,-0.49416375737259044
2022-05-23,-0.549684096530042,-0.5313244367715911
2022-05-24,-0.5303064704557829,-0.5152480373172422
2022-05-25,-0.5345632074785714,-0.5288609209739625
2022-05-26,-0.545733209802453,-0.535744672593164
2022-05-27,-0.5664044952396075,-0.5624111639731453
2022-05-28,-0.551856507483945,-0.5320933211522699
2022-05-29,-0.5365220475406265,-0.5327356089279509
2022-05-30,-0.4573791765252109,-0.46009842508262205
2022-05-31,-0.4550809300212829,-0.4303086797876149
2022-06-01,-0.524730207873705,-0.527843195611129
2022-06-02,-0.5020081525143382,-0.47231032919630567
2022-06-03,-0.5285500159033513,-0.5102773792625481
2022-06-04,-0.5227762614163731,-0.5010706915548901
2022-06-05,-0.520943955990732,-0.49040826876605975
2022-06-06,-0.4700546613878633,-0.45722342755870593
2022-06-07,-0.4785146553246797,-0.48620616877520273
2022-06-08,-0.5107593159321846,-0.5128504962108338
2022-06-09,-0.5144760087194494,-0.490672383143658
2022-06-10,-0.5499742173814883,-0.5412206969360074
2022-06-11,-0.5736694009943814,-0.5659127205822437
2022-06-12,-0.6366619782504834,-0.6444351333752496
2022-06-13,-0.780525568075677,-0.7637346010300257
2022-06-14,-0.792872132792292,-0.7693191675599035
2022-06-15,-0.7772000141230732,-0.7865594609875842
2022-06-16,-0.8538855964810571,-0.8564315979922607
2022-06-17,-0.8518089603624509,-0.83716917098094
2022-06-18,-0.9034717940547784,-0.9132329363156018
2022-06-19,-0.8475717977585551,-0.8400224513812794
2022-06-20,-0.8476616303595451,-0.8386312688138378
2022-06-21,-0.8424779047849061,-0.8470051538502663
2022-06-22,-0.8684507118532507,-0.8653902204566717
2022-06-23,-0.828524140459917,-0.8344793977872657
2022-06-24,-0.824292920090328,-0.8360309192286771
2022-06-25,-0.815389006296479,-0.8087537113088213
2022-06-26,-0.8308506999626005,-0.8148834808619292
2022-06-27,-0.8418155204313025,-0.8403891554636973
2022-06-28,-0.8581112241595339,-0.8676521646156679
2022-06-29,-0.863627015768961,-0.8561192080298341
2022-06-30,-0.8701169842614978,-0.8688966284016778
2022-07-01,-0.8931574734710664,-0.8906664367788838
2022-07-02,-0.8939848422124806,-0.875453986867192
2022-07-03,-0.8915887236140888,-0.8869318185142857
2022-07-04,-0.8594796857660552,-0.8565939313460081
2022-07-05,-0.8613714135347637,-0.8708729877635021
2022-07-06,-0.8478668122147246,-0.8464514899129864
2022-07-07,-0.8105789423967753,-0.81550840889242
2022-07-08,-0.8112483176142691,-0.7963710880725012
2022-07-09,-0.8116146388821196,-0.8059648163660137
2022-07-10,-0.8373284344433295,-0.8303251936251337
2022-07-11,-0.8688670177979166,-0.8753043544729525
2022-07-12,-0.8910469316625925,-0.9109059984619639
2022-07-13,-0.8588505080159303,-0.8450549346410442
2022-07-14,-0.8467363895236671,-0.8312939990217754
2022-07-15,-0.8380016546359629,-0.826822758498481
2022-07-16,-0.8250077359231086,-0.819799893484709
2022-07-17,-0.8392061804842573,-0.829280704350852
2022-07-18,-0.7813714626064003,-0.7722650788706257
2022-07-19,-0.748076774242576,-0.7419745508992512
2022-07-20,-0.7542685823901927,-0.7419978398124731
2022-07-21,-0.7566884699258114,-0.7710708719064092
2022-07-22,-0.7730198270598831,-0.7841802594229518
2022-07-23,-0.7812054295890063,-0.7856551854827717
2022-07-24,-0.7765474169789159,-0.7793598080968117
2022-07-25,-0.821282304555981,-0.8159524672244926
2022-07-26,-0.8229429842731157,-0.8239391889606004
2022-07-27,-0.763446887591735,-0.7612144183598368
2022-07-28,-0.732146692695806,-0.7068810030161384
2022-07-29,-0.7351702413283501,-0.7237098029945596
2022-07-30,-0.7394738171392035,-0.7181121323324857
2022-07-31,-0.7512845321386288,-0.7260923724292392
2022-08-01,-0.7525628116009656,-0.7493868982903414
2022-08-02,-0.7623528173929068,-0.7533545082542328
2022-08-03,-0.7681636234585035,-0.7611143966015314
2022-08-04,-0.7752334841107387,-0.7655467223550313
2022-08-05,-0.7508972382791075,-0.7574726218581184
2022-08-06,-0.7635793644624556,-0.7551231391241237
2022-08-07,-0.7557684722378512,-0.7452065130673565
2022-08-08,-0.7334725100325967,-0.7156052871471407
2022-08-09,-0.7565794124491232,-0.7663797752344065
2022-08-10,-0.7285107443864741,-0.7095221137352118
2022-08-11,-0.7290808493367259,-0.7234516647082613
2022-08-12,-0.7126939148347267,-0.7080890771752595
2022-08-13,-0.7113764865346042,-0.7101335644319883
2022-08-14,-0.716135517127909,-0.7138062057304657
2022-08-15,-0.7235465319379897,-0.7208516364785056
2022-08-16,-0.7320421792806465,-0.7268614535457104
2022-08-17,-0.7502397475302272,-0.7478024129828554
2022-08-18,-0.755011711221729,-0.7542586134878323
2022-08-19,-0.8377863360281425,-0.843487977850623
2022-08-20,-0.8269983844158644,-0.8217985719207257
2022-08-21,-0.8139698609267532,-0.8202979337987539
2022-08-22,-0.8179941517251901,-0.8056458240618424
2022-08-23,-0.8137660772443517,-0.8209401282740325
2022-08-24,-0.8190641034435967,-0.8114650439457546
2022-08-25,-0.8121983760169574,-0.8272241301395894
2022-08-26,-0.8582499928077557,-0.8638565277970792
2022-08-27,-0.8655753695351807,-0.8624032590616401
2022-08-28,-0.8825051446182598,-0.8728966443379882
2022-08-29,-0.8566987201105037,-0.8324283725593425
2022-08-30,-0.8734369455229894,-0.8637097879875707
2022-08-31,-0.8651608113064873,-0.8424365486318617
2022-09-01,-0.8623766997621852,-0.8591204894331723
2022-09-02,-0.868405970324353,-0.8639473594627911
2022-09-03,-0.8726931176050642,-0.8669606973861954
2022-09-04,-0.8667973725432007,-0.8667615474575125
2022-09-05,-0.8741437218622963,-0.8728368101061545
2022-09-06,-0.9091448801017368,-0.9035895329591273
2022-09-07,-0.8918225680112185,-0.8740016587253985
2022-09-08,-0.8906253825700089,-0.8954241319969897
2022-09-09,-0.8190403345063697,-0.8308924250194045
2022-09-10,-0.809064371734947,-0.812623484998436
2022-09-11,-0.8027264545320237,-0.7998284740400049
2022-09-12,-0.7830097715590862,-0.7737574359656022
2022-09-13,-0.8608443023974368,-0.8637868531380156
2022-09-14,-0.858750189119105,-0.8535350108428837
2022-09-15,-0.8773993671759973,-0.8696438759206048
2022-09-16,-0.873768662014583,-0.883185328012388
2022-09-17,-0.8627814707814322,-0.8410162628212239
2022-09-18,-0.8872715156186494,-0.8909282227260915
2022-09-19,-0.8829525599072374,-0.889539255745864
2022-09-20,-0.9060688999900156,-0.9002423766662048
2022-09-21,-0.9204665841720372,-0.91208356994673
2022-09-22,-0.8876825784153975,-0.8879817916189432
2022-09-23,-0.891696382917999,-0.8826255274174567
2022-09-24,-0.9045155300335964,-0.8962395056322812
2022-09-25,-0.9085160518948064,-0.8885459604806688
2022-09-26,-0.8937995843193883,-0.8684686437290895
2022-09-27,-0.899027352336536,-0.8704909823416671
2022-09-28,-0.8874480349318788,-0.8708948359769804
2022-09-29,-0.8811286435182647,-0.8831042027231162
2022-09-30,-0.886995026951789,-0.8789326149718752
2022-10-01,-0.8908983758049241,-0.8899514355956945
2022-10-02,-0.8998400402637805,-0.8967661602081672
2022-10-03,-0.8797692700348007,-0.8727570045915383
2022-10-04,-0.8548737550919474,-0.833394630312082
2022-10-05,-0.8612997571798883,-0.8506675975815312
2022-10-06,-0.8681375211509664,-0.8508712140702909
2022-10-07,-0.8832486229929906,-0.9009937204701193
2022-10-08,-0.8872155887075271,-0.8870046301170347
2022-10-09,-0.8864084934713949,-0.8893289320944112
2022-10-10,-0.8972810345367452,-0.9080240582295047
2022-10-11,-0.8998351466590573,-0.8877896156195999
2022-10-12,-0.8964599575728326,-0.8968414634555207
2022-10-13,-0.8886280927565573,-0.9037748060463714
2022-10-14,-0.8955105982565332,-0.8963105676971903
2022-10-15,-0.899435618787728,-0.8901248883565525
2022-10-16,-0.8926356054816575,-0.8868470564408577
2022-10-17,-0.8826306306250902,-0.8902653553407318
2022-10-18,-0.8903275717682831,-0.8959512510864451
2022-10-19,-0.8975421433030472,-0.8973062220675844
2022-10-20,-0.9003507228709651,-0.8898731383035856
2022-10-21,-0.896056235183169,-0.8867782078410757
2022-10-22,-0.894617165851356,-0.888068785810393
2022-10-23,-0.8818577906220204,-0.8860843171334534
2022-10-24,-0.8903006569423055,-0.8977921938732187
2022-10-25,-0.8638709969187315,-0.8589528076902108
2022-10-26,-0.839767197311452,-0.8329295042015371
2022-10-27,-0.8565970030409003,-0.856373343117443
2022-10-28,-0.8459495677928167,-0.8411134784803259
2022-10-29,-0.8382491312176787,-0.8255281385677188
2022-10-30,-0.8448743729264924,-0.8419075650160102
2022-10-31,-0.8497012148995328,-0.849004565182095
2022-11-01,-0.8501308034855902,-0.8465132867031584
2022-11-02,-0.8616636316453771,-0.8525005286655617
2022-11-03,-0.8596481655858107,-0.8483145496708829
2022-11-04,-0.8266998745277497,-0.8249705249601543
2022-11-05,-0.8214228209201755,-0.8377924753194393
2022-11-06,-0.8350892607392744,-0.8269667439045546
2022-11-07,-0.8461648864006373,-0.8300014646379968
2022-11-08,-0.9177873355860892,-0.9336150876124091
2022-11-09,-1.013026670708863,-0.9771206339793499
2022-11-10,-0.952218388875278,-0.9183990432016625
2022-11-11,-0.9715114254964644,-0.9919519041656473
2022-11-12,-0.9796844444705852,-0.977295719016155
2022-11-13,-0.9959881876922902,-0.9823087100726913
2022-11-14,-0.9860412370060124,-0.9705910303053898
2022-11-15,-0.9760058518915224,-0.9667607128008655
2022-11-16,-0.9840834455735408,-0.9726458233766323
2022-11-17,-0.9829593146599848,-0.9733453776329614
2022-11-18,-0.9830383114219446,-0.9633617409098684
2022-11-19,-0.9828366249987104,-0.9630295844913042
2022-11-20,-0.997871176881136,-0.9816085446052566
2022-11-21,-1.0151179876416392,-0.9879018264147472
2022-11-22,-0.9998058984627696,-0.9577188411329532
2022-11-23,-0.9860782885846308,-0.9546175871997203
2022-11-24,-0.9861663734696484,-0.9700956678885861
2022-11-25,-0.988967263087287,-0.9685990133483275
2022-11-26,-0.9909526684321251,-0.9699197585906387
2022-11-27,-0.9920243678665044,-0.9678809720920178
2022-11-28,-0.9994996986243756,-0.9877346638851159
2022-11-29,-0.9916426666980952,-0.9703187685332036
2022-11-30,-0.9661064390796984,-0.9516704417262163
2022-12-01,-0.9725278971061104,-0.9760929368368807
2022-12-02,-0.9684784391976686,-0.9660542905946434
2022-12-03,-0.9756853207821532,-0.9725082920923845
2022-12-04,-0.9678747781007436,-0.9663936458021549
2022-12-05,-0.9729403580756368,-0.9681071229674972
2022-12-06,-0.968757025123696,-0.9661775550004734
2022-12-07,-0.9774491157416698,-0.9756981217177879
2022-12-08,-0.9638808975602292,-0.9596713366672749
2022-12-09,-0.9673473174202224,-0.9731472382323575
2022-12-10,-0.967265524312706,-0.9648799373641045
2022-12-11,-0.9684665547290552,-0.9653292041524937
2022-12-12,-0.9644877045459052,-0.9669671871986246
2022-12-13,-0.9446804898855888,-0.9397608448383464
2022-12-14,-0.9437699298638804,-0.9353730501063299
2022-12-15,-0.9592253317525006,-0.9607937425357383
2022-12-16,-0.9837202701944412,-0.9819459531836299
2022-12-17,-0.9794519982462336,-0.9667063674976012
2022-12-18,-0.98077362106469,-0.9752076868570444
2022-12-19,-0.99125816918413,-0.9772052123433274
2022-12-20,-0.9752375559499812,-0.9664343291534793
2022-12-21,-0.9780335519628968,-0.9806009259377181
2022-12-22,-0.978212518078488,-0.9761948840863746
2022-12-23,-0.979437317432064,-0.9746484559791431
2022-12-24,-0.9774732342220912,-0.974852196523233
2022-12-25,-0.9777549660368692,-0.9740001873051942
2022-12-26,-0.9747149888741832,-0.9743214602128117
2022-12-27,-0.982248693345538,-0.9718648699854849
2022-12-28,-0.9878438312601198,-0.9705084954472822
2022-12-29,-0.9846710276835184,-0.9704381127990132
2022-12-30,-0.9857815264124886,-0.9717412105773086
2022-12-31,-0.9881640128262944,-0.9724735234166891
2023-01-01,-0.9852781842123888,-0.9691341416098573
2023-01-02,-0.983313401916027,-0.9710272127181098
2023-01-03,-0.9833106055704708,-0.9685531464034642
2023-01-04,-0.9771355754961908,-0.971527740980256
2023-01-05,-0.9778678684886972,-0.9707619990037741
2023-01-06,-0.9736632134018912,-0.9712601157149364
2023-01-07,-0.9737831067176096,-0.973373634018699
2023-01-08,-0.9677332131069654,-0.9670676849625582
2023-01-09,-0.9655234010312496,-0.9732743466592302
2023-01-10,-0.9563160837445626,-0.9648727608544792
2023-01-11,-0.9389941211972388,-0.9443114401968057
2023-01-12,-0.9071507361770356,-0.8972154622648719
2023-01-13,-0.8692934604952234,-0.8571793334401596
2023-01-14,-0.8335537174857753,-0.8260204681921496
2023-01-15,-0.8361955649499104,-0.8284126552551849
2023-01-16,-0.825360425006373,-0.8204545381813959
2023-01-17,-0.8272060130734056,-0.815701806377771
2023-01-18,-0.8432028573703276,-0.84319287871166
2023-01-19,-0.8290879536326676,-0.8066805695845155
2023-01-20,-0.773373564772731,-0.7698948267239738
2023-01-21,-0.7693985595647207,-0.7700090826391021
2023-01-22,-0.7720176867212122,-0.7795006831620457
2023-01-23,-0.7649401361186976,-0.7689753115581534
2023-01-24,-0.7747158106396639,-0.77251527984285
2023-01-25,-0.7597385838411385,-0.7479008644618982
2023-01-26,-0.7617355241113956,-0.7533153263759175
2023-01-27,-0.7593376577970312,-0.7615423718927935
2023-01-28,-0.7609710731449939,-0.7398127413526979
2023-01-29,-0.7359353913811407,-0.7332748456089765
2023-01-30,-0.767880843014142,-0.7835562769255859
2023-01-31,-0.7575217809015322,-0.7435008826723533
2023-02-01,-0.7365205266887568,-0.729761575505793
2023-02-02,-0.7455988625366681,-0.7295701159295956
2023-02-03,-0.7467729781270398,-0.742633661970507
2023-02-04,-0.7504470266445739,-0.7436929105603926
2023-02-05,-0.7641250013890916,-0.7624466811426164
2023-02-06,-0.7703940585826958,-0.7646166116025607
2023-02-07,-0.7532196032634569,-0.7456050390388235
2023-02-08,-0.7634140305314506,-0.7580299799106326
2023-02-09,-0.8037366343641685,-0.8052962990031954
2023-02-10,-0.8097728957902265,-0.7995954247279521
2023-02-11,-0.8018267303493454,-0.7903086556926059
2023-02-12,-0.804345189065817,-0.7991261408413584
2023-02-13,-0.8044280308029167,-0.7975743824761563
2023-02-14,-0.7897196027209723,-0.7808471573894399
2023-02-15,-0.7154888622180586,-0.7013738878002233
2023-02-16,-0.7434170139165132,-0.7320854430680704
2023-02-17,-0.7068876528306586,-0.6847766732869027
2023-02-18,-0.7047907432067705,-0.6968075802602969
2023-02-19,-0.717050621211146,-0.7055622902174798
2023-02-20,-0.6978061710939967,-0.6946129140361647
2023-02-21,-0.7113541157701554,-0.7055034769729068
2023-02-22,-0.720567375291149,-0.7225715615368284
2023-02-23,-0.7291598460986861,-0.7283556774441136
2023-02-24,-0.7554217253888936,-0.7566731239155272
2023-02-25,-0.7561592615293176,-0.7532494120024379
2023-02-26,-0.7425756634473185,-0.7445468104590665
2023-02-27,-0.7448277702495707,-0.7520977531923012
2023-02-28,-0.7572585748760634,-0.7614911157406915
2023-03-01,-0.7395867195910314,-0.741568851701337
2023-03-02,-0.7457236494571094,-0.737984098942971
2023-03-03,-0.7843939626093608,-0.7978977497249303
2023-03-04,-0.7846627613259418,-0.7565143062038177
2023-03-05,-0.7818363550551036,-0.7671539252127921
2023-03-06,-0.7826507906983207,-0.7692066280763762
2023-03-07,-0.7899684774754662,-0.7772560579435693
2023-03-08,-0.8073302879469644,-0.7902280377668732
2023-03-09,-0.8539684382181568,-0.8475805429273272
2023-03-10,-0.8596929071147086,-0.8410158508515233
2023-03-11,-0.8454703440731384,-0.8326945904892221
2023-03-12,-0.7905882175593391,-0.7807129429037638
2023-03-13,-0.7198619971246202,-0.7012184237294989
2023-03-14,-0.7006210424394159,-0.6888708332566157
2023-03-15,-0.7140941848719486,-0.7147561042525492
2023-03-16,-0.6904049434933623,-0.6991000836888406
2023-03-17,-0.6068088921798416,-0.6203704733588977
2023-03-18,-0.6231657659671128,-0.6402574106216905
2023-03-19,-0.5858754493468017,-0.6046529590986971
2023-03-20,-0.5940281948156406,-0.6221148611261007
2023-03-21,-0.5807085018454994,-0.6210512878838245
2023-03-22,-0.6111862216047373,-0.6216902295535268
2023-03-23,-0.5752000506431572,-0.585132448782652
2023-03-24,-0.6050052492961506,-0.656447034066952
2023-03-25,-0.6050115410736517,-0.6314943734917318
2023-03-26,-0.5874529377836424,-0.6185836239164729
2023-03-27,-0.617134398145778,-0.6505778749523152
2023-03-28,-0.6129374330092512,-0.6294315395423093
2023-03-29,-0.5748505074486434,-0.6083696959913949
2023-03-30,-0.5858607685326322,-0.6063474447835717
2023-03-31,-0.5706937397794858,-0.6002595000491637
2023-04-01,-0.5709080097577227,-0.5597130846973208
2023-04-02,-0.5807175899685568,-0.596259539442613
2023-04-03,-0.5939586357199323,-0.6218450963295556
2023-04-04,-0.5810888048411305,-0.6101823590002912
2023-04-05,-0.580989884117083,-0.5931051151501339
2023-04-06,-0.5857635955245573,-0.6106415818616086
2023-04-07,-0.5898074607418871,-0.6017366613244712
2023-04-08,-0.5888941043746225,-0.6026927622586152
2023-04-09,-0.575375521326803,-0.5937824146295447
2023-04-10,-0.5294081444458826,-0.5328360088583209
2023-04-11,-0.5094597143349825,-0.5092846530423054
2023-04-12,-0.5206762059037344,-0.5117482738475435
2023-04-13,-0.5031221466752537,-0.4930915371273512
2023-04-14,-0.5001877315573107,-0.4995229857386759
2023-04-15,-0.5061355585551567,-0.5082085892661388
2023-04-16,-0.5061068960132066,-0.5057367968011206
2023-04-17,-0.5367279284821951,-0.5381455153020166
2023-04-18,-0.5035496380021439,-0.5029751096257792
2023-04-19,-0.5585544541772176,-0.5369485952970446
2023-04-20,-0.5786112426784169,-0.5923216416583683
2023-04-21,-0.6131090587177576,-0.6462586935258315
2023-04-22,-0.5935500197255458,-0.5996368928166923
2023-04-23,-0.6013755927643198,-0.6145444405649206
2023-04-24,-0.6040293246970682,-0.621422397281889
2023-04-25,-0.5765153816841124,-0.6019048379467843
2023-04-26,-0.5721523835301917,-0.5708064347600399
2023-04-27,-0.5354136460708234,-0.5104545504026821
2023-04-28,-0.5404453203558488,-0.566315637049425
2023-04-29,-0.5435489143799366,-0.5449581482342568
2023-04-30,-0.5440519070368418,-0.5413630720584939
2023-05-01,-0.5842507725787018,-0.6011454321020756
2023-05-02,-0.563000993154627,-0.5716485702271201
2023-05-03,-0.5508735920209723,-0.5492888273629318
2023-05-04,-0.5570231054420528,-0.5581672030882046
2023-05-05,-0.5331566456638481,-0.50899330731418
2023-05-06,-0.5542875804017882,-0.5447225534849185
2023-05-07,-0.5672615751525552,-0.5571673467383651
2023-05-08,-0.5948541653842767,-0.59756135503708
2023-05-09,-0.5984618006948531,-0.6018991130120345
2023-05-10,-0.60026124906021,-0.6093747887202499
2023-05-11,-0.6225309955258759,-0.6196645582952762
2023-05-12,-0.6289811160942381,-0.6110740731201894
2023-05-13,-0.6296176342514477,-0.5945617016658795
2023-05-14,-0.6246345464704597,-0.58284581276509
2023-05-15,-0.6160766804391793,-0.594785356631072
2023-05-16,-0.6209597988665365,-0.599885379764953
2023-05-17,-0.60803928422453,-0.591939428835655
2023-05-18,-0.6284141570327367,-0.6135805785222562
2023-05-19,-0.6261382812932579,-0.5886350730612988
2023-05-20,-0.6180945933011072,-0.581814624468733
2023-05-21,-0.6307959443601536,-0.5950831628454765
2023-05-22,-0.6272924729215421,-0.6029557771859122
2023-05-23,-0.6143838427481492,-0.5989206421330049
2023-05-24,-0.6457913474047937,-0.6370802366863597
2023-05-25,-0.6404069840365039,-0.6234222896442472
2023-05-26,-0.6320357740710938,-0.6025159158066433
2023-05-27,-0.626691608170173,-0.5984047521394266
2023-05-28,-0.5845723523176545,-0.585212369909642
2023-05-29,-0.5961597092157855,-0.6070908146826589
2023-05-30,-0.5976456173356635,-0.615768900961892
2023-05-31,-0.614542185815264,-0.620440733969346
2023-06-01,-0.6283295675796645,-0.6204231306890601
2023-06-02,-0.6134596505418548,-0.6021641193873855
2023-06-03,-0.6195011551158306,-0.6016797343542912
2023-06-04,-0.617860399360783,-0.5913470776727275
2023-06-05,-0.6662644418506589,-0.6471165040612026
2023-06-06,-0.6128346673100642,-0.6037985770610172
2023-06-07,-0.6449964861804695,-0.6402584096424877
2023-06-08,-0.6393975032907481,-0.6080323414969263
2023-06-09,-0.6402811484864788,-0.6122554408674193
2023-06-10,-0.6622195280037457,-0.6368095156999253
2023-06-11,-0.6593742464004037,-0.6384124359102284
2023-06-12,-0.6604906873636807,-0.639466528307382
2023-06-13,-0.6596762517204636,-0.6360718565681017
2023-06-14,-0.687751910647003,-0.662317319526543
2023-06-15,-0.6720703543115324,-0.6398034222209462
2023-06-16,-0.6456368493128186,-0.629299005522017
2023-06-17,-0.6393506645026832,-0.6231589670723916
2023-06-18,-0.6453778378056839,-0.6067961278234699
2023-06-19,-0.62775771491344,-0.6142188999018358
2023-06-20,-0.5761210969607009,-0.5893905903701534
2023-06-21,-0.5173558950990482,-0.5079708677719049
2023-06-22,-0.5211218734767394,-0.5040680727637346
2023-06-23,-0.4927186925769407,-0.4770928341527715
2023-06-24,-0.4982131620515024,-0.5038550352026169
2023-06-25,-0.500819356109797,-0.5032707482061223
2023-06-26,-0.507870690972723,-0.5030322177530238
2023-06-27,-0.4930123088603321,-0.48736388217063265
2023-06-28,-0.514617224170033,-0.5158930324347324
2023-06-29,-0.501744596945675,-0.4923889981062502
2023-06-30,-0.5009095382539814,-0.5018667731906143
2023-07-01,-0.4967255062156519,-0.49985026017938944
2023-07-02,-0.4957852350224098,-0.5002506760091449
2023-07-03,-0.4768197203744824,-0.4878710196124747
2023-07-04,-0.4903068445347958,-0.49964606335369294
2023-07-05,-0.499790650488343,-0.4995830817911532
2023-07-06,-0.5205916164506621,-0.5209760878698828
2023-07-07,-0.505151944005795,-0.484163895566117
2023-07-08,-0.5070859665010395,-0.5078564349675391
2023-07-09,-0.5113808037320301,-0.49638115650313147
2023-07-10,-0.5026579533129393,-0.4905777065949324
2023-07-11,-0.4954720443201256,-0.49160282735479066
2023-07-12,-0.5039100170356876,-0.5061027487342168
2023-07-13,-0.4657902344147955,-0.4571434496795304
2023-07-14,-0.5058020943475906,-0.5074427291252185
2023-07-15,-0.5069430033344834,-0.4874801712832193
2023-07-16,-0.5087005065164987,-0.48761708544706917
2023-07-17,-0.5122130660781673,-0.5016977798834589
2023-07-18,-0.5221362478272183,-0.5051513950169132
2023-07-19,-0.5202204015780886,-0.494180791411288
2023-07-20,-0.5240300728550938,-0.4924417190871739
2023-07-21,-0.5204699754189713,-0.4978495597056224
2023-07-22,-0.5246592506052187,-0.5001317754848922
2023-07-23,-0.5143802338841527,-0.49030736725901325
2023-07-24,-0.546001309432645,-0.5316826843647572
2023-07-25,-0.5444077420088568,-0.526421492176893
2023-07-26,-0.5400234217200708,-0.5132785111776356
2023-07-27,-0.5447426043892011,-0.5387024440576624
2023-07-28,-0.5412552119375373,-0.5252070442067085
2023-07-29,-0.5397892277797467,-0.52502308580221
2023-07-30,-0.5424254825527693,-0.5281858128300281
2023-07-31,-0.5442385631027121,-0.5376075385845651
2023-08-01,-0.5278705039332164,-0.5135820045765559
2023-08-02,-0.5466077668751265,-0.5427662033640108
2023-08-03,-0.5461163091436401,-0.5363233220472043
2023-08-04,-0.5495851758059946,-0.5409224094423273
2023-08-05,-0.5505698389849398,-0.5355866441135303
2023-08-06,-0.5507159480402466,-0.5357466071022889
2023-08-07,-0.5459621605948595,-0.538780585069635
2023-08-08,-0.5253967867456427,-0.5121778957500803
2023-08-09,-0.5325288660865013,-0.5053291469877816
2023-08-10,-0.5373654952689882,-0.5211172011867152
2023-08-11,-0.538223274268325,-0.5338317681311555
2023-08-12,-0.5377506918693423,-0.5269095983589955
2023-08-13,-0.5424880507845873,-0.5308425602951856
2023-08-14,-0.5380254328202302,-0.5088399943537961
2023-08-15,-0.546344211306463,-0.5359125909091872
2023-08-16,-0.562717863167071,-0.5516614336516911
2023-08-17,-0.6351827114513012,-0.627733396503382
2023-08-18,-0.6554555176467101,-0.6274564354139168
2023-08-19,-0.6538437739768072,-0.5965026863121017
2023-08-20,-0.6505157732218416,-0.5968540018087561
2023-08-21,-0.6527818617518742,-0.6153474955575636
2023-08-22,-0.6556890125006453,-0.6251307783010063
2023-08-23,-0.6421830130078281,-0.6116788995897554
2023-08-24,-0.6513822908010412,-0.5982955843082819
2023-08-25,-0.6553995907355877,-0.6093368768178916
2023-08-26,-0.6568306205739272,-0.6021025863309992
2023-08-27,-0.6540003693279492,-0.6000961746044908
2023-08-28,-0.6534872399184031,-0.6030578702500708
2023-08-29,-0.5969168197751022,-0.5906081575480008
2023-08-30,-0.6115626796252287,-0.6122119498909813
2023-08-31,-0.6593843831530446,-0.647781264287255
2023-09-01,-0.6642255563970602,-0.6299827982951312
2023-09-02,-0.6617867935289377,-0.6088621274773215
2023-09-03,-0.6581931399461418,-0.622214186363918
2023-09-04,-0.6636156035226336,-0.6216540180595507
2023-09-05,-0.6647072269191001,-0.6286732715239257
2023-09-06,-0.6658712057568309,-0.6367543681204334
2023-09-07,-0.6479382417054972,-0.6198605341901047
2023-09-08,-0.6604386054276981,-0.6364657525571548
2023-09-09,-0.6607434070933141,-0.6184677188569119
2023-09-10,-0.6630063497345963,-0.624068231343261
2023-09-11,-0.6866564422753969,-0.675311359901722
2023-09-12,-0.6627732044238555,-0.643157192098667
2023-09-13,-0.6492406396482554,-0.6340157907747644
2023-09-14,-0.6385386756618278,-0.6349143941988536
2023-09-15,-0.6360279068956354,-0.6086940414937666
2023-09-16,-0.6372988459508875,-0.6084305259653837
2023-09-17,-0.6385575509943315,-0.6081962062437205
2023-09-18,-0.6303537722190937,-0.6231743710260208
2023-09-19,-0.6145823832826329,-0.6112157710781871
2023-09-20,-0.6178198523502193,-0.6090027400962214
2023-09-21,-0.6373568701211767,-0.6234678063179238
2023-09-22,-0.6368084368489847,-0.610832620771391
2023-09-23,-0.6367297896302191,-0.6087607000259614
2023-09-24,-0.6480539405028812,-0.6097980821384728
2023-09-25,-0.6467784573861005,-0.6272530787420726
2023-09-26,-0.6497614590080809,-0.6225293080239983
2023-09-27,-0.6446018519138633,-0.6294218709720334
2023-09-28,-0.6212873208397959,-0.6015108865893698
2023-09-29,-0.6254049396711678,-0.6115629669699107
2023-09-30,-0.623486996162871,-0.6072982502499868
2023-10-01,-0.5874756580912858,-0.5876556670197384
2023-10-02,-0.6045085484167465,-0.6230314516970324
2023-10-03,-0.6072545597528466,-0.6185350594838696
2023-10-04,-0.5946311568261768,-0.6026477566061856
2023-10-05,-0.6077463670275275,-0.6231153911165082
2023-10-06,-0.5891499699930066,-0.6045685055521364
2023-10-07,-0.5882034070222634,-0.5985654990303556
2023-10-08,-0.5896057743186526,-0.5950069070672398
2023-10-09,-0.6013084804709731,-0.608004110508581
2023-10-10,-0.6084171404177993,-0.6115547851884447
2023-10-11,-0.626739845131016,-0.6264659001803149
2023-10-12,-0.6307588927815351,-0.6099536074716877
2023-10-13,-0.6270303155256568,-0.6040121520735884
2023-10-14,-0.6273232327226593,-0.6073602844940974
2023-10-15,-0.6160368325150047,-0.598375388240651
2023-10-16,-0.5691644883034882,-0.5471912889225597
2023-10-17,-0.5729713632349375,-0.5853732731852227
2023-10-18,-0.5758162952950849,-0.5701908878053182
2023-10-19,-0.5616349783504674,-0.5744278280010349
2023-10-20,-0.5284077518231842,-0.5208945185479174
2023-10-21,-0.5200288519074949,-0.5284500673125532
2023-10-22,-0.5173247857547366,-0.5137981398969231
2023-10-23,-0.409573202441148,-0.3944193574886301
2023-10-24,-0.3802311485208854,-0.3683720959781032
2023-10-25,-0.3599618377574216,-0.35212281262534817
2023-10-26,-0.3720679167562111,-0.37109184274214285
2023-10-27,-0.3807841258546062,-0.3752459239877398
2023-10-28,-0.3744102057026476,-0.3621783005484318
2023-10-29,-0.3588439986213668,-0.3571952488288002
2023-10-30,-0.3602708339413719,-0.3742826533775233
2023-10-31,-0.3545673376364908,-0.354011139309931
2023-11-01,-0.3272320111959315,-0.3324859786721091
2023-11-02,-0.3444508585008737,-0.36072038738546147
2023-11-03,-0.3519614931213908,-0.3689267938916226
2023-11-04,-0.3395943053562997,-0.3521566292097303
2023-11-05,-0.3412238757291227,-0.34383686268898433
2023-11-06,-0.3406953664190181,-0.3483543600389819
2023-11-07,-0.3278580430573058,-0.33299441863557205
2023-11-08,-0.3202911319824719,-0.31564226590276345
2023-11-09,-0.2830364687680013,-0.2826480457285464
2023-11-10,-0.2614567205683055,-0.25907707748550174
2023-11-11,-0.2677236805027427,-0.2551680183159677
2023-11-12,-0.2699069272956755,-0.25552174349520884
2023-11-13,-0.2907833945880096,-0.2752366307100862
2023-11-14,-0.3233363522930758,-0.33734738083125637
2023-11-15,-0.2417886240994055,-0.24953934092466337
2023-11-16,-0.3019719227012006,-0.30138527695794054
2023-11-17,-0.2857566139077074,-0.28372513310618075
2023-11-18,-0.2869845591500341,-0.29228416114240835
2023-11-19,-0.2591102371035347,-0.24476952941592667
2023-11-20,-0.2560335579054245,-0.23522262241814845
2023-11-21,-0.3160829814637208,-0.304654321413488
2023-11-22,-0.2578672615038439,-0.2553209562668995
2023-11-23,-0.2622372505216548,-0.24587316259700207
2023-11-24,-0.2469318026634809,-0.22464330333238305
2023-11-25,-0.2446643159606703,-0.2342781615859611
2023-11-26,-0.2566085564603998,-0.23919871822259448
2023-11-27,-0.264085984477438,-0.24594357918684812
2023-11-28,-0.2434510515325131,-0.21766850487936626
2023-11-29,-0.2425677558799767,-0.2395099229654846
2023-11-30,-0.2471929114297827,-0.2437838578864772
2023-12-01,-0.2132781334388912,-0.1955331810199484
2023-12-02,-0.1863804350778631,-0.18388630965654618
2023-12-03,-0.1684985043329283,-0.1739812067272521
2023-12-04,-0.0984682243984862,-0.10140931759287591
2023-12-05,-0.0249016159651488,-0.014902079763964208
2023-12-06,-0.0360188372666586,-0.041234716501842746
2023-12-07,-0.0530062869768328,-0.057358754319080316
2023-12-08,-0.0215068524600311,-0.0010274137728503755
2023-12-09,-0.0376969941435192,-0.03755231498007975
2023-12-10,-0.0352966810267933,-0.030841073262302465
2023-12-11,-0.1246430674332598,-0.14670396918180234
2023-12-12,-0.1163463101682813,-0.09795169247759039
2023-12-13,-0.0668995803291709,-0.0701892257745588
2023-12-14,-0.0618993649316517,-0.0667841912591729
2023-12-15,-0.1000499073536609,-0.10218266704522115
2023-12-16,-0.0894202988084977,-0.07186965672740203
2023-12-17,-0.1206638677069154,-0.10562119377063484
2023-12-18,-0.0751935412485935,-0.09538724765598895
2023-12-19,-0.0885527325997145,-0.08822164990045156
2023-12-20,-0.0395527189631926,-0.018052954133569474
2023-12-21,-0.0323835880437155,-0.026885295518436762
2023-12-22,-0.0277336149270991,-0.018224844870901282
2023-12-23,-0.0373561895288683,-0.038011263451853565
2023-12-24,-0.0621608232411479,-0.059054176252913856
2023-12-25,-0.0422134417598314,-0.03323681142101699
2023-12-26,-0.0798407180196538,-0.10057468924746152
2023-12-27,-0.0465635068155553,-0.021757449993337133
2023-12-28,-0.0773372896605461,-0.05568674178709671
2023-12-29,-0.0953509981898128,-0.08080236303654303
2023-12-30,-0.092818907288755,-0.07731733483943408
2023-12-31,-0.088131183507131,-0.07373036395238741
2024-01-01,-0.0211073245887018,-0.0027784787168191336
2024-01-02,0.0059029266809594,0.02747342336541233
2024-01-03,-0.0680695014012084,-0.10579389775256236
2024-01-04,-0.0212202270405299,0.005321958809766204
2024-01-05,-0.0217616694488316,-0.03720217852978859
2024-01-06,-0.0284225645634857,-0.028875957315931507
2024-01-07,-0.0297330019997179,-0.02664531859363285
2024-01-08,0.0764337524699452,0.07305787468386497
2024-01-09,0.0461933725397821,0.03658821632606132
2024-01-10,0.0652253003946672,0.046485470790921954
2024-01-11,0.0542381091615162,0.06435731553424932
2024-01-12,-0.0707840538498024,-0.08548392286227204
2024-01-13,-0.0685899712178394,-0.04948632499260225
2024-01-14,-0.1082561329312605,-0.09811341023650817
2024-01-15,-0.0807516275845565,-0.05163169488910866
2024-01-16,-0.0583941457770678,-0.038938697127605254
2024-01-17,-0.0720826068174211,-0.05512884072266195
2024-01-18,-0.1228569017092946,-0.10849319171801869
2024-01-19,-0.111014727822363,-0.09639872007277592
2024-01-20,-0.1092107353954775,-0.06931818148490801
2024-01-21,-0.1129477016880242,-0.07819371174630166
2024-01-22,-0.1844831146180424,-0.16834360443516705
2024-01-23,-0.1721508811724025,-0.15160957467096284
2024-01-24,-0.1650838168657233,-0.15222968061081063
2024-01-25,-0.1698683641122278,-0.158701425377872
2024-01-26,-0.1043356564615941,-0.10268453709071822
2024-01-27,-0.0935882518598799,-0.07233479287670022
2024-01-28,-0.0969124076397056,-0.07830951113648686
2024-01-29,-0.052402975423102,-0.041284067232133174
2024-01-30,-0.0649389925511433,-0.04069921296344093
2024-01-31,-0.0785208429171697,-0.04781051816831396
2024-02-01,-0.0604103109230232,-0.0570219983954397
2024-02-02,-0.0566174177193543,-0.04415876645757586
2024-02-03,-0.0629857451802005,-0.06003323083692039
2024-02-04,-0.0779919840638705,-0.06477878480957958
2024-02-05,-0.0746940440236333,-0.07225402091349209
2024-02-06,-0.0597702973338683,-0.0490636876199171
2024-02-07,-0.0161637351886938,-0.010223234998324011
2024-02-08,0.0175871070439709,0.04049213330254013
2024-02-09,0.0822393153876243,0.10045010432812755
2024-02-10,0.1036974225556292,0.12425878137947935
2024-02-11,0.1226790161905042,0.14940358545617835
2024-02-12,0.1797178242144534,0.18247317594742224
2024-02-13,0.1723823107343877,0.16059019345610545
2024-02-14,0.2461736754417977,0.2411374513458304
2024-02-15,0.249332846833813,0.2744721381380851
2024-02-16,0.257327249235537,0.2739805149535013
2024-02-17,0.2400423382668318,0.2052587076389044
2024-02-18,0.2564900932846767,0.23610268328432793
2024-02-19,0.2439726019459445,0.25770247805843194
2024-02-20,0.2610432429364127,0.2606786082842748
2024-02-21,0.2465291608706181,0.20639437918519782
2024-02-22,0.225881993913885,0.21033782433020745
2024-02-23,0.2077197295269503,0.19268414980492138
2024-02-24,0.2367506900040958,0.21444019948032478
2024-02-25,0.2420993999665452,0.2240035315529767
2024-02-26,0.3396551578393621,0.3386086188215293
2024-02-27,0.4288942344851129,0.4755526690438314
2024-02-28,0.6188884378630649,0.6112736285605638
2024-02-29,0.5724858797049749,0.5693973615491408
2024-03-01,0.6162371527326781,0.6216456517545308
2024-03-02,0.6025049987930107,0.6010371311781967
2024-03-03,0.641340645876267,0.6248994301464172
2024-03-04,0.8227259499165398,0.8102725378083193
2024-03-05,0.6642245397346936,0.6979973337529031
2024-03-06,0.7450200509737704,0.7743856800658881
2024-03-07,0.7734232318735689,0.7929766938329915
2024-03-08,0.820305363294532,0.8270614198048847
2024-03-09,0.8264898310350641,0.7953944795413883
2024-03-10,0.8466658137655924,0.8448780489725384
2024-03-11,0.9540570180456373,0.9709082301933428
2024-03-12,0.931463944125046,0.8964189665392235
2024-03-13,0.9897883720184169,1.0002151528319616
2024-03-14,0.9285788145975298,0.8710376955942277
2024-03-15,0.8632292675808212,0.8324877877047355
2024-03-16,0.7151334087564551,0.7311331693481575
2024-03-17,0.8236281209015797,0.8070724314246387
2024-03-18,0.7972372601725968,0.7964041946637482
2024-03-19,0.5985072732773568,0.6379494450397608
2024-03-20,0.8059010377918148,0.7994701752965866
2024-03-21,0.7232662302632067,0.7333606882813889
2024-03-22,0.6646747513692273,0.6670383758343545
2024-03-23,0.6712262394639986,0.6888328534279473
2024-03-24,0.7832167330974555,0.7920853015049379
2024-03-25,0.8770316797025858,0.8929493960540895
2024-03-26,0.8804558048360427,0.905453839792457
2024-03-27,0.8610295922577464,0.8686062627739152
2024-03-28,0.9083965400895,0.9179473201630575
2024-03-29,0.8774322562034987,0.8691775283366278
2024-03-30,0.8678642103400739,0.8726419588897275
2024-03-31,0.9266895336311828,0.9268585018912775
2024-04-01,0.869834934870742,0.8600281659369937
2024-04-02,0.7223430866864957,0.7345460575938724
2024-04-03,0.7404948647775952,0.7411979955492741
2024-04-04,0.8291977421629617,0.8378769627599392
2024-04-05,0.8060139402436426,0.8088246308634326
2024-04-06,0.8428299267489983,0.8551969189586542
2024-04-07,0.8583332160552674,0.8784883982650046
2024-04-08,0.9377508280215704,0.9641946458620729
2024-04-09,0.8503692239114655,0.8156999054819798
2024-04-10,0.9027678460282446,0.9229159973215777
2024-04-11,0.8817215007433767,0.9048078042419213
2024-04-12,0.7814679684953032,0.8119086641831056
2024-04-13,0.671818365635505,0.7133123125506898
2024-04-14,0.7327884859681504,0.7482008610710532
2024-04-15,0.6517514403816647,0.6794348444079925
2024-04-16,0.6649442491721973,0.657091100979126
2024-04-17,0.57612672161903,0.5669215973013949
2024-04-18,0.6539860700241911,0.646158671074184
2024-04-19,0.6657677729384719,0.6830753844343928
2024-04-20,0.705299360522005,0.7200764189349428
2024-04-21,0.7044817789900374,0.7069587326518068
2024-04-22,0.770839758122918,0.7786965082671841
2024-04-23,0.7554885201062627,0.7498427047398649
2024-04-24,0.6802979339912141,0.6799776965494847
2024-04-25,0.688146576880826,0.7054959487209455
2024-04-26,0.6623551827304339,0.6808249803630859
2024-04-27,0.6513029764631036,0.6625010037533708
2024-04-28,0.640009235848364,0.6585683242340891
2024-04-29,0.6657426058284669,0.6517310233074939
2024-04-30,0.5534144534691099,0.5739779356020354
2024-05-01,0.4710435510523598,0.4427155869385774
2024-05-02,0.4992310638011434,0.48496211284890756
2024-05-03,0.6332319428499369,0.6207672744342488
2024-05-04,0.6677339534076118,0.6854746433300036
2024-05-05,0.6723825283514502,0.676253250348142
2024-05-06,0.6420051274890378,0.660807120042723
2024-05-07,0.6124659312070693,0.6274783650417528
2024-05-08,0.5724939191984486,0.5804644628367127
2024-05-09,0.6388151962959052,0.6402623562539049
2024-05-10,0.5588970384750581,0.5514405058925409
2024-05-11,0.5600285097956992,0.5719886528458608
2024-05-12,0.5822605055963576,0.5861043158132287
2024-05-13,0.6337506649505954,0.6208350156612488
2024-05-14,0.5853805281505874,0.5761124936157417
2024-05-15,0.7495497812314741,0.7404057141705367
2024-05-16,0.7147831664755523,0.7046038426681462
2024-05-17,0.7777296040299787,0.7910164039407954
2024-05-18,0.7734026088250926,0.7987552829722194
2024-05-19,0.7503568764676063,0.7867661728126176
2024-05-20,0.930790374389218,0.9235944032860344
2024-05-21,0.8857321593572278,0.8957778789467261
2024-05-22,0.8501622943403134,0.870215154962212
2024-05-23,0.8090137199389599,0.8073481453113982
2024-05-24,0.8300555211622987,0.8436127572288276
2024-05-25,0.8559433892343764,0.8539205593147015
2024-05-26,0.8279568638224379,0.8239862965825658
2024-05-27,0.8593647180222772,0.8676994024151039
2024-05-28,0.8224533062248189,0.8127081141185918
2024-05-29,0.7960967007288983,0.8037394885021014
2024-05-30,0.8229898550283977,0.8242379835232516
2024-05-31,0.7927914202815762,0.7954507220991278
2024-06-01,0.8011577366422632,0.8105450390651946
2024-06-02,0.8017568536776597,0.8150715813932616
2024-06-03,0.8388384930108461,0.8507469623060162
2024-06-04,0.899970451842551,0.8964420813996785
2024-06-05,0.9198654018446903,0.9350692087996227
2024-06-06,0.9077946267085472,0.9212877264650311
2024-06-07,0.8573960907507755,0.873396153170708
2024-06-08,0.8564547709279502,0.8902490830740063
2024-06-09,0.8681938295725,0.8984636765496536
2024-06-10,0.8635151939139337,0.8949038364735356
2024-06-11,0.7870994589021144,0.8125888683296963
2024-06-12,0.8195227360820158,0.8651133904186507
2024-06-13,0.766935360640199,0.8027709904348735
2024-06-14,0.7411946502530119,0.7910682712997222
2024-06-15,0.7475801053303889,0.7906805529255259
2024-06-16,0.7630571788970689,0.769275046363245
2024-06-17,0.7578189245840858,0.7782498534669471
2024-06-18,0.7115495423831054,0.7086232946313656
2024-06-19,0.7043070073927805,0.707831232759151
2024-06-20,0.7007091592916505,0.6848325579518182
2024-06-21,0.6752431898553506,0.664277959869889
2024-06-22,0.6798166130123687,0.6548867993068457
2024-06-23,0.6424448528277359,0.621853567590144
2024-06-24,0.5407253364218714,0.5352006964780642
2024-06-25,0.5940519957200845,0.5966169295740578
2024-06-26,0.5600718531518188,0.5717668806997722
2024-06-27,0.5882334997042086,0.5922566711588773
2024-06-28,0.5425901493646025,0.5519011759432836
2024-06-29,0.5628986089658516,0.5608088572000564
2024-06-30,0.6251375710945818,0.6320466946808176
2024-07-01,0.630569122794131,0.6435434011947919
2024-07-02,0.6027178705984697,0.6073126908359096
2024-07-03,0.5367492825842773,0.5367264945350041
2024-07-04,0.4278284772850405,0.4252446612163136
2024-07-05,0.4140260651632758,0.4469109848420168
2024-07-06,0.4702818964315142,0.4959928427270401
2024-07-07,0.3867742795462053,0.4134977457078623
2024-07-08,0.4162463635348273,0.4690153509699716
2024-07-09,0.4629956685418748,0.4972960613120061
2024-07-10,0.4517606511838138,0.4622539216372573
2024-07-11,0.4385818241210616,0.4578264999517861
2024-07-12,0.4583285678087273,0.4744093617763594
2024-07-13,0.5043766891675804,0.5188233387722712
2024-07-14,0.5598740117037239,0.576443283813945
2024-07-15,0.6978310206280243,0.7020658882969695
2024-07-16,0.7090884087505342,0.7020435925583229
2024-07-17,0.6744497268038046,0.6679000377704014
2024-07-18,0.6704226396598115,0.6674026831917252
2024-07-19,0.76574516606288,0.7751092227710912
2024-07-20,0.7816623145114527,0.8030134826737798
2024-07-21,0.8170752346340303,0.8087200253995918
2024-07-22,0.7957786164218911,0.7988532281659596
2024-07-23,0.7388771788733856,0.7352888046074876
2024-07-24,0.7191524564069742,0.7363304308204066
2024-07-25,0.7337797904677914,0.7157597693997427
2024-07-26,0.8082733874529795,0.8194171910561063
2024-07-27,0.8075526293858922,0.8236540227687309
2024-07-28,0.8197237234188611,0.8350481096008725
2024-07-29,0.7683419224549225,0.7913971618022451
2024-07-30,0.7472735559488002,0.7502306429928206
2024-07-31,0.6926675685586671,0.7017411930127481
2024-08-01,0.7165196970658966,0.7095432090309496
2024-08-02,0.5809699921222128,0.5937448641065342
2024-08-03,0.5549982336834516,0.5622681938621666
2024-08-04,0.4660957671340174,0.45713651823497664
2024-08-05,0.3226407933032104,0.34149992276148816
2024-08-06,0.3934530013637796,0.44675338124396363
2024-08-07,0.3610426572820751,0.430868338303947
2024-08-08,0.5909749669787799,0.616162980868923
2024-08-09,0.5616255726514323,0.5585249632230662
2024-08-10,0.5641401863927644,0.5672264426738445
2024-08-11,0.4866877062660174,0.4898749187815951
2024-08-12,0.5089148084619526,0.5150670684796198
2024-08-13,0.5525671607656086,0.551143019361676
2024-08-14,0.4857456873568029,0.48633632598177473
2024-08-15,0.4457184475234489,0.44652512709817616
2024-08-16,0.4925834513278808,0.49698730118659623
2024-08-17,0.5137052979427637,0.515196470638984
2024-08-18,0.4766984608532033,0.49066650381686544
2024-08-19,0.5125332796115591,0.508699106729646
2024-08-20,0.4972631356160311,0.5177041484025267
2024-08-21,0.5721789807801919,0.5513343035668979
2024-08-22,0.5447919219468446,0.5460058187947371
2024-08-23,0.6741407306198545,0.680537632934174
2024-08-24,0.6773904336992487,0.6639823411206691
2024-08-25,0.6803213533852467,0.6830690790447557
2024-08-26,0.6308837116691934,0.6212403783399246
2024-08-27,0.5117405156464019,0.5017014141190619
2024-08-28,0.4978206570112805,0.4971965763400808
2024-08-29,0.5092279991642369,0.5329653465242399
2024-08-30,0.5008109990403458,0.491965585620774
2024-08-31,0.4959215888354872,0.5147476539706508
2024-09-01,0.4373475871012337,0.45167163708395325
2024-09-02,0.5014663925300591,0.5054259108478258
2024-09-03,0.4432338944968451,0.44593028872935836
2024-09-04,0.4604901429236002,0.4812640426506439
2024-09-05,0.3972885388371792,0.41257531390872254
2024-09-06,0.3199321830889234,0.3561738572355155
2024-09-07,0.3273945807485975,0.3112103688201122
2024-09-08,0.3522649285814458,0.3376326632900034
2024-09-09,0.4283597829407013,0.4885547511675279
2024-09-10,0.4488472086575417,0.47846133206315267
2024-09-11,0.4387747719644331,0.4585259365423089
2024-09-12,0.466260751521828,0.4825747240515485
2024-09-13,0.5504136251442093,0.5422268745930879
2024-09-14,0.5317179578424466,0.5466291375738496
2024-09-15,0.5011661349259716,0.502243153774477
2024-09-16,0.4686865812917535,0.48333950033873374
2024-09-17,0.542495423158889,0.5375824647625258
2024-09-18,0.5933221495299399,0.5762063828552795
2024-09-19,0.6348384433719223,0.6308052478244611
2024-09-20,0.6435092118550304,0.6525274248214915
2024-09-21,0.648811782115804,0.654472831032177
2024-09-22,0.6566513368823584,0.6629722884457689
2024-09-23,0.648070750543435,0.673943569093183
2024-09-24,0.6807418538482467,0.6771697529926538
2024-09-25,0.6411798560067908,0.652833529647277
2024-09-26,0.7124464702202279,0.7216161060411599
2024-09-27,0.7336497603994322,0.7273720967095932
2024-09-28,0.7363898295012256,0.744713911426017
2024-09-29,0.7274174052412519,0.7355626609290381
2024-09-30,0.6471213912271355,0.6406780574269649
2024-10-01,0.5588704731922749,0.5567053912082862
2024-10-02,0.5536881457904141,0.581567999449864
2024-10-03,0.5573426198890553,0.5598157309351662
2024-10-04,0.6044509057568687,0.6132496440766342
2024-10-05,0.6032320486375994,0.6014217334505839
2024-10-06,0.6298871640216349,0.6361538681550206
2024-10-07,0.608497916862949,0.6353618227906568
2024-10-08,0.6056781519128065,0.6162011594429899
2024-10-09,0.5517104303958553,0.5665648833783798
2024-10-10,0.5410549556542978,0.5228726192740925
2024-10-11,0.6192491664398031,0.6220272756193308
2024-10-12,0.6430044714821525,0.6562051836701672
2024-10-13,0.6310308693540839,0.6328213150487402
2024-10-14,0.7433660125773311,0.7408761295256955
2024-10-15,0.7781958946514599,0.7969228410700626
2024-10-16,0.7974214694361057,0.8117595841309249
2024-10-17,0.7902264723202341,0.8122215095846579
2024-10-18,0.8257666261656151,0.8388097803904496
2024-10-19,0.8238235155473127,0.8264952617617806
2024-10-20,0.8465752820782134,0.8503706142682977
2024-10-21,0.788453239694466,0.8038912071912465
2024-10-22,0.7895780696944116,0.7958924656311287
2024-10-23,0.7624063294688845,0.7675044306196146
2024-10-24,0.8166061476669929,0.838451754222172
2024-10-25,0.7611759374241962,0.7764832073546156
2024-10-26,0.7764492273084747,0.8080645599904162
2024-10-27,0.8089714252124235,0.8172825286266235
2024-10-28,0.8782050962065687,0.8795597307977069
2024-10-29,0.9760016893404052,1.0058767903628323
2024-10-30,0.9623097328681072,0.9451878302681902
2024-10-31,0.8880520775392154,0.8837231396760172
2024-11-01,0.8623910630003774,0.8588666677432938
2024-11-02,0.8582175172578829,0.8911833603025715
2024-11-03,0.8370012939804814,0.861987661926728
2024-11-04,0.8043158594046946,0.842486262719396
2024-11-05,0.859059217270272,0.9195372611025534
2024-11-06,1.078064806706477,1.1833494639526192
2024-11-07,1.0878114691422986,1.1542314974691044
2024-11-08,1.1101787381592336,1.1724048588739389
2024-11-09,1.1155651987866908,1.1846531807255123
2024-11-10,1.245351285996037,1.3588836399077842
2024-11-11,1.5364816181882104,1.5951974986127215
2024-11-12,1.5113924563155965,1.5429753706351055
2024-11-13,1.597309124897494,1.6546152114695523
2024-11-14,1.4867024727711176,1.4538897294460749
2024-11-15,1.6168978750612395,1.6334491233840915
2024-11-16,1.60193812542244,1.510350019426033
2024-11-17,1.575590258506382,1.4716327442399146
2024-11-18,1.5978795793909406,1.565141806863112
2024-11-19,1.6644203696145516,1.685242855178282
2024-11-20,1.732981169959258,1.811945463487795
2024-11-21,1.8747674245794563,1.9361841879345247
2024-11-22,1.8948535747089947,1.8986528063681538
2024-11-23,1.8513057358204985,1.868907132602183
2024-11-24,1.8601547713328088,1.8677695626000963
2024-11-25,1.6854244201728836,1.6930569586611046
2024-11-26,1.6464332263680683,1.745748942311017
2024-11-27,1.7881247547825534,1.8468720495180553
2024-11-28,1.7780893696680635,1.8342392522158772
2024-11-29,1.8424231441615149,1.8797924418997427
2024-11-30,1.806161183619463,1.8556321656279913
2024-12-01,1.83422810396614,1.8878488445936812
2024-12-02,1.784707620512987,1.8091531802061218
2024-12-03,1.7871061859137405,1.7796621152833643
2024-12-04,1.8857997068846992,1.9151151783676608
2024-12-05,1.8264455247402915,1.7822360290804742
2024-12-06,1.925860852407921,1.96076981064546
2024-12-07,1.926853904623535,1.9335535808759574
2024-12-08,1.971016240447986,1.9747955336912737
2024-12-09,1.8363907277105964,1.830178585165144
2024-12-10,1.8126057114967136,1.855084945456833
2024-12-11,1.9714797347239117,2.0249666470992773
2024-12-12,1.9308946239521132,1.9406806019398166
2024-12-13,1.9794042284867328,1.9824934888969885
2024-12-14,1.978466404095852,1.996249165360192
2024-12-15,2.084084026206934,2.078428057113959
2024-12-16,2.142271083624861,2.1770502861173977
2024-12-17,2.144051656657714,2.1736606109252925
2024-12-18,1.9345746147039544,2.004337814095443
2024-12-19,1.8378853744103376,1.8984430418482376
2024-12-20,1.851461282542057,1.845246195655105
2024-12-21,1.832372728689661,1.8532848511811926
2024-12-22,1.7581042375217395,1.7847955762688028
2024-12-23,1.7466734759747509,1.7839813135578972
2024-12-24,1.880733427823417,1.8838449059584912
2024-12-25,1.906918757154026,1.9103231372497693
2024-12-26,1.778431222912298,1.8010789518260175
2024-12-27,1.7256467051087756,1.7490623250922375
2024-12-28,1.759554492235777,1.8438993355332656
2024-12-29,1.7044909528040255,1.720140512522634
2024-12-30,1.6723805167832138,1.7469290637305974
2024-12-31,1.6984483996004658,1.773826759029098
2025-01-01,1.7334212448411506,1.782598114805623
2025-01-02,1.821102407468954,1.8953444713242686
2025-01-03,1.864265399300291,1.9090754670903372
2025-01-04,1.866987991242358,1.9121495736674703
2025-01-05,1.8716467029388373,1.9131231257561323
2025-01-06,2.009199989473474,2.0121387938692314
2025-01-07,1.8225533612693805,1.8666334296129095
2025-01-08,1.756440411915854,1.7526334167438393
2025-01-09,1.668951847588228,1.6999154205733698
2025-01-10,1.7445290284764086,1.8075232682818791
2025-01-11,1.739623539284603,1.8198257498531825
2025-01-12,1.7373766756302684,1.7548124616597875
2025-01-13,1.7377957779204904,1.7101173702456705
2025-01-14,1.8080263461053887,1.9018266298050626
2025-01-15,1.9472833061700852,1.986422853190474
2025-01-16,1.9287082312704296,1.9381321184167892
2025-01-17,2.073128992947679,2.124008433263385
2025-01-18,2.0843280073567048,2.082469043895531
2025-01-19,1.9718114512155047,1.9631916802645946
2025-01-20,2.0045349859994936,2.120153348932216
2025-01-21,2.144592399979627,2.1930863278098736
2025-01-22,2.057677436034198,2.073345630945693
2025-01-23,2.0669333398249226,2.111766473991938
2025-01-24,2.099122772607694,2.112247084593509
2025-01-25,2.094871278732823,2.0814192073443034
2025-01-26,2.019502076045378,2.0113205487290666
2025-01-27,2.0016330783986405,1.994508534753725
2025-01-28,1.9743250163272528,2.0022729965155848
2025-01-29,2.06026021069846,2.086413860121933
2025-01-30,2.0950960350068955,2.1168184431672326
2025-01-31,2.013751391409238,2.0026294453439584
2025-02-01,1.9510943756198689,1.9496703384958485
2025-02-02,1.8478110029617496,1.8883445814978845
2025-02-03,1.9801557463549373,1.9676557436850657
2025-02-04,1.852348772712928,1.8698017859230385
2025-02-05,1.811760865595574,1.8441854830950728
2025-02-06,1.8093336376528704,1.8770335931514266
2025-02-07,1.8082311784173737,1.883656017699618
2025-02-08,1.8062338886039224,1.889530665024448
2025-02-09,1.8065837813416308,1.8489231228616085
2025-02-10,1.840593984624624,1.8705253415867027
2025-02-11,1.7819567155721638,1.7993105084633592
2025-02-12,1.8551356806027857,1.9126226847712693
2025-02-13,1.811728358078484,1.8221567624297714
2025-02-14,1.842345895115528,1.9168605703609178
2025-02-15,1.845404398067523,1.8958031911369582
2025-02-16,1.7942480524640456,1.8490205974762284
2025-02-17,1.7822803925702837,1.852610311410329
2025-02-18,1.776700285013066,1.7823360572173041
2025-02-19,1.81201533304118,1.875067004791073
2025-02-20,1.8716009127803563,1.913008620929007
2025-02-21,1.7948625494000008,1.7893237840444414
2025-02-22,1.809899548084788,1.9174466382197757
2025-02-23,1.7991916418640534,1.8643586487459536
2025-02-24,1.6336077874749697,1.6755994194700383
2025-02-25,1.5312716768739827,1.5233668309077606
2025-02-26,1.374645565930703,1.4147908797246367
2025-02-27,1.3931350027477023,1.513399211538732
2025-02-28,1.381433345224966,1.420130693420468
2025-03-01,1.4418347587801372,1.5242933986903098
2025-03-02,1.7293403280452024,1.7840163282253885
2025-03-03,1.4456227583790826,1.5390827878634248
2025-03-04,1.4839491210279323,1.501706983620009
2025-03-05,1.6012341454286894,1.6013892678379693
2025-03-06,1.577504007496345,1.4997152896769461
2025-03-07,1.4668631001369057,1.4486800414572554
2025-03-08,1.447931491178846,1.4979712674843282
2025-03-09,1.2554747559955448,1.3025152032539626
2025-03-10,1.1800632585815634,1.3034383158113458
2025-03-11,1.3323889396027406,1.4745831669637823
2025-03-12,1.3584533269880477,1.4252537260301823
2025-03-13,1.268141502278334,1.3512228585500616
2025-03-14,1.3699997873324208,1.4481259752566538
2025-03-15,1.382599071778669,1.4383359393903232
2025-03-16,1.3202562953211678,1.356518792260228
2025-03-17,1.3710361829041535,1.485353721085093
2025-03-18,1.325302650420363,1.368493147876753
2025-03-19,1.47077413894032,1.5911745694000134
2025-03-20,1.3763908351009102,1.4365852288857104
2025-03-21,1.3722721676399543,1.4649708659236658
2025-03-22,1.3644742085135473,1.4512167549479127
2025-03-23,1.4432710317663942,1.54130274198846
2025-03-24,1.493214112941714,1.5812036677280896
2025-03-25,1.490390503016432,1.5360290575572981
2025-03-26,1.472362812759385,1.5204866460522033
2025-03-27,1.4826722397383738,1.5642419378256869
2025-03-28,1.383685801570412,1.42508462042327
2025-03-29,1.3221186614615372,1.355564596471174
2025-03-30,1.3135150052717757,1.3802740552840218
2025-03-31,1.3191080459271904,1.4001078749244003
2025-04-01,1.411228057582124,1.5140616092240347
2025-04-02,1.31739738153324,1.4062639675821917
2025-04-03,1.3407545568770385,1.4103018410957766
2025-04-04,1.3652718660834278,1.423141741982544
2025-04-05,1.352798766730399,1.4624631798499865
2025-04-06,1.1732104642531216,1.2969828159125796
2025-04-07,1.200387098083371,1.3514540281689373
2025-04-08,1.0994404216805769,1.2588164883341828
2025-04-09,1.3207687256443252,1.4868092439089655
2025-04-10,1.214784782265393,1.2910995262995653
2025-04-11,1.3486961782563909,1.4558689546446981
2025-04-12,1.4146242192600191,1.4963173008819348
2025-04-13,1.3607526221215591,1.4204399100113276
2025-04-14,1.390283079823665,1.4573366087425077
2025-04-15,1.357510608992444,1.433000417597861
2025-04-16,1.3711857873914055,1.4746169743392903
2025-04-17,1.403134734456352,1.482758576179788
2025-04-18,1.3862357191743904,1.42921916915365
2025-04-19,1.4072635386699484,1.4542381634348591
2025-04-20,1.4109547148040138,1.4296915906664447
2025-04-21,1.4930424872332082,1.5804676410475342
2025-04-22,1.7016404280527655,1.7236304580502462
2025-04-23,1.7102367438354422,1.7521563978440566
2025-04-24,1.720487098014558,1.745966065105267
2025-04-25,1.744562235079888,1.7693927071200735
2025-04-26,1.742899108560391,1.8062906238747285
2025-04-27,1.7119218915761931,1.7207772560198897
2025-04-28,1.755881142804632,1.7824879014317556
2025-04-29,1.7292844011340809,1.7223465335659873
2025-04-30,1.7262077219359704,1.7325104840943513
2025-05-01,1.8077620914503365,1.8899702801683556
2025-05-02,1.8219451561109268,1.89855337827594
2025-05-03,1.7862242884339825,1.847592317807631
2025-05-04,1.7334764726658838,1.7954497617056884
2025-05-05,1.7465444945359752,1.769028800303813
2025-05-06,1.818827230815864,1.8228792806759637
2025-05-07,1.8263913455451417,1.8937238242075858
2025-05-08,2.043343368713578,2.0896245068644275
2025-05-09,2.0336715085213823,2.0442151793294987
2025-05-10,2.097700131806023,2.08501184100057
2025-05-11,2.073579554125407,2.0717500203345542
2025-05-12,2.027384624624858,2.0246529639055506
2025-05-13,2.07401892992091,2.0612909705922813
2025-05-14,2.053296960720552,2.055600157548064
2025-05-15,2.061821620148353,2.0549224803423947
2025-05-16,2.0517533779735797,2.076919929835949
2025-05-17,2.039859122150665,2.0249963681206666
2025-05-18,2.156232537900129,2.1476109811899438
2025-05-19,2.1258072496200686,2.14583588871693
2025-05-20,2.1697689476508693,2.191388181547711
2025-05-21,2.268479246695165,2.2958885421487643
2025-05-22,2.3391656192057093,2.3636088044974892
2025-05-23,2.185744120269732,2.212814114295113
2025-05-24,2.2013529716207434,2.278763783749214
2025-05-25,2.24546462368199,2.2852052529273377
2025-05-26,2.260138446987678,2.30529280571034
2025-05-27,2.2431754653011198,2.2586639574218195
2025-05-28,2.202808819025893,2.2480692149023827
2025-05-29,2.1247093344461008,2.15896629682324
2025-05-30,2.0706171755519027,2.09679197574477
2025-05-31,2.09212736465589,2.1115379794406675
2025-06-01,2.1287434124539844,2.1160199440438383
2025-06-02,2.135964974852638,2.1465396791018145
2025-06-03,2.1198464895240257,2.158405957466113
2025-06-04,2.095320441737773,2.1213724520129547
2025-06-05,1.984676388489584,1.9801376999639326
2025-06-06,2.08296548798449,2.087059476162628
2025-06-07,2.1260533280290064,2.131627759778835
2025-06-08,2.1314380409404907,2.1442038095846736
2025-06-09,2.2895308351279504,2.3252154873992694
2025-06-10,2.289323905556798,2.2973646469602085
2025-06-11,2.2327181815508514,2.233273343028844
2025-06-12,2.1295770729729,2.14780089788668
2025-06-13,2.143385427328971,2.1349992376773033
2025-06-14,2.1210164105960634,2.1281470129880797
2025-06-15,2.1260533280290064,2.144246453627249
2025-06-16,2.1690527336453105,2.232892890058357
2025-06-17,2.0901709713961965,2.106865582573823
2025-06-18,2.101677583816395,2.1009878537526747
2025-06-19,2.093702755833564,2.082712687738058
2025-06-20,2.045241737802982,2.0514092835084208
2025-06-21,2.005127112171,2.013275223443077
2025-06-22,1.9649205566788608,1.951068383680933
2025-06-23,2.119010032659554,2.1191352467223132
2025-06-24,2.1438108213966944,2.157103483694899
2025-06-25,2.1880850110433903,2.2253043588198906
2025-06-26,2.174532871848897,2.2125508744811304
2025-06-27,2.177783274014681,2.1952715996387724
2025-06-28,2.1862170522119087,2.1862698746947338
2025-06-29,2.22275934639596,2.222412554993223
2025-06-30,2.180043420310407,2.1621557751408043
2025-07-01,2.12951205793872,2.1317102671472568
2025-07-02,2.240052995944528,2.2608524642180607
2025-07-03,2.2663508781837707,2.301607934293719
2025-07-04,2.210030381424547,2.2269008214155197
2025-07-05,2.217608477881605,2.2027569469469412
2025-07-06,2.2521929806331853,2.2617506045043503
2025-07-07,2.218749736411693,2.2492824631460993
2025-07-08,2.242444920024586,2.270603982301567
2025-07-09,2.3241209305706425,2.359125383238675
2025-07-10,2.489512186659549,2.470092326556214
2025-07-11,2.543711655314463,2.5612367998669074
2025-07-12,2.540014886489286,2.521020487485522
2025-07-13,2.598021579618844,2.5743557481862607
2025-07-14,2.6239349643441208,2.62552880197011
2025-07-15,2.5508416373961547,2.488128381637153
2025-07-16,2.5830859484604654,2.6244793577969374
2025-07-17,2.603442295479363,2.6329605461160654
2025-07-18,2.5595110077064853,2.5767286784736823
2025-07-19,2.555573403620288,2.500377136508422
2025-07-20,2.5351370112098466,2.5030917471059073
2025-07-21,2.539091742912575,2.5154102235427866
2025-07-22,2.629335057156164,2.639391583714852
2025-07-23,2.586875346232189,2.5988684134871485
2025-07-24,2.5724933914939205,2.5437727316569427
2025-07-25,2.5461650989967555,2.4492182185970246
2025-07-26,2.5576007541484675,2.546636777019746
2025-07-27,2.609942750267736,2.6300205665979943
2025-07-28,2.560699454567832,2.5905253131981643
2025-07-29,2.556581486193265,2.517226235798216
2025-07-30,2.553477193082789,2.5016080258222413
2025-07-31,2.480494671327484,2.4750639507863093
2025-08-01,2.393043158578476,2.353100880688205
2025-08-02,2.3679753188407275,2.3734062693288256
2025-08-03,2.427135854055375,2.4143540319243777
2025-08-04,2.456045523044024,2.47010539148121
2025-08-05,2.4232489337323826,2.40331246214122
2025-08-06,2.455086026975084,2.4607908491498596
2025-08-07,2.5419066142579942,2.515747842981897
2025-08-08,2.5129148026186345,2.4958903874907667
2025-08-09,2.50621825409814,2.5070310145383594
2025-08-10,2.604454572570675,2.567037968169777
2025-08-11,2.5835826493398697,2.607247947612651
2025-08-12,2.6329961725755013,2.6529413459600737
2025-08-13,2.74646907889689,2.65068914368273
2025-08-14,2.5722927537002698,2.481249369271272
2025-08-15,2.5390337187422856,2.544152508567633
2025-08-16,2.54006242436374,2.5204505268737085
2025-08-17,2.540708380187201,2.5110800672900746
2025-08-18,2.4989082572712733,2.486869896927637
2025-08-19,2.379312752354781,2.3861464867242037
2025-08-20,2.42897235399935,2.4320981542353026
2025-08-21,2.3660710075170166,2.3753299548366735
2025-08-22,2.520497443137221,2.4825400909974564
2025-08-23,2.4674357375804497,2.4591030143001573
2025-08-24,2.4008446131368286,2.393875945847229
2025-08-25,2.366726401006729,2.3631031862381437
