time,high,low,open,volumefrom,volumeto,close,conversionType,conversionSymbol,daily_return,volatility,MA_20,MA_50
2020-03-04,-1.2682749639036894,-1.2478394461092952,-1.2590598280613516,-0.6147465939557234,-0.9850959033824942,-1.2593231945999241,direct,,0.03431132305574103,0.041064392859217286,6777.8550000000005,6812.579000000001
2020-03-05,-1.257401882522566,-1.2449205051427272,-1.258776413137085,-0.2050445093475364,-0.9066341197565987,-1.248800546272282,direct,,0.03431132305574103,0.041064392859217286,6777.8550000000005,6812.579000000001
2020-03-06,-1.2572806994605972,-1.2362886119198024,-1.2482431750134784,-0.6508160261112268,-0.9865565866523544,-1.2458095051568279,direct,,0.009429388131114491,0.041064392859217286,6777.8550000000005,6812.579000000001
2020-03-07,-1.255829256877473,-1.241094311338239,-1.2452491237703311,-0.6656249548276405,-0.9901657879538592,-1.2547812303304122,direct,,-0.028019549385997822,0.041064392859217286,6777.8550000000005,6812.579000000001
2020-03-08,-1.2663343135618792,-1.2712507692426909,-1.2542298779198997,0.8317736469745474,-0.7452909384654705,-1.2843543323022488,direct,,-0.09502208065842133,0.041064392859217286,6777.8550000000005,6812.579000000001
2020-03-09,-1.2911031674720943,-1.2843744360295823,-1.2838327417070292,1.657451372764962,-0.6396429430722216,-1.2883136080665059,direct,,-0.014057413619570025,0.041064392859217286,6777.8550000000005,6812.579000000001
2020-03-10,-1.2923332444050886,-1.2810365713320482,-1.2877960020121744,0.4945576676115624,-0.8202712485443864,-1.2900522359160174,direct,,-0.006261014047631019,0.041064392859217286,6777.8550000000005,6812.579000000001
2020-03-11,-1.2980584555429817,-1.2861490781048546,-1.2895363795841521,0.28170812212718566,-0.858898982619599,-1.2882800519198327,direct,,0.006422062508075088,0.041064392859217286,6777.8550000000005,6812.579000000001
2020-03-12,-1.298562122644289,-1.3885939045387492,-1.2877624120952242,8.677663908957063,0.12876248564500897,-1.3941420047238797,direct,,-0.3811759316129162,0.14054100271604988,6777.8550000000005,6812.579000000001
2020-03-13,-1.3674027085940361,-1.4166155242627991,-1.393730902383534,9.841223247187967,0.053537433954887165,-1.369121702860585,direct,,0.14558308486448457,0.16163552952665258,6777.8550000000005,6812.579000000001
2020-03-14,-1.3783842350448192,-1.3767387544699226,-1.368685420557605,1.7024069361422642,-0.7868910012420608,-1.3848794596124596,direct,,-0.08003614684567273,0.16147957208991678,6777.8550000000005,6812.579000000001
2020-03-15,-1.3681866115261458,-1.3751452782222302,-1.3844590356203976,2.3069076666890185,-0.7203122488183793,-1.378753715128606,direct,,0.03382048990981845,0.1642282789455314,6777.8550000000005,6812.579000000001
2020-03-16,-1.3887343702011408,-1.39863063375668,-1.3783271263021606,5.753149748054896,-0.41769701458965486,-1.3896601618838245,direct,,-0.058245069086917844,0.16381301340607468,6777.8550000000005,6812.579000000001
2020-03-17,-1.3819694634747663,-1.3809525506049303,-1.3892445491008845,2.6993163084194043,-0.6849746502960476,-1.3794304307531846,direct,,0.058009910802774955,0.16831792829160389,6777.8550000000005,6812.579000000001
2020-03-18,-1.385770549233845,-1.3783254681425186,-1.3790045229606547,2.449403806566587,-0.714825102514765,-1.376794875066551,direct,,0.014126040249847316,0.16869205377519916,6777.8550000000005,6812.579000000001
2020-03-19,-1.352446240002657,-1.369654423169036,-1.376366314900198,3.7791483637663816,-0.5082016644723572,-1.3498164322275905,direct,,0.14258478568499133,0.08820509820007001,6777.8550000000005,6812.579000000001
2020-03-20,-1.3347834644506653,-1.3545859821544495,-1.3493607214622425,3.822236143841106,-0.4527861206822999,-1.3490628171002186,direct,,0.003485920502903861,0.07416317669022589,6777.8550000000005,6812.579000000001
2020-03-21,-1.351046437928894,-1.347997810310629,-1.3486063479107377,0.9735886739355976,-0.8284463850006744,-1.3494476641573783,direct,,-0.0017739638182273643,0.062155714708280345,6777.8550000000005,6812.579000000001
2020-03-22,-1.352578783976685,-1.3524863805495497,-1.3489915822707594,1.2616878277433001,-0.7991438332190709,-1.3622856866054796,direct,,-0.0592824065480525,0.07002361875804682,6777.8550000000005,6812.579000000001
2020-03-23,-1.3457133503920868,-1.3541606517733926,-1.3618425246639239,2.3959994174195685,-0.6501516885576551,-1.3386782383344096,direct,,0.11588239835968528,0.07095068573495211,6777.8550000000005,6812.579000000001
2020-03-24,-1.3373499977659387,-1.3291391239170665,-1.338211318299582,2.3065927926909384,-0.6271530942613234,-1.3294625320110542,direct,,0.04053952238246006,0.07047641844412547,6677.525,6812.579000000001
2020-03-25,-1.3331223613995327,-1.3264212805783622,-1.3289863374621886,1.5878128542688783,-0.722032308721424,-1.3320131487014213,direct,,-0.010782925827301781,0.07239756101004001,6558.494499999999,6812.579000000001
2020-03-26,-1.3394627831389543,-1.3244063891246685,-1.3315395210453655,0.19753544205714701,-0.9088084454620693,-1.3297851603795907,direct,,0.009521661256518765,0.05392629104594736,6438.3724999999995,6812.579000000001
2020-03-27,-1.336679359684362,-1.3324887341397675,-1.3293092905178654,0.6172649441997278,-0.8528188507365363,-1.342898273321774,direct,,-0.05551239651077611,0.06009094704241549,6312.326500000001,6812.579000000001
2020-03-28,-1.3536315618275376,-1.3417890545222115,-1.342435600251027,0.7467305777746199,-0.8548174340899335,-1.347453170689483,direct,,-0.020415804975872698,0.06087568460669592,6222.067499999999,6812.579000000001
2020-03-29,-1.356991637636668,-1.347805254882887,-1.346995081582037,0.2689013698611344,-0.9196493141227877,-1.3603964056391329,direct,,-0.05922280563423532,0.060865549376706615,6118.9574999999995,6812.579000000001
2020-03-30,-1.3456314141172327,-1.3480686393866375,-1.3599513423606389,1.0918476076950188,-0.8071787243952643,-1.3421813602298265,direct,,0.08859100336608772,0.05275248715979313,6044.39,6812.579000000001
2020-03-31,-1.348567349209473,-1.331133371720466,-1.3417179656711868,-0.12029555708883259,-0.9572504899746787,-1.3414717875449635,direct,,0.0031702353938820593,0.04964256467827664,5968.3025,6812.579000000001
2020-04-01,-1.3422196977987408,-1.3376329182380247,-1.341007678885679,0.6909521442264337,-0.855745379096691,-1.3330820517902444,direct,,0.0373652821388597,0.052200363029487336,6055.6449999999995,6812.579000000001
2020-04-02,-1.3240040245265172,-1.3227641511512818,-1.332609499858214,1.8811656543484598,-0.6732028946364298,-1.3281608331546852,direct,,0.021128123860418402,0.05271647688431799,6114.236999999999,6812.579000000001
2020-04-03,-1.3309286725618503,-1.3215871071595198,-1.3276833286004988,0.5625296407122203,-0.8539953930221487,-1.3302839585181616,direct,,-0.008926550683232337,0.04683508523042221,6192.3325,6812.579000000001
2020-04-04,-1.3320840428913014,-1.319728110858046,-1.3298085906375299,-0.20454317365226904,-0.9597743135816531,-1.3256605506843284,direct,,0.019613919996203766,0.04508250614082898,6268.279,6812.579000000001
2020-04-05,-1.3355288091357849,-1.3190867339989125,-1.325180529892747,-0.45076338208625716,-0.9937324770612721,-1.3289570925517875,direct,,-0.013715922890655041,0.034777844408988005,6355.111,6812.579000000001
2020-04-06,-1.320082788515657,-1.3158535112528689,-1.3284803893381276,1.3751684166514078,-0.7264081043997416,-1.3091876285564785,direct,,0.08339870591774257,0.03311225735306732,6455.589,6812.579000000001
2020-04-07,-1.3165209704499539,-1.3050116796734725,-1.308691029724955,1.0927084978327868,-0.7572752758702221,-1.3142787251845713,direct,,-0.01982382452138365,0.03609952590800595,6545.0145,6812.579000000001
2020-04-08,-1.3177830644987523,-1.3023977664362485,-1.31378724993723,0.7516105970230788,-0.807545172061417,-1.3084832990195332,direct,,0.02302275753759253,0.03514579036290299,6604.139,6812.579000000001
2020-04-09,-1.3195677605022904,-1.3035751663530157,-1.3079859913639706,0.15771812978818187,-0.8952558385454189,-1.3110286725619824,direct,,-0.009884124185428389,0.036177682062738296,6658.544499999999,6812.579000000001
2020-04-10,-1.3219504536042361,-1.3166450884641416,-1.3105339265226241,0.8361410724630028,-0.8112204285722442,-1.3256416753518245,direct,,-0.05731128033943156,0.04423807484012314,6692.597500000001,6812.579000000001
2020-04-11,-1.3339492980894434,-1.3156538373250253,-1.3251616355644626,-0.5161688682416692,-1.0012751555920851,-1.3252533328627198,direct,,0.0016156498446155965,0.04367259669733562,6745.57,6812.579000000001
2020-04-12,-1.3255594366684897,-1.315061578116591,-1.3247729022547587,0.0982843433460811,-0.9120657373241303,-1.3243389278658717,direct,,0.003798129972704567,0.04318509396925265,6766.0815,6812.579000000001
2020-04-13,-1.3354127901247523,-1.3218177465628045,-1.323857577017868,0.8268507063542833,-0.820889010311795,-1.326237996041665,direct,,-0.007858242114276437,0.025011563967076815,6770.694,6812.579000000001
2020-04-14,-1.332899962939215,-1.3160649307058796,-1.3257585563802636,0.1773856170671516,-0.9050691020891855,-1.325538560109443,direct,,0.002917152008257151,0.02492258569606226,6779.955499999999,6812.579000000001
2020-04-15,-1.3345958372666513,-1.3217305449365624,-1.3250584165488346,0.3560317546259888,-0.8843416349130591,-1.3342736445403416,direct,,-0.036325631156024274,0.023352849895041064,6773.535000000001,6812.579000000001
2020-04-16,-1.3253136278439284,-1.3262760631762942,-1.3338022918049113,2.0834505615218304,-0.6376343077750445,-1.3173204500632298,direct,,0.07315892203682317,0.04079723626641964,6810.1224999999995,6812.579000000001
2020-04-17,-1.3271017665480909,-1.307813877238378,-1.3168320359507706,0.21994778624452116,-0.8931077876115859,-1.3200269630183499,direct,,-0.010883330639323674,0.03360998727070497,6849.354000000001,6812.579000000001
2020-04-18,-1.321965945757045,-1.3070080630269028,-1.3195412726897782,-0.12908775383299195,-0.939829170879917,-1.312086390268581,direct,,0.032281672047655974,0.03524067738409307,6918.458499999999,6812.579000000001
2020-04-19,-1.3229130326987373,-1.3054455522546513,-1.3115927086964894,-0.3551605999786455,-0.9729418599198447,-1.3166797373876864,direct,,-0.018089861500573345,0.036635194514003114,6954.937,6812.579000000001
2020-04-20,-1.32468981049084,-1.3162037414578565,-1.3161906784740045,0.8836898606892984,-0.8026026628600146,-1.3268315203859493,direct,,-0.040717073608416254,0.040466410085564876,6975.879000000001,6812.579000000001
2020-04-21,-1.3342071563661895,-1.3158677482530716,-1.3263526780363188,0.17390089421688978,-0.9061759314299764,-1.3263889987016948,direct,,0.0018502144699632517,0.04045706953969708,6985.4529999999995,6812.579000000001
2020-04-22,-1.326748545464057,-1.31401942970175,-1.325909711006539,0.14747293906405476,-0.9044716648182657,-1.3165913029594742,direct,,0.040889205278981766,0.03935556541770019,7002.0025,6812.579000000001
2020-04-23,-1.3072583844207886,-1.3065535467954301,-1.316102155047042,1.4606611048117217,-0.6987462673615924,-1.3042230665647996,direct,,0.04958930180606291,0.03378667643981751,7039.281,6786.8884
2020-04-24,-1.3115369727564312,-1.2934857602343346,-1.3037214714911791,0.4272984707344917,-0.8473571036065253,-1.3035173388550763,direct,,0.002695864071836196,0.03291058160859868,7070.955499999999,6755.580800000001
2020-04-25,-1.3080557138853321,-1.2921464144402615,-1.303015033550322,-0.33153097754171007,-0.9612462260291391,-1.3022072509620388,direct,,0.0049910512634765425,0.03138247077565704,7109.219500000001,6723.3114000000005
2020-04-26,-1.3081624376046794,-1.290299163663955,-1.3017036272093947,-0.2285668283549585,-0.9443499155835807,-1.2968092554091628,direct,,0.02046265231379163,0.029817198124095064,7126.9259999999995,6699.263999999999
2020-04-27,-1.3052351092639995,-1.2852414693419296,-1.2963001992150134,0.31530359455699053,-0.8576722682109529,-1.2938010866771774,direct,,0.011174664182253657,0.019296585806589963,7156.217999999999,6693.8588
2020-04-28,-1.3051827802145133,-1.2841281359260746,-1.2932890031184228,-0.03805293149194283,-0.9121170161687424,-1.2947479991911153,direct,,-0.0034786918885739704,0.020162746590340865,7175.8655,6690.177200000001
2020-04-29,-1.2652271410411657,-1.2819299430947706,-1.2942368685873589,4.165105782588615,-0.1860238234177207,-1.2589324053084578,direct,,0.1320357923384603,0.047826441760217595,7250.386,6707.9832
2020-04-30,-1.247726860958632,-1.2575981978982675,-1.2583852305626035,4.280820745532261,-0.10482507901772387,-1.2640846719955905,direct,,-0.016778676283102034,0.050068505030291886,7338.439499999999,6721.8272
2020-05-01,-1.2613014295194942,-1.2499547084144182,-1.263542682394319,1.0842463031111964,-0.6839409597483628,-1.2573888225614849,direct,,0.0221775594033502,0.04938019295603773,7435.5154999999995,6800.073999999999
2020-05-02,-1.2631322577113955,-1.2450635869947648,-1.2568400943828981,-0.12135064884329347,-0.8951558185200192,-1.2520761155480704,direct,,0.017214626146207168,0.048793358624170675,7538.883,6867.044600000001
2020-05-03,-1.2567911474318492,-1.2462392072865067,-1.251522040760765,0.6996831252435918,-0.744732278289052,-1.254659938841916,direct,,-0.00823060846599144,0.050521995384716314,7641.271000000001,6941.553000000001
2020-05-04,-1.2646604725184374,-1.253296844212013,-1.2541084643659237,0.8882113809388256,-0.720353089238163,-1.2555526721607042,direct,,-0.002867346491991385,0.05129704487126229,7741.3815,7012.0455999999995
2020-05-05,-1.2594885033708385,-1.2446090707632922,-1.255002096114784,0.7246119987139465,-0.7419394332759828,-1.2503759374499555,direct,,0.01667482956432642,0.050315151485885466,7861.392,7091.740599999999
2020-05-06,-1.249509491341796,-1.2395378512910742,-1.2498201516352925,1.735286114203252,-0.5436647886762669,-1.2460608267136832,direct,,0.01367147484703346,0.015057059244703892,7963.324500000001,7168.0514
2020-05-07,-1.2269480970717594,-1.2353215636810306,-1.245500698252489,3.0397644078051407,-0.26456578276587833,-1.21646395580462,direct,,0.09250644583315126,0.03322379618724014,8111.464999999999,7259.7888
2020-05-08,-1.2277261474128083,-1.2109008372332606,-1.2158740416075198,1.8277243246765267,-0.48062668330995667,-1.2231664465594212,direct,,-0.019175134225939527,0.036606655107567526,8238.6595,7332.2548
2020-05-09,-1.2321847889910917,-1.218121487811088,-1.2225832776233367,0.7115624944270291,-0.7122464531942905,-1.2325009975689112,direct,,-0.027227273561455934,0.03999425577206388,8359.072,7398.9486
2020-05-10,-1.2444191141989882,-1.264304536843771,-1.2319272227499287,3.3073471458898873,-0.30236573139228184,-1.2606769753922757,direct,,-0.0844847518061278,0.053635076399407344,8453.702,7449.741
2020-05-11,-1.2579148449155582,-1.2642917235435884,-1.2601315563490412,3.7049352010277987,-0.2316388809932044,-1.266485334655511,direct,,-0.019023359912078375,0.054046869184611386,8539.3905,7504.5556
2020-05-12,-1.2644249917957484,-1.2531381016597523,-1.265945761036125,0.9317628525548559,-0.7119101068418698,-1.257666359857929,direct,,0.029443754609704165,0.05506161827652343,8623.679,7550.908600000001
2020-05-13,-1.2495549349900341,-1.2436840216751188,-1.2571179109876731,1.008292713927359,-0.6824408565853443,-1.240319929286989,direct,,0.056257779571440514,0.059278290506593556,8715.0885,7601.913799999998
2020-05-14,-1.2312982935803838,-1.2274638073441302,-1.2397540232942734,2.026009452537971,-0.4601011674616475,-1.2236904118079972,direct,,0.05106016244805445,0.05037010613688346,8829.276,7663.8934
2020-05-15,-1.2346122372011512,-1.231527047201994,-1.223107770180714,1.572318239047148,-0.5575130759253306,-1.2405209166238347,direct,,-0.04916681898339559,0.053278204967793334,8917.5145,7714.968199999999
2020-05-16,-1.2434534366739256,-1.2288508470888828,-1.2399552129010059,-0.09024672686533672,-0.8761819245638854,-1.2378857104803953,direct,,0.008096274682683813,0.05261934155635545,9001.801000000001,7775.0538
2020-05-17,-1.2331029572475416,-1.2249388753581734,-1.2373173547355172,0.44619583602262614,-0.7647620524491482,-1.2279768600023195,direct,,0.03019895430740971,0.03821933025565614,9095.9585,7843.4152
2020-05-18,-1.2310996497543727,-1.2198797573361273,-1.2273985321761232,0.7999150828447669,-0.6937687105508852,-1.2261532931565413,direct,,0.005394723780215438,0.03559207416861171,9194.079,7920.225799999999
2020-05-19,-1.2329260024354625,-1.2200367202633626,-1.2255731301268653,0.7434453337588961,-0.7069032810337169,-1.2241444684176708,direct,,0.005910891282592479,0.03552553379837943,9243.841,7987.7636
2020-05-20,-1.2349141620458854,-1.2253093932884496,-1.2235622837444455,0.7846815139990987,-0.702477739438436,-1.2336083504091306,direct,,-0.02768348295535883,0.03354466396893501,9287.435500000001,8049.4804
2020-05-21,-1.244076221216827,-1.2435427194481066,-1.2330356900092825,1.672105151276735,-0.5580166404094188,-1.249349678630863,direct,,-0.04735710267155302,0.03074858256749673,9298.935000000001,8097.39
2020-05-22,-1.2544652588902008,-1.2390836909846064,-1.2487928600085683,0.16929177215113683,-0.8358818430665346,-1.245447727950506,direct,,0.012322402531816046,0.02638781138065168,9308.416500000001,8144.716399999999
2020-05-23,-1.2528712885012385,-1.2332372668513487,-1.2448869824782127,-0.5612243469435017,-0.9684184486192751,-1.2449076837149822,direct,,0.001684705923404195,0.02609369705556594,9322.3665,8193.566599999998
2020-05-24,-1.2530169147376382,-1.2472585765010233,-1.2443463947522968,0.2162839898020549,-0.8305801894583167,-1.2612558189223908,direct,,-0.050913381935274615,0.026996953382834244,9314.2085,8230.4174
2020-05-25,-1.2643668101552008,-1.249667476935328,-1.2607109824164306,0.1514695520452739,-0.8493268201553443,-1.2548595280059835,direct,,0.020988726258790225,0.029433816987906973,9307.795,8272.8142
2020-05-26,-1.2631928492423798,-1.2473112534017732,-1.2543082543927835,0.009366388989890713,-0.8728809268125385,-1.2568512251283228,direct,,-0.0064011827246704955,0.028528655170347417,9292.359999999999,8302.7598
2020-05-27,-1.255936669136945,-1.2432220310185396,-1.2563019559217599,0.08561128059876787,-0.8526971420653101,-1.2442634756074933,direct,,0.040716829668155485,0.034178711826709327,9252.594500000001,8342.8208
2020-05-28,-1.2422677705789826,-1.2328379189956615,-1.2437015383258483,0.59937517570545,-0.7472410609901047,-1.231152459924477,direct,,0.0407501884923005,0.03174640026226651,9241.171,8387.0676
2020-05-29,-1.2428843582607603,-1.2245626626278154,-1.2305773279624959,0.02091118256196013,-0.8538281303005933,-1.2365735253281906,direct,,-0.01618942535838752,0.032972117934689446,9235.3455,8429.669
2020-05-30,-1.2382608113225821,-1.2247174900050206,-1.2360038490247804,-0.5259155377867129,-0.9562348592861001,-1.2269554947879504,direct,,0.029195872088211505,0.03421400256078872,9283.582,8486.1348
2020-05-31,-1.2393700494636697,-1.2225890584747099,-1.226376139078954,-0.6102771422555994,-0.9724323060366229,-1.2356699561703728,direct,,-0.02570264480225337,0.02763573381227732,9327.6615,8537.3922
2020-06-01,-1.2168028026025723,-1.2218291585888883,-1.2350993705319049,0.17226530849948749,-0.8146584867500973,-1.2090781081045443,direct,,0.0804997000149199,0.038076212306292455,9397.164,8603.3416
2020-06-02,-1.2211671141837557,-1.2245722726029524,-1.2084807609288124,1.513434690519011,-0.5475711740274273,-1.233108503640976,direct,,-0.06732587553115532,0.05024483509352845,9407.479500000001,8656.628
2020-06-03,-1.240652799716213,-1.222293284795498,-1.232535340204713,-0.22777207934751348,-0.8988444909160813,-1.2281341544398507,direct,,0.014942643391521182,0.04868474535020472,9401.123000000001,8712.3604
2020-06-04,-1.2333666681153486,-1.2200744483138999,-1.2275559849118267,0.12283184987350959,-0.8264613412047505,-1.2236428739335434,direct,,0.01329290320978771,0.04667316043966991,9425.266,8775.6606
2020-06-05,-1.2344459547610067,-1.2150811764177918,-1.2230601844650346,0.07800223609543966,-0.8350380101725168,-1.229673542668489,direct,,-0.017614898081075636,0.04677943731519015,9437.012999999999,8825.81
2020-06-06,-1.2385131612783291,-1.2177520376558268,-1.229096922351913,-0.5843603736046756,-0.9660416892642573,-1.2279454011148132,direct,,0.005138214221130255,0.045476698176067996,9437.058,8878.4968
2020-06-07,-1.2358343959227098,-1.2222302860696006,-1.2273670416289824,-0.019984089405460585,-0.8575746225864666,-1.2251756208414863,direct,,0.008193178692772474,0.044007326792199306,9438.4565,8928.225
2020-06-08,-1.2360072194940401,-1.2133894648687005,-1.224594473900725,-0.2400380926917219,-0.8971518733100021,-1.2240612771373764,direct,,0.0032695088557743723,0.029204725235485018,9438.5755,8981.219000000001
2020-06-09,-1.2331277446920352,-1.2153324594713704,-1.2234790087420064,-0.029395127895567412,-0.8559912813248326,-1.2241619455773964,direct,,-0.0002944008635757944,0.010885714331196773,9452.088,9039.964
2020-06-10,-1.2294932856431633,-1.211613043168403,-1.223579778492857,0.021721411408416765,-0.8431294730469333,-1.2202421681941191,direct,,0.011466609405196504,0.010361867996628681,9493.7245,9100.698600000002
2020-06-11,-1.230169087775676,-1.2335099054052314,-1.2196560563191219,1.6580512165266679,-0.5372534138050491,-1.2420435267791368,direct,,-0.06305298104296075,0.02621086979088716,9498.594000000001,9143.353
2020-06-12,-1.2447193176934106,-1.2283553994818273,-1.2414793553826173,0.04332528582194909,-0.8506840470015502,-1.235188984734722,direct,,0.021158529282606198,0.027780878388950287,9512.496000000001,9182.8526
2020-06-13,-1.246651705553723,-1.2238832017931396,-1.23461791505562,-0.8088679969375262,-1.0117708020732272,-1.2348247607260385,direct,,0.0011009876133609708,0.027649161599031653,9550.304,9222.156799999999
2020-06-14,-1.2470799775113621,-1.2279005273253492,-1.234253324498724,-0.712583750098874,-0.9942352397829758,-1.23975157205271,direct,,-0.014876538975054365,0.02752368782954509,9571.915,9257.8924
2020-06-15,-1.24642138888197,-1.240056078098454,-1.239185094075931,0.9598872573375712,-0.6867433533330384,-1.2363977051013504,direct,,0.01027995328754927,0.028035295608567004,9601.1725,9292.458400000001
2020-06-16,-1.2434441413822406,-1.223191283583286,-1.2358278518557606,0.01048867731824369,-0.8546108671077023,-1.2330053883985945,direct,,0.010292004475245697,0.028604176468844236,9617.2765,9327.244200000001
2020-06-17,-1.2446528735713653,-1.2281838436293842,-1.232432121189085,-0.17845542314316978,-0.8924954235823115,-1.235367251763924,direct,,-0.007092697366349432,0.02784929803664397,9611.2475,9361.220399999998
2020-06-18,-1.2470634525483664,-1.2270050200125966,-1.2347963614894175,-0.5082150455058061,-0.9553496891903213,-1.2381097676680788,direct,,-0.008294631747317038,0.012769452356527763,9609.05,9373.134600000001
2020-06-19,-1.249130794273144,-1.228307705531148,-1.2375416374101529,-0.2786092779202402,-0.9135333919747392,-1.2408655662136252,direct,,-0.00840451694814981,0.009853983891151103,9589.1525,9386.42
2020-06-20,-1.2500241750851002,-1.2304603399618033,-1.2403002093396809,-0.7029320704750388,-0.9934182642918955,-1.2388609359930889,direct,,0.006165453464533455,0.010330656262567475,9584.588,9397.021200000001
2020-06-21,-1.2491917300741906,-1.226779007634378,-1.23829356169688,-0.9284121091494465,-1.0351254948967241,-1.2411808541750766,direct,,-0.007091433223850863,0.009011028001941673,9538.667,9403.2552
2020-06-22,-1.236916092458805,-1.226753025109008,-1.2406158146010249,0.05919423169614584,-0.8441467100179807,-1.227241071577868,direct,,0.042914898722776096,0.018751495571521375,9547.06,9418.9436
2020-06-23,-1.2387985611600678,-1.2161745780333626,-1.226662003267998,-0.3118487140527745,-0.9129804601776137,-1.22959384682014,direct,,-0.00694518248258047,0.018929175349970944,9544.972,9433.7966
2020-06-24,-1.2407171782178839,-1.229501122073143,-1.2290171462991566,0.33764557583976545,-0.7960613045417364,-1.2411763101135478,direct,,-0.03442951695188212,0.02333128473950967,9519.891500000002,9439.0604
2020-06-25,-1.2520343679795174,-1.2368160927773142,-1.2406112659664377,0.27119590418010553,-0.814533668574132,-1.242980652083628,direct,,-0.0055547544695221385,0.023236704752224235,9500.8565,9440.8228
2020-06-26,-1.2536293711786672,-1.2353607154315884,-1.2424174237924428,0.03275290759143711,-0.8598401644025118,-1.245890599177955,direct,,-0.009008453337834843,0.023265955726250055,9475.187,9423.9856
2020-06-27,-1.257039366146847,-1.2415566579198236,-1.2453302994029607,-0.4023568700529006,-0.9421345822922094,-1.251166254612751,direct,,-0.01648054666540011,0.023515621726186074,9438.009,9407.9648
2020-06-28,-1.2570576124601551,-1.238755172204928,-1.2506112641584615,-0.6970500834650913,-0.9954728394487027,-1.2472076779348829,direct,,0.012573358468948026,0.024413362646120318,9404.8995,9399.55
2020-06-29,-1.2555225122518647,-1.2358946029391913,-1.2466487036432525,-0.2979780746691876,-0.9217882795169865,-1.244876923913865,direct,,0.0073110908634390626,0.015462450772735632,9375.268,9408.590400000001
2020-06-30,-1.2566703086399427,-1.2343872605427255,-1.2443156039950927,-0.5703725799849315,-0.9711860584358256,-1.2466456124781047,direct,,-0.005507740770452463,0.01548065656661241,9337.499500000002,9419.942200000001
2020-07-01,-1.253273051664072,-1.2333707387282495,-1.2460860725343381,-0.34275667534142323,-0.9281026254207934,-1.243065591079895,direct,,0.011210018749035378,0.011157231623947227,9336.0375,9428.2964
2020-07-02,-1.254368863272726,-1.2384483648505589,-1.242502448269723,-0.06795118509959705,-0.8795965717637702,-1.2481720676085462,direct,,-0.015812505614852035,0.012483708888617256,9317.466,9423.803600000001
2020-07-03,-1.2592158414814087,-1.2351485841285674,-1.2476140638606001,-0.6255782594896827,-0.9821301751087886,-1.2490927643828955,direct,,-0.0028967974661270324,0.012140854097134585,9297.0565,9409.269
2020-07-04,-1.2568451978316473,-1.234969909776023,-1.2485356872069189,-0.8233831605272394,-1.018072057960016,-1.2464453242276483,direct,,0.008353866889613037,0.010508831491614374,9287.481499999998,9405.879200000001
2020-07-05,-1.2583269361802638,-1.2391164360850726,-1.2458855827175424,-0.775424508381655,-1.0100053454996714,-1.248569148677514,direct,,-0.006646102688630751,0.00982822556362246,9270.071,9399.7664
2020-07-06,-1.2507798478720922,-1.2344274800682984,-1.2480115445445097,-0.09656285299665958,-0.8815542900477883,-1.239284931888034,direct,,0.029247564262936177,0.014931979433129551,9261.0885,9393.2962
2020-07-07,-1.2505526296309009,-1.2294206830219978,-1.2387179842933431,-0.4838153010780354,-0.9530899627130426,-1.242421382972406,direct,,-0.009599820264147518,0.015374208806500521,9250.998000000001,9383.988000000001
2020-07-08,-1.247352295130729,-1.2284030934325063,-1.2418575918432744,-0.07622797356756894,-0.8747283570509756,-1.23606389135059,direct,,0.019647154900122477,0.01650743607044952,9253.9245,9377.168
2020-07-09,-1.248384416777837,-1.2307354699907211,-1.2354937021611008,-0.33111935454980634,-0.923991776696317,-1.243063493820728,direct,,-0.021214721586575114,0.017631610828405288,9250.7805,9371.758
2020-07-10,-1.2526657592739792,-1.232253846062344,-1.2425003488999136,-0.5335840389444272,-0.963566910001224,-1.2413290604895504,direct,,0.0053707401815139555,0.017493005950233693,9247.25,9376.3472
2020-07-11,-1.253185262798157,-1.2301389396822262,-1.2407641700675545,-0.9781681816930107,-1.0454358356121034,-1.2431271106821293,direct,,-0.00553798916302517,0.017650316555666214,9244.465999999999,9377.675
2020-07-12,-1.2518849547724311,-1.2308151971918566,-1.2425640297841316,-0.8163306865992886,-1.0152075310962483,-1.2408963260147425,direct,,0.006909072406689365,0.017334370051246557,9224.933,9379.9702
2020-07-13,-1.252007859184712,-1.2296744575506116,-1.2403310000968855,-0.4825702294811572,-0.952676702382281,-1.2431005453993462,direct,,-0.006779952585488691,0.013313597144254244,9205.6125,9390.358199999999
2020-07-14,-1.253965034489518,-1.2329304594969797,-1.242537437766546,-0.48281861053439146,-0.9539306529745659,-1.2424650758717202,direct,,0.0019679818659890103,0.012865629423480187,9203.769,9397.45
2020-07-15,-1.2542060235332055,-1.2311084793960332,-1.241901328714303,-0.56673165148646,-0.969431474271297,-1.244661954849239,direct,,-0.006790138795406686,0.009627487816512695,9201.364,9404.4244
2020-07-16,-1.2561353129629562,-1.2357967235627976,-1.244100418589631,-0.4118400305202213,-0.9426544363546372,-1.2467588644731273,direct,,-0.006525461155068579,0.006154381547258647,9200.122,9402.9966
2020-07-17,-1.2572868963217205,-1.2339658453367244,-1.246199438504045,-0.6700778712451837,-0.9897088705451016,-1.2459353407068527,direct,,0.002579591228951905,0.0056990522475186605,9207.604499999998,9394.538199999999
2020-07-18,-1.2564998949590491,-1.2323531491387583,-1.2453750859588941,-0.9722788065780802,-1.0449666752103477,-1.2452212239604612,direct,,0.002231131215196358,0.005657299133457583,9210.446,9389.590199999999
2020-07-19,-1.2553858370370876,-1.232798411320099,-1.2446602505387994,-0.9425501275705094,-1.03949750093663,-1.2438649963657475,direct,,0.004227859852983906,0.0051028421343111835,9211.8935,9379.915
2020-07-20,-1.2558519787015918,-1.2319623434831928,-1.2433026580620656,-0.7338512898284234,-1.0009045186331516,-1.2456686392494387,direct,,-0.0055989461828425124,0.00490717290708792,9213.291,9374.194
2020-07-21,-1.2485951100560324,-1.2310600735953439,-1.2451081160981343,-0.1788480481508319,-0.8836890201309713,-1.23768472314355,direct,,0.024923563084188638,0.011093389037858323,9220.988000000001,9357.826
2020-07-22,-1.2445905606900687,-1.226518470530668,-1.2371161651287848,-0.33879383655441153,-0.9232758812834456,-1.232636969871577,direct,,0.01537449309739447,0.011278109056233065,9243.21,9358.0958
2020-07-23,-1.240334349908483,-1.2205246934453118,-1.2320633318925702,0.13628523723282496,-0.8289351047927317,-1.2299115815839532,direct,,0.008175321162097182,0.010002130788521735,9270.6475,9357.0788
2020-07-24,-1.2412869451711737,-1.2198505714857117,-1.229335200825278,-0.20327910407114927,-0.8939796356617113,-1.2321829132619038,direct,,-0.006758042726055846,0.011293915379916763,9291.049,9352.1924
2020-07-25,-1.2379513125364745,-1.2177303262305177,-1.231608818328839,-0.5410182316298271,-0.9574714216889334,-1.2266538390110848,direct,,0.016562951887022725,0.011768514837967021,9322.397500000001,9353.9202
2020-07-26,-1.2243240706560634,-1.213376651568518,-1.226074179721371,0.09052190771072721,-0.8273388370739738,-1.2184885099872436,direct,,0.02406161256065631,0.012996129392323738,9352.1455,9359.3312
2020-07-27,-1.1810517337014497,-1.2035378166534052,-1.2179006332635098,3.139851769637365,-0.1581815410317754,-1.1800062510736407,direct,,0.11073515315313509,0.038210399234037254,9441.426500000001,9385.176000000001
2020-07-28,-1.1860123210307283,-1.1802080003461706,-1.179379646526125,1.6144712479342749,-0.45870475270849254,-1.1838400408310674,direct,,-0.009932137637259641,0.040798082860505375,9516.1295,9408.1896
2020-07-29,-1.182736935656951,-1.1708450371628345,-1.1832172945376758,0.7866763023444785,-0.6350995064785422,-1.1775909075995505,direct,,0.01635193894593212,0.040770883845838095,9609.784,9434.8364
2020-07-30,-1.1884439004815366,-1.1700940354021396,-1.1769618722956534,0.2134205713994015,-0.7663681150162646,-1.1775342816020393,direct,,0.00014578781213892,0.041357761104151985,9701.038499999999,9459.272799999999
2020-07-31,-1.1791021323380166,-1.1662952478230417,-1.1769051893108,0.5108287374855418,-0.6924139122130809,-1.1691781019939935,direct,,0.021510465499214426,0.03946458725779398,9806.818000000001,9500.964600000001
2020-08-01,-1.1646200678926393,-1.157072875016708,-1.1685406002002852,0.8498973721266166,-0.598297337764768,-1.1531096013421962,direct,,0.04049249871396454,0.03958414006935723,9932.3915,9547.928399999999
2020-08-02,-1.1566288712039574,-1.1765334305938415,-1.1524559285107356,0.8414724697444638,-0.6121660799636726,-1.1792875902657203,direct,,-0.06340106430350423,0.052964305344918014,10023.672,9579.7054
2020-08-03,-1.1783385413395893,-1.1675840522663954,-1.1786602624714435,0.08696541469777419,-0.7872761056255231,-1.1733023621460614,direct,,0.015477019026528538,0.033333529337180035,10122.605,9617.726
2020-08-04,-1.180443064231107,-1.1649000218031729,-1.1726690109304352,-0.1596006274123176,-0.844334463037434,-1.1747197597998147,direct,,-0.0036093435267247065,0.033010400894952524,10222.653,9653.016599999999
2020-08-05,-1.167482673461586,-1.162251939765462,-1.1740878350266093,0.3010702344001961,-0.7297175532783025,-1.1552197936074755,direct,,0.04983571820356647,0.03727415428954969,10353.594000000001,9697.5236
2020-08-06,-1.1634137455939517,-1.1450846089959859,-1.1545682444339422,0.36335125577689253,-0.7073461111774971,-1.1545479715876201,direct,,0.0016354593453908883,0.037221818664388666,10484.318000000001,9743.7664
2020-08-07,-1.1633170057064142,-1.1531776317612368,-1.1538957463050035,0.572621088489799,-0.6620149729166782,-1.160401072379753,direct,,-0.01422531298661922,0.03764402531855345,10605.648000000001,9788.2294
2020-08-08,-1.1668017072781374,-1.1466125950427455,-1.1597547375480208,-0.5752279722167807,-0.9304026435779817,-1.1545654487473458,direct,,0.014387503425596027,0.0345636907896284,10733.3855,9837.6082
2020-08-09,-1.1670933040209994,-1.146646051993222,-1.153913241053415,-0.6935776741231342,-0.9585113668204267,-1.1575166419386258,direct,,-0.007172852753048464,0.021394633972896083,10859.4815,9884.151399999999
2020-08-10,-1.1577505030672923,-1.142856162539251,-1.156867404270184,0.5810685070014232,-0.6502336025077249,-1.1501388337320237,direct,,0.018061257844628864,0.02156582524314249,10984.7105,9936.2434
2020-08-11,-1.1623606234730366,-1.160716835218601,-1.1494821711757457,0.8122891032475347,-0.6103362318234233,-1.167909609741103,direct,,-0.04273198956747726,0.02899243341345522,11077.299,9970.1914
2020-08-12,-1.1733548879161289,-1.1591436466961975,-1.167270831360577,-0.07106931721689852,-0.8178490630043963,-1.1615765861429028,direct,,0.015908318633489626,0.021757135717045226,11175.048,10009.1092
2020-08-13,-1.1673546049983694,-1.155521397919614,-1.1609314343261794,0.09204596822434002,-0.7776809192583148,-1.1538695082470691,direct,,0.01905673113406081,0.02319387429708762,11287.0705,10059.064
2020-08-14,-1.1650104701434134,-1.1422585644557406,-1.1532166001716684,-0.08232843739629618,-0.8128519398101435,-1.154434370049403,direct,,-0.001370574046619888,0.02232930544211463,11390.376,10109.728
2020-08-15,-1.1609415422757787,-1.1408106615351215,-1.1537820304403286,-0.29883790936338644,-0.8613357787582452,-1.1514146663919989,direct,,0.007337029450032784,0.021847300546135623,11486.321,10163.7848
2020-08-16,-1.1625479063869881,-1.1406917825834284,-1.1507592878097865,-0.6177838087327363,-0.9380856255480751,-1.1494201729241034,direct,,0.0048107607257790175,0.021540231845127888,11530.072499999998,10222.0014
2020-08-17,-1.1439652412282348,-1.1380422768456975,-1.1487627871210642,0.5796169202795475,-0.6400749376187341,-1.1360249786239474,direct,,0.032154804887073896,0.02372898087722781,11598.469000000001,10285.6174
2020-08-18,-1.1466274816208581,-1.135209825655361,-1.1353541121485402,0.362922745687885,-0.6951752611384682,-1.1480667416749462,direct,,-0.028005420613777976,0.0189636752676551,11640.7015,10341.0098
2020-08-19,-1.1595582651650118,-1.144572076988687,-1.1474079938040762,0.3695854091243576,-0.7051617756998436,-1.1549289736696402,direct,,-0.016419259845325107,0.02035423422240259,11673.037,10393.487799999999
2020-08-20,-1.1641398111555763,-1.1414815801696758,-1.1542771318203746,0.12737940439773848,-0.761461619941449,-1.1513265815069815,direct,,0.008763329725170133,0.01930425337124479,11698.572499999998,10445.9786
2020-08-21,-1.1643480945433349,-1.1480487524381975,-1.1506711142777926,0.8429240564663395,-0.595605995090346,-1.1630740291881998,direct,,-0.02832907514942984,0.022318759175946248,11684.319,10494.6696
2020-08-22,-1.171118165320645,-1.1521582625467202,-1.1624303843700785,0.35002628071847025,-0.7178366382290032,-1.1580731147042915,direct,,0.012411352132103204,0.02278097480822357,11714.665,10546.748800000001
2020-08-23,-1.170167979948391,-1.1470849075244716,-1.1574244370596067,-0.21755116382547307,-0.8478650210988509,-1.1587337513419225,direct,,-0.001619478990473322,0.022585250404677053,11735.5045,10596.9352
2020-08-24,-1.166249153827968,-1.1444852312874503,-1.158085738549562,-0.016499014740675687,-0.7976202119944718,-1.1550677423178621,direct,,0.00900140067561983,0.017756981012145137,11763.6155,10650.4344
2020-08-25,-1.1683082330712475,-1.1610101174227774,-1.154416040122762,0.3956907503596066,-0.709642448109239,-1.1699526897130361,direct,,-0.036221972712735195,0.01960522383407939,11742.541,10690.104599999999
2020-08-26,-1.1760539652054305,-1.1564233118824578,-1.1693159674498836,-0.43697647455914285,-0.9032469794545696,-1.16518736734223,direct,,0.01203206196339801,0.02037889386176052,11727.322,10734.295999999998
2020-08-27,-1.1743673861696795,-1.160826460120162,-1.1645458493479992,0.04890119419689144,-0.7936667786973949,-1.1699366107260882,direct,,-0.01184889712903836,0.019805647415061786,11713.681999999999,10772.1324
2020-08-28,-1.17566975981578,-1.155361231667333,-1.1692998722813448,-0.3086672553213339,-0.8728122306246361,-1.162799288237312,direct,,0.018020442996305563,0.01897003820158451,11701.904,10818.0576
2020-08-29,-1.1745622430250042,-1.1502099290689745,-1.1621553669250493,-0.819132185645895,-0.9896835008506043,-1.164712338140886,direct,,-0.00474460369598817,0.018231369870639683,11691.611,10861.895799999998
2020-08-30,-1.1699834511949392,-1.1489189890755904,-1.1640703420861742,-0.8158634769127519,-0.987630511003604,-1.1564610214911941,direct,,0.020561858040778924,0.02017281486596865,11682.567500000001,10911.483999999999
2020-08-31,-1.1680455550136277,-1.144779937191647,-1.1558107214661282,-0.4664324973113928,-0.9047035095504479,-1.1585138886725734,direct,,-0.00501257197090621,0.019937100305006325,11696.0075,10958.621200000001
2020-09-01,-1.1581722338937457,-1.1464150566649325,-1.1578656546145452,0.19750588963721558,-0.7425184504261108,-1.1491153712584874,direct,,0.023064366291782212,0.01428827869388933,11713.8325,11012.3972
2020-09-02,-1.1618827766264104,-1.1578484356027525,-1.1484576787087672,0.4970763077816812,-0.685358364841136,-1.1675988658411804,direct,,-0.044336693583886255,0.023911749654665478,11694.1935,11055.233800000002
2020-09-03,-1.1785826288138386,-1.200622079011883,-1.1669597747338203,1.5154069627349191,-0.48976858818272156,-1.210357785739659,direct,,-0.1073250335588134,0.04723957107275881,11614.1985,11074.861799999999
2020-09-04,-1.2071739132270018,-1.20052989443557,-1.2097617264075036,0.5142001760593996,-0.72452271904525,-1.200126306893047,direct,,0.028768641973852427,0.048617982617635086,11544.5195,11101.5438
2020-09-05,-1.2095066871698983,-1.205511776731516,-1.1995199507924328,0.7283862649166332,-0.687993412294438,-1.2105902319640107,direct,,-0.02859946137171565,0.04880166508426698,11457.0195,11121.7674
2020-09-06,-1.2167305058894662,-1.2005462669858034,-1.2099944065613768,-0.3567026030329311,-0.909852516650161,-1.2073604528467037,direct,,0.00908735962045526,0.04754038754711701,11354.978500000001,11143.430400000001
2020-09-07,-1.214981613972419,-1.2050266509496075,-1.2067613770549281,0.0724622128018429,-0.8239447689628561,-1.2032110255846309,direct,,0.011569758205600689,0.04868118174771901,11276.098,11166.691599999998
2020-09-08,-1.213886835173952,-1.2063791659688683,-1.2026077738870657,0.5341146371335117,-0.7312794203441754,-1.2119684807799784,direct,,-0.02413894102367442,0.045640057634240075,11194.5065,11185.974000000002
2020-09-09,-1.2171446627745466,-1.201611550525974,-1.211374042421109,-0.1971835656457439,-0.8772595108083976,-1.2084622129958111,direct,,0.009903697867609695,0.0458472440062749,11112.7775,11202.6944
2020-09-10,-1.212179255664394,-1.1933633444585128,-1.2078642459947904,0.14392418597060766,-0.8027591827208034,-1.2043784998543068,direct,,0.011421616310729021,0.020923979387940543,11053.694,11218.863199999998
2020-09-11,-1.214958203608175,-1.1935726283614934,-1.2037764230809551,-0.48509203598198286,-0.9342898783219042,-1.202532212700885,direct,,0.005105512639091758,0.017640383537494246,10990.098,11234.528999999999
2020-09-12,-1.2124050968253355,-1.1911900663775636,-1.2019282778587623,-0.7699274064598636,-0.9923315704673622,-1.200801973888042,direct,,0.0047603019666297985,0.012693204557902377,10929.922,11252.4844
2020-09-13,-1.2092305825798446,-1.193255499181977,-1.200196297766022,-0.3758494048178688,-0.9103388416767509,-1.2048440913893992,direct,,-0.011068147013782448,0.013590214190689788,10858.720000000001,11264.9634
2020-09-14,-1.203227889771648,-1.1920019313141252,-1.2042424831786378,-0.19549028234657076,-0.8683950292263188,-1.1927516445751958,direct,,0.03348218606397757,0.018163495848499762,10826.107500000002,11279.6894
2020-09-15,-1.1969084685060336,-1.1787387419252469,-1.1921378667527087,-0.18873051810175162,-0.8611776827092725,-1.1889629458898612,direct,,0.010150482613821898,0.01318568013275,10792.098,11274.5646
2020-09-16,-1.1914755426511272,-1.1773947691061077,-1.18834535519206,-0.19334280649821142,-0.8587647747509022,-1.1830067298553468,direct,,0.015797231776168763,0.013430836878267712,10773.402,11275.041400000002
2020-09-17,-1.1931091040972668,-1.1743348818375328,-1.1823831449334146,-0.4435744041233845,-0.9148449415509232,-1.1834247835159852,direct,,-0.001091529693075799,0.014022022438246304,10743.8985,11271.7034
2020-09-18,-1.1933359780683954,-1.1719167273530962,-1.182801619315418,-0.5915606096322842,-0.9464967832873379,-1.1836782023320076,direct,,-0.0006623944508704627,0.014396071120593544,10716.769,11268.187999999998
2020-09-19,-1.1887496122969576,-1.1692579675652335,-1.183055293167385,-0.7774252775739257,-0.9858217047719632,-1.1785846589015532,direct,,0.013322496386414695,0.014503865079993884,10685.122500000001,11262.8058
2020-09-20,-1.1918473543185308,-1.1736500821277807,-1.1779566236903323,-0.6261527726057329,-0.9543086769632773,-1.1842388696160078,direct,,-0.014594522903638829,0.015336635427820938,10648.324499999999,11244.994400000001
2020-09-21,-1.1950025894405267,-1.1898624661086576,-1.1836165246964265,0.18709288338561988,-0.7874463881275733,-1.2018457098668602,direct,,-0.04611947609608269,0.021582530941747224,10572.897,11232.087200000002
2020-09-22,-1.209301157942639,-1.18821595703521,-1.201241084141158,-0.38080717507590944,-0.9094026366443186,-1.1977703857620243,direct,,0.011191057136878513,0.021694021722706378,10529.738500000001,11218.0872
2020-09-23,-1.2103491160126179,-1.1953120338612635,-1.1971616587065603,-0.4541383388053448,-0.9261550237875106,-1.2081392350840805,direct,,-0.02815829166955386,0.021651953105312184,10532.912,11198.965400000001
2020-09-24,-1.2018907448492442,-1.1936345593123752,-1.2075409430441457,-0.3718116295374592,-0.9068038076348893,-1.1904911487362755,direct,,0.04931486244016203,0.031178993123613365,10546.6945,11178.784
2020-09-25,-1.2029163253651662,-1.1812344880607883,-1.1898750959931632,-0.20212268973406575,-0.8672250671735297,-1.1921990167846694,direct,,-0.004548086285183328,0.031180736545940908,10573.001999999999,11157.240999999998
2020-09-26,-1.2008297045168939,-1.1778172520871242,-1.1915846828079364,-0.9074854776926788,-1.0177189145558874,-1.190796999031475,direct,,0.0037506592407789974,0.030559612891047718,10596.695,11139.849199999999
2020-09-27,-1.201264861875781,-1.1794448971353033,-1.1901812540903647,-0.9065763889652608,-1.0176979042759766,-1.1891457569805919,direct,,0.004400874585321901,0.03032171994606073,10616.8145,11120.0632
2020-09-28,-1.1964020472442272,-1.1781365168166709,-1.1885283502604442,-0.25752081178289493,-0.8745181920268437,-1.1920284397057468,direct,,-0.0076492352156060095,0.02362303995380594,10645.3375,11100.316400000002
2020-09-29,-1.1994515914570627,-1.1784265956958018,-1.19141393406344,-0.2962809214102613,-0.885853672821855,-1.1870547895910106,direct,,0.013299373773249856,0.02374250172353976,10675.9595,11079.194
2020-09-30,-1.199895699837573,-1.1775318002330593,-1.1864352785604904,-0.3529529638468541,-0.8978605238489951,-1.1892174133354672,direct,,-0.005706885435220466,0.019810924804919562,10697.646499999999,11067.002199999999
2020-10-01,-1.1972671979110656,-1.1850599700152662,-1.1886000787289317,-0.00463019999292823,-0.8233768852557378,-1.194692308391136,direct,,-0.014530466388729568,0.009273372613497472,10708.861,11048.054200000002
2020-10-02,-1.2061486769811423,-1.1874300746240185,-1.1940804836163237,-0.20370022605517388,-0.8711176772828612,-1.196305450233817,direct,,-0.004344433053840024,0.009262782437628007,10715.293000000001,11023.7734
2020-10-03,-1.2084280890643648,-1.1831796182134886,-1.1956952488947068,-1.0244493821929566,-1.0442547461196054,-1.197165326492321,direct,,-0.002325880430836147,0.008964246236689132,10726.276999999998,10999.323799999998
2020-10-04,-1.2050659476348597,-1.182218264774798,-1.1965559905165535,-1.023823855971072,-1.0436532693343699,-1.192849167126465,direct,,0.011702002645933796,0.010224674529508164,10726.1375,10975.616000000002
2020-10-05,-1.2016373620833098,-1.1788985522525226,-1.1922354874488448,-0.5522703155187649,-0.9414559795746392,-1.188668980063275,direct,,0.01120226462036511,0.010762146091369381,10726.558,10953.1588
2020-10-06,-1.201564032560016,-1.1822602639253963,-1.188051093523778,-0.30675830971956497,-0.8895575277281981,-1.1953525954855726,direct,,-0.017712649523719648,0.011378216271924396,10708.898,10919.213
2020-10-07,-1.205760684620805,-1.1815096180897064,-1.1947414352113108,-0.7031888950768249,-0.9751826233346987,-1.1929487869369015,direct,,0.006485349729816514,0.011836990135608851,10695.2745,10893.5326
2020-10-08,-1.196201682067904,-1.1819797950214022,-1.1923352075147906,-0.010856261606364553,-0.8227636085550418,-1.1839749645041497,direct,,0.024054899102099014,0.013543103363305553,10694.85,10876.913199999999
2020-10-09,-1.1909722198198822,-1.1713696706203056,-1.1833523539954125,-0.24357277320424917,-0.8680219861458509,-1.179452574653531,direct,,0.011837795304408427,0.013228618370633138,10693.608499999998,10860.8202
2020-10-10,-1.1780238785025456,-1.1635863026094644,-1.1788254128964484,-0.47168156999447286,-0.9124822278196127,-1.1709660154339314,direct,,0.021954501310271102,0.013714234694218409,10712.594500000001,10856.304600000001
2020-10-11,-1.1797910167329009,-1.1555384823198571,-1.1703303129627833,-0.7667399668815321,-0.9795118278553565,-1.1683814930536967,direct,,0.006542453836059892,0.013741874944230025,10760.463,10850.406400000002
2020-10-12,-1.16976656105562,-1.1576775916003197,-1.1677431895676882,0.07447318461528017,-0.7840502532970808,-1.1626402460838081,direct,,0.01443891306851297,0.013874485427985491,10810.714499999998,10848.171199999999
2020-10-13,-1.1753984750066,-1.154453978829413,-1.1619961647145045,-0.2131710730141897,-0.851364167422851,-1.1665715583925045,direct,,-0.009746303216011332,0.011352879879549463,10870.1745,10841.589
2020-10-14,-1.1757923199579983,-1.1550120692373607,-1.1659314334221913,-0.5921298455304895,-0.9387962346268215,-1.166501300210407,direct,,0.00017589472219547986,0.011984971648649648,10904.4905,10843.563800000002
2020-10-15,-1.173818275420134,-1.1560737935274803,-1.165861104533577,-0.23024322455702806,-0.8552949461649274,-1.1637395594305542,direct,,0.006912934300438378,0.01023242867845775,10945.2,10844.3922
2020-10-16,-1.1759610122885795,-1.1576455583498635,-1.163096584389589,-0.3619741918454829,-0.8874544541530559,-1.1701033428298715,direct,,-0.01581987277019814,0.013171335964106558,10974.801000000001,10844.2968
2020-10-17,-1.1806203633132486,-1.156015421826649,-1.1694667721811909,-1.0444560186720933,-1.0430272839994947,-1.1686562340045845,direct,,0.0036552256925284077,0.010426772556766249,11004.11,10840.945600000001
2020-10-18,-1.1770513155762348,-1.1529345349827749,-1.1680182070127172,-0.987210166748496,-1.0291818556792347,-1.163564088746908,direct,,0.012815313631225456,0.011232942200546438,11044.8265,10841.6026
2020-10-19,-1.1664385023622938,-1.150803967902434,-1.1629209371155373,-0.012815516684921828,-0.7997143180524687,-1.1550509642445257,direct,,0.021153740924649833,0.012687132216504386,11090.606,10842.409399999999
2020-10-20,-1.1586655728931805,-1.1411484343649316,-1.154399245164287,0.3136662497669734,-0.7150574959514661,-1.1492869969669939,direct,,0.01402582998210411,0.011949449829461367,11147.724,10847.688799999998
2020-10-21,-1.1177435676546457,-1.1335985531574153,-1.1486294771381684,2.233714062438074,-0.20592611642531058,-1.1181311634103992,direct,,0.0747648421628313,0.02809817841739748,11257.240000000002,10865.4172
2020-10-22,-1.1190758927961757,-1.1051163664768067,-1.1174422889348918,0.6169388121369116,-0.5994724937333772,-1.1119393552627825,direct,,0.013824902775360526,0.02781336468950139,11377.9205,10897.2642
2020-10-23,-1.1247863003213856,-1.1039816775606477,-1.1112442494676593,-0.25749653658080834,-0.8278158143602274,-1.1137936819096779,direct,,-0.004083832104847862,0.025726228648338602,11497.1785,10952.515800000001
2020-10-24,-1.1201217852457803,-1.0985057713576665,-1.1131004422741213,-0.6563764546471571,-0.9293960126857804,-1.1071897623357296,direct,,0.014603623658905995,0.02492623368168934,11619.708999999999,11005.691800000002
2020-10-25,-1.113945924596191,-1.0976543987455425,-1.1064898766393454,-0.4003810796917627,-0.8616002011409785,-1.1101580831435405,direct,,-0.006469538241659967,0.026965827727621124,11732.014,11063.156599999998
2020-10-26,-1.1175576618209437,-1.1016884527529904,-1.1094611847095575,-0.15008228549269756,-0.7964757341797244,-1.1091716722486225,direct,,0.0021639096372192412,0.027574526285665486,11855.2905,11119.337799999998
2020-10-27,-1.0989206019923294,-1.0923066255443858,-1.1084737811092114,0.18960800541050882,-0.6957689183805003,-1.0890173611961538,direct,,0.04411745577274595,0.029571156127716488,12003.958,11184.676599999999
2020-10-28,-1.0964270539302872,-1.0978053109476915,-1.0882991871360173,-0.24933268057471758,-0.8148904516614314,-1.1016026639146217,direct,,-0.026384982581001748,0.022008760941188716,12121.7865,11247.8252
2020-10-29,-1.1037245464432113,-1.0949789104824414,-1.1008971554671512,0.06714735080296277,-0.7294757327290023,-1.0954433632840948,direct,,0.013262863005109926,0.02197388328426646,12241.9565,11312.4918
2020-10-30,-1.1026473254179274,-1.0897478806829475,-1.094731656231964,0.5901783922598467,-0.5878378716924518,-1.0918161535546256,direct,,0.007708261217722612,0.021581701333820334,12355.175500000001,11376.897200000001
2020-10-31,-1.0887763403333297,-1.079080452356035,-1.0911007961466377,0.14040322622447718,-0.6981035210867373,-1.083515900857702,direct,,0.017504118767944776,0.0217789548822515,12476.5705,11444.9954
2020-11-01,-1.0950000545215939,-1.0720338491056856,-1.0827921902310396,-0.6595575615640746,-0.9196958047799603,-1.0849731464356296,direct,,-0.0030202681801091424,0.02144898951343955,12587.6685,11511.2698
2020-11-02,-1.0973596815293583,-1.0865758770377756,-1.084250902353592,-0.2154430912036892,-0.8020536341134811,-1.0916312452047279,direct,,-0.013841293094177143,0.02296292532690285,12694.866,11576.0474
2020-11-03,-1.0889918533923988,-1.083757306922637,-1.0909157017084439,-0.6198704206686174,-0.910116520371608,-1.0758130174802023,direct,,0.03334551595874813,0.020140623668980034,12824.59,11642.9568
2020-11-04,-1.082541609503068,-1.0752759699768561,-1.0750815548161472,-0.3230684310055968,-0.8232512277207447,-1.0711308863896905,direct,,0.009551633011926741,0.015005857204563097,12957.060999999998,11710.377400000003
2020-11-05,-1.0315700168726964,-1.054801739985287,-1.0703947117167016,0.08909037441666191,-0.6802959154815176,-1.0207201164201112,direct,,0.10186590646946936,0.03829101781320094,13170.7445,11803.233799999998
2020-11-06,-1.0243606574957498,-1.0154649084250995,-1.0199332092934876,-0.17750376485846941,-0.7420078300200913,-1.0210451915910088,direct,,-0.000596156903368672,0.038926405710130035,13381.893,11896.143399999999
2020-11-07,-1.0306904068632368,-1.0436623551016533,-1.0202586116139418,-0.4887994574253005,-0.8478686246066546,-1.047346918805391,direct,,-0.04826363544233658,0.04693567301015713,13548.1345,11974.1488
2020-11-08,-1.034516280066809,-1.032565681218628,-1.0465868083934033,-0.7346692585943859,-0.9207717687756274,-1.0246234652732462,direct,,0.04381203599368111,0.04788382355003421,13734.703,12062.2416
2020-11-09,-1.0290651078985948,-1.0292192743209727,-1.023840486403716,-0.2638661385196264,-0.7741413021028993,-1.029979166099586,direct,,-0.009892660565267164,0.047467902616020095,13905.3655,12150.5052
2020-11-10,-1.040606417470858,-1.0197523810361566,-1.0292015771069416,-0.5825091255846779,-0.8730943257136797,-1.0307236931039003,direct,,-0.001388976741486747,0.047478485718714485,14030.396499999999,12248.417
2020-11-11,-1.0231849752326165,-1.0130022633150295,-1.0299468533892722,0.22037277818829873,-0.6147957669997137,-1.0169744115477017,direct,,0.025686099990009037,0.04764145793925202,14166.238000000001,12351.864
2020-11-12,-1.0105860680286272,-1.0063290253949975,-1.016183734813931,0.9757094118802098,-0.36248349165680993,-0.9960210447525747,direct,,0.03816431825648059,0.031996631311730916,14334.704499999998,12473.2328
2020-11-13,-1.0059855871846302,-0.988548791766793,-0.9952092809433623,0.1086171358864338,-0.631483282877833,-0.9951010470646144,direct,,0.0016140773052268909,0.03192242979787416,14495.0405,12585.030200000001
2020-11-14,-1.011092145020371,-0.9976316419711398,-0.99428835738698,-0.39606888908341725,-0.8023637408514037,-1.0040808117316729,direct,,-0.01572903687966276,0.02387040381898671,14646.7775,12692.6668
2020-11-15,-1.0172019058179773,-0.9949472555829122,-1.0032771591208178,-0.7607077550702659,-0.919562796864315,-1.0079694797706382,direct,,-0.006920275318099356,0.01988270140988015,14791.541000000001,12797.2762
2020-11-16,-0.9924261665065142,-0.9920379245914809,-1.0071697406423805,0.07220222186934988,-0.6376435453982984,-0.9815174489826154,direct,,0.047402080840855065,0.02427572953353835,14945.313,12916.076
2020-11-17,-0.9586570603546908,-0.9676310792189083,-0.9806910890265801,0.7927855615362803,-0.36421711428200776,-0.9479585059637387,direct,,0.05741603903008485,0.0284138808572746,15165.0915,13055.726799999999
2020-11-18,-0.9377003088455517,-0.9428085134404155,-0.9470983729167198,1.4460449704539091,-0.10289480968450627,-0.944297740087596,direct,,0.005923126605487994,0.028859498356290012,15381.295999999998,13194.626400000001
2020-11-19,-0.9477953398856267,-0.9391008426626153,-0.9434339229144433,0.3038242384861981,-0.5144327732604209,-0.9429565428502469,direct,,0.0021572819933577403,0.027915473775124513,15594.230500000001,13335.5308
2020-11-20,-0.9256932018788465,-0.9248997908853813,-0.9420913759213434,0.40577375458863313,-0.45780929622907873,-0.9133103863507571,direct,,0.04758244766794717,0.030079727424773727,15837.698999999999,13496.530599999998
2020-11-21,-0.9204861171848816,-0.9037226090088015,-0.9124153840858539,-0.06635676168138531,-0.6239032236598754,-0.912217015238318,direct,,0.0016751656689577565,0.02725033790696509,16084.816,13659.079
2020-11-22,-0.9276665578765858,-0.9294873082757111,-0.9113209126252292,0.136352081992194,-0.5590424977809629,-0.9217759729786857,direct,,-0.014620889796119196,0.028735693578404983,16327.783500000001,13816.65
2020-11-23,-0.927525062880935,-0.9161283750604695,-0.9208894903214249,0.3308896815546993,-0.48426602200156643,-0.9233436742060799,direct,,-0.0024334543820897503,0.02726206615291616,16545.8815,13970.8544
2020-11-24,-0.9048779453653583,-0.9123103675310981,-0.922458769253938,1.2156374175704385,-0.13004005336470809,-0.8963792130948999,direct,,0.041957517075733586,0.023524907256768993,16795.853,14138.0954
2020-11-25,-0.9024914652927258,-0.8979982671522825,-0.8954671716147118,0.7177206558375275,-0.3152850612192787,-0.9114585065062233,direct,,-0.022518995508728934,0.02691128237118937,16952.144999999997,14300.5326
2020-11-26,-0.92251076942192,-0.9780643088924856,-0.9105616405441694,3.1670484395229432,0.44780412500619754,-0.9656342062239103,direct,,-0.08276833623842228,0.04371558584124527,17031.407,14430.596399999999
2020-11-27,-0.9716790754653833,-0.9712127525449142,-0.9647918616701926,0.7551181878173355,-0.39099354025089533,-0.966363353327666,direct,,-0.0012144952276043064,0.037482376891687284,17147.249,14555.108400000001
2020-11-28,-0.9573977204663916,-0.9558321653008826,-0.9655217425739211,-0.1721044673740705,-0.6944406818696905,-0.9459185718805564,direct,,0.03409501603031195,0.04118940461054702,17259.8315,14688.730800000001
2020-11-29,-0.9417923028073676,-0.9327486490971552,-0.9450563858821274,-0.4372273183140381,-0.7761852115438298,-0.929863004326956,direct,,0.025892479664485046,0.04272283279275938,17403.0415,14826.684
2020-11-30,-0.8900488566970709,-0.9094184768649153,-0.9289846603064025,1.3508397387572817,-0.06617789027410002,-0.8778635605383117,direct,,0.0817419198504552,0.05288850811416048,17621.6985,14992.911199999999
2020-12-01,-0.8879295301928694,-0.9095914564173786,-0.8769328852525815,1.8125234745814967,0.11017587750496106,-0.9091420837561807,direct,,-0.04545364499283022,0.05465788243903887,17775.946,15137.956600000001
2020-12-02,-0.9077123207891873,-0.9040450770633938,-0.9082428865897069,0.288448184758717,-0.4833473223820488,-0.8939663164231714,direct,,0.0231034113930213,0.05444801814396519,17921.929,15293.9346
2020-12-03,-0.8983712411857921,-0.8848920406906395,-0.8930518466490177,-0.03127874285168079,-0.5941707583133927,-0.8861977189251031,direct,,0.011559752608291118,0.03839590900747576,18077.7085,15454.3174
2020-12-04,-0.9006733750931339,-0.8950120563597564,-0.885275430980098,0.09306939667173132,-0.5536695560438254,-0.9135823309560889,direct,,-0.04028292243490983,0.044152580227493105,18207.161,15597.451200000001
2020-12-05,-0.9131779523000227,-0.8981751618798016,-0.9126876023711371,-0.6709616293269463,-0.84775325830602,-0.8963903984771242,direct,,0.026350924189659786,0.04362839506046035,18366.768,15754.063
2020-12-06,-0.9049523076988389,-0.8849717678917749,-0.8954783682536951,-0.6479170744417508,-0.8355616048075095,-0.8886270441269738,direct,,0.011593770162511063,0.04319361912426852,18499.642,15914.288800000002
2020-12-07,-0.9051526728751622,-0.8841143445545645,-0.8877072010092989,-0.5164805759090424,-0.7849146860050416,-0.895531570848204,direct,,-0.010193023973447457,0.029470683652235402,18574.6355,16067.6504
2020-12-08,-0.90915068110994,-0.908411920950581,-0.8946186763167532,0.2308856997644248,-0.5097041073599793,-0.9255185319623446,direct,,-0.04472507495538647,0.029297908185942596,18601.498,16198.9832
2020-12-09,-0.9317396169849692,-0.9282782310334928,-0.9246358157462673,0.6476381474134245,-0.3747948478755665,-0.9176048740385532,direct,,0.01235570458077917,0.027938086288363546,18637.762,16331.546
2020-12-10,-0.9346631583549626,-0.9193299204810619,-0.9167141936655321,-0.07345813782803222,-0.6382133988739586,-0.9280719449982675,direct,,-0.016142926761948173,0.027192699510541537,18616.6465,16440.2932
2020-12-11,-0.9435873269127782,-0.9308060104194904,-0.9271917984891901,0.19621508215234815,-0.5501677271070462,-0.9356084458151787,direct,,-0.011813942325868854,0.02357349307454561,18583.1865,16541.185400000002
2020-12-12,-0.9210830814731021,-0.9153261200990447,-0.9347358838992048,-0.47278873029833707,-0.780032170708568,-0.9083398821247716,direct,,0.04325622710683641,0.027771383299211246,18602.406,16658.740999999998
2020-12-13,-0.9050445720755651,-0.8903893023939249,-0.9074398776376181,-0.30558817461608473,-0.7038190426530923,-0.895963606236623,direct,,0.018818515884683418,0.028495927815207937,18641.5715,16779.5994
2020-12-14,-0.9076283188939591,-0.8808665288833131,-0.8950511464974858,-0.554502930481689,-0.7994056747340129,-0.8922710319297796,direct,,0.005510966897159797,0.02828792146317103,18647.448,16904.269
2020-12-15,-0.9002736775506749,-0.8787722661534891,-0.8913548560531004,0.09648375661739449,-0.5427287236996394,-0.8864242229151481,direct,,0.008678219986936186,0.019824381360081595,18683.258,17031.7196
2020-12-16,-0.8323102917199506,-0.8702371845319429,-0.8855021629195112,1.9626254926316866,0.2562987326415721,-0.8196555305287139,direct,,0.09824986781168166,0.03940325870375319,18892.0715,17185.841800000002
2020-12-17,-0.7575479164266734,-0.8011681576733458,-0.8186662757730528,3.549602404649725,1.136509178091138,-0.7682712827624139,direct,,0.06884746392982799,0.039167020911483115,19175.43,17376.565799999997
2020-12-18,-0.7722633959743652,-0.7618220720630267,-0.7672303158633175,0.7060755951264047,-0.1590348667140782,-0.7573165990463526,direct,,0.013732261217929809,0.03528471073140701,19445.2135,17570.033600000002
2020-12-19,-0.743242462523313,-0.7472590445556377,-0.756264607558978,0.5038891960194724,-0.22579485306047742,-0.7325287434074096,direct,,0.030651935526118557,0.03521756499621046,19727.488,17775.609
2020-12-20,-0.738503585114227,-0.7351330355579537,-0.7314518058869222,0.11937245766890316,-0.40527812533125684,-0.7457295916914161,direct,,-0.015838307180793043,0.03997439116299055,19916.4975,17968.881999999998
2020-12-21,-0.7445097206230475,-0.7735661735302719,-0.7446659392571098,1.2786853946072634,0.11543387976978484,-0.7715933412830724,direct,,-0.03153057945903748,0.045782505038550095,20113.2525,18148.190199999997
2020-12-22,-0.752926090838807,-0.7606692309716093,-0.7705557176413786,0.35521026771479636,-0.30943572628381866,-0.7332767658436691,direct,,0.048232662901122936,0.04591848045928995,20343.109,18353.231799999998
2020-12-23,-0.7443279460300947,-0.751304488163248,-0.7322005811189352,0.9348658566476691,-0.025001193221933986,-0.7536837966257712,direct,,-0.024506240104233967,0.03849991552725522,20532.662,18537.5462
2020-12-24,-0.7548082152700074,-0.7486322032251925,-0.7526281491541599,0.007574245809756152,-0.4691835144713507,-0.7367414379876894,direct,,0.020856730996794193,0.030243152855022912,20785.622,18728.8756
2020-12-25,-0.7204473088808997,-0.7236825722198902,-0.7356687400440344,0.3541439178955996,-0.2739904393714121,-0.7023540775978152,direct,,0.04146736244004012,0.03311426371101937,21063.179,18911.036799999998
2020-12-26,-0.6514566211839413,-0.6853551439740776,-0.7012467728594683,0.8209307233758522,0.017090190989178067,-0.6416132576007707,direct,,0.07033031433569237,0.03994833283413501,21416.517,19128.1384
2020-12-27,-0.5977687377611477,-0.6386688169842277,-0.6404448244401425,1.8105483878494049,0.6194307472755375,-0.6484793345706045,direct,,-0.007427672551681419,0.038960383059417035,21769.91,19356.3606
2020-12-28,-0.6280111413936338,-0.6287029168423055,-0.6473178113010915,0.4376062844437118,-0.1310772255439987,-0.6208591304265165,direct,,0.030102932386310233,0.03268293676950959,22205.7065,19587.3846
2020-12-29,-0.6306974806906261,-0.6365941301296826,-0.6196698107014651,0.5589822948768652,-0.07624459090264823,-0.609627258957206,direct,,0.011883747635399233,0.03134406013185466,22646.249499999998,19827.8996
2020-12-30,-0.5753870524636899,-0.5833534441714934,-0.608426635687319,1.0963926995175868,0.2873266390041556,-0.5561880467503594,direct,,0.05587669649768756,0.026507227300571694,23178.2065,20099.4172
2020-12-31,-0.5646640728297775,-0.5621032976688746,-0.5549336432593571,0.9613715628100856,0.23871166418737633,-0.55329417864298,direct,,0.0028657361591244435,0.028546789027164936,23725.0835,20364.7236
2021-01-01,-0.5521099207339013,-0.5339467823679038,-0.552036862817378,0.3958895255650986,-0.07076114705169928,-0.5387343064187041,direct,,0.01437713133879126,0.0284584942180054,24253.7815,20626.3718
2021-01-02,-0.4284839184023946,-0.5236943625969014,-0.5374623378107107,2.8013516672654495,1.5295071313102158,-0.4403483834589172,direct,,0.09577412455161705,0.03582154185403091,24905.511,20943.7876
2021-01-03,-0.3757400234907319,-0.41783052056431713,-0.43897740110291195,1.8970560609085592,1.092742956417421,-0.4102932614218463,direct,,0.02670008731932172,0.032162636209432285,25594.9505,21283.5382
2021-01-04,-0.4159039460518378,-0.5430200225971138,-0.40889203215459274,3.0017075754092404,1.6366602744493126,-0.4463986266127558,direct,,-0.03124081312674898,0.040626048720720745,26224.379999999997,21604.8552
2021-01-05,-0.3861335366749169,-0.489916011840871,-0.4450337331080112,1.9049535933207429,1.0254958844707718,-0.37621944127745094,direct,,0.0626820332463851,0.042355966177643554,26858.688000000002,21951.1918
2021-01-06,-0.30053698251756855,-0.36822845593294495,-0.3747839207565293,2.4135106334871037,1.5562898131851934,-0.2779429253375469,direct,,0.08260021287790886,0.0458789315355033,27560.0725,22334.5582
2021-01-07,-0.18375679037710263,-0.26373563701988506,-0.27640850117378657,2.9727560546829648,2.2385396348331454,-0.1860287946241821,direct,,0.07135848005935452,0.04486462683737097,28377.2645,22768.421000000002
2021-01-08,-0.12870490896703715,-0.2530400906175721,-0.18440186980277276,2.7613334689038544,2.2048972128432913,-0.14559258925324745,direct,,0.02930210963132418,0.04344139462427776,29216.8405,23224.653000000002
2021-01-09,-0.14813826545000786,-0.17676180278130948,-0.14392497019298045,0.5629855923340213,0.462815013921897,-0.15955963621962793,direct,,-0.009833094794203245,0.042480290189275904,30055.3205,23655.9306
2021-01-10,-0.14719496547900218,-0.30133413085531713,-0.1579060733335289,2.2386443911633216,1.6942268227476847,-0.23067699548900775,direct,,-0.05056533022373133,0.05312036345011689,30829.068,24045.891
2021-01-11,-0.2560345686299605,-0.47841571900209784,-0.2290950037797411,7.062291694973602,4.60567095951012,-0.32526513164040277,direct,,-0.07083514824323711,0.06122893430555558,31412.703500000003,24387.1998
2021-01-12,-0.31270624068366937,-0.3995932792296045,-0.3237783316577172,2.661251384289475,1.7056426827125082,-0.3755165099132838,direct,,-0.040501149001733405,0.06064372253433345,31953.648500000003,24700.653
2021-01-13,-0.2717591037305786,-0.40376080511395335,-0.37408028197541804,1.8431644086471928,1.139358040476446,-0.259382531252061,direct,,0.09755155849951835,0.06413307253735574,32636.481,25065.126800000002
2021-01-14,-0.19313608395742543,-0.24907579791111756,-0.2578294282557229,1.2448348566482874,0.9246828738517932,-0.1973480518921211,direct,,0.04747698353568741,0.06046972402005067,33358.861,25473.723199999997
2021-01-15,-0.2068380324413795,-0.3329210513551396,-0.1957325185589765,1.7548273000684669,1.202830566938996,-0.2800293486655996,direct,,-0.06041054684926139,0.06277887013233671,33876.084500000004,25866.0094
2021-01-16,-0.26718823011194887,-0.2973395845234318,-0.2784970242391537,0.514962909945252,0.28826825786837634,-0.3067662571571511,direct,,-0.020791151549449105,0.06283947254208021,34364.884000000005,26243.4146
2021-01-17,-0.3044303326533736,-0.35218940742953614,-0.30526084025406186,0.3984074621061713,0.15507469751478462,-0.31325902199524414,direct,,-0.005156104355666047,0.060745899873769285,34804.887,26605.4068
2021-01-18,-0.2848561697148767,-0.31910368673336953,-0.31176013928894075,0.1222566331284134,-0.023116176409298823,-0.2858712640755079,direct,,0.021862185057775596,0.05441817340938289,35268.0,26973.882999999998
2021-01-19,-0.2697671571494691,-0.2787816547591523,-0.2843448188431876,0.3120070924765305,0.14183006248735025,-0.3099984830768199,direct,,-0.018847425008956087,0.05191059113080897,35620.159,27298.801399999997
2021-01-20,-0.31994692863629554,-0.3641214372994578,-0.308496319025288,0.939804980735991,0.5157588275458881,-0.32507812603133796,direct,,-0.012006025694080602,0.034186473492694526,35946.608,27632.988400000002
2021-01-21,-0.3471566572890039,-0.48700276567438416,-0.323591137849714,3.0255359730516678,1.7359716311727815,-0.4880030053397556,direct,,-0.131292924387728,0.04997560084429552,36019.176,27865.2706
2021-01-22,-0.4078242719571162,-0.5314876965078845,-0.48667998170162957,2.449374254146655,1.2945986002823975,-0.4122318279786198,direct,,0.07028855101928322,0.0609637726138198,36059.395,28136.462199999998
2021-01-23,-0.42065384010292084,-0.4384898315585219,-0.4108325496483985,0.007894045211158164,-0.21196082352346407,-0.4437162321380572,direct,,-0.02728821662129377,0.061138823914036244,36011.5855,28405.307999999997
2021-01-24,-0.43420912954028806,-0.4553104913730613,-0.4423486391218114,-0.2089137654714314,-0.3588563802888059,-0.4375513388164181,direct,,0.005493145014730194,0.06154512061811774,36024.241,28667.844399999998
2021-01-25,-0.37257824723754995,-0.4204465693515717,-0.4361775415671326,0.7015375395942965,0.2844248292879542,-0.43784460555661514,direct,,-0.0002598837926058861,0.05999838860490641,35936.090000000004,28925.771
2021-01-26,-0.43928022755960056,-0.45902599250097303,-0.43647110344547785,0.7100011415739788,0.2278652814630808,-0.4294118759889708,direct,,0.007474763185559619,0.0606316778179634,35719.423,29192.473199999997
2021-01-27,-0.45179926410911087,-0.5165591340202901,-0.4280298873369205,2.2047614862682297,1.1046869686185306,-0.5025876951308421,direct,,-0.06438173580690676,0.06371215101164668,35266.604999999996,29434.463799999998
2021-01-28,-0.4070142045002633,-0.49275486968129867,-0.5012793492510412,1.315932701785753,0.6192693173440399,-0.39699698784573756,direct,,0.09929379204254674,0.05568116842983515,34906.9865,29732.342800000002
2021-01-29,-0.24346595719146305,-0.4183469677466717,-0.39558237745807817,4.568861498129146,3.1314398812939865,-0.36874655732194134,direct,,0.024166162588241002,0.0502264235293057,34607.7575,30052.375
2021-01-30,-0.3717186048917099,-0.3876690797097946,-0.36730351623073243,0.23703049222304917,-0.009308749096049495,-0.36644866036120793,direct,,0.0019192994994756685,0.04813521580259378,34413.5445,30378.0342
2021-01-31,-0.38977384831485,-0.4105878026361751,-0.36500330670958614,-0.14958552338622902,-0.2901922069428637,-0.40750600398879366,direct,,-0.03422711582495619,0.0510790030872002,34295.903999999995,30664.599
2021-02-01,-0.37832204895881366,-0.406097452772229,-0.40610196967792395,0.301000575124643,0.025394088029351978,-0.3937787436538494,direct,,0.011849180616729571,0.05108195347728122,34269.781,30951.936800000003
2021-02-02,-0.3339067353969953,-0.3662609025049252,-0.39236089448558126,0.41473447048930673,0.1430615394297549,-0.32427242896798364,direct,,0.059294297401534024,0.0548483890645497,34176.96,31276.9316
2021-02-03,-0.2753694638750816,-0.2967046143143892,-0.32278462994794294,0.8579345749044293,0.5326264321799801,-0.24901892507792275,direct,,0.06060364656097206,0.0444404706120334,34103.048,31641.639199999998
2021-02-04,-0.23966555997250907,-0.2687477729412618,-0.2474553923426611,1.2027311017943798,0.8341160195130549,-0.27327442643162125,direct,,-0.018417436050421787,0.03616341890302479,34112.7105,31954.265
2021-02-05,-0.25336647564627596,-0.2535387415496733,-0.271735303978102,0.19894234833460278,0.08319777597118531,-0.2268963362971471,direct,,0.03587607636070422,0.03691957758301751,34226.9595,32264.026400000002
2021-02-06,-0.1623005030074054,-0.19582692567781185,-0.2253105398033617,0.946580224819822,0.7461008398471772,-0.1934530920756543,direct,,0.02497426275585868,0.03640605727107153,34398.3345,32586.6552
2021-02-07,-0.2059374219581127,-0.22571750760347703,-0.1918336389279856,0.5007890064428437,0.34614547474008434,-0.20737155253799763,direct,,-0.010140573473763403,0.031192210437824837,34510.6235,32887.137200000005
2021-02-08,0.03110043422323172,-0.20237914909612054,-0.2057661066679503,3.4793144365441933,3.0809476741354884,0.05718336011848927,direct,,0.19472137306972548,0.07102269757370315,35035.8545,33346.5442
2021-02-09,0.08627900701626441,0.046326651520645024,0.05905504909191021,2.0785744122331242,2.1374554022766077,0.0597056638101004,direct,,0.001553919566142925,0.07302825033432288,35586.264,33822.193
2021-02-10,0.05668107694061172,-0.0002094751170659644,0.06157989118266034,1.1751963381522037,1.2300138526098736,0.0018695477594652308,direct,,-0.03557590405587496,0.07769221705058331,36286.996499999994,34242.825600000004
2021-02-11,0.10195086879733371,0.010065012004250988,0.003685569949328784,1.1491275856273466,1.2657063650433735,0.11201864784422365,direct,,0.07025378469934762,0.07615803167288626,37036.9045,34738.1592
2021-02-12,0.11111464931858722,0.08876679320002591,0.11394552202298394,0.7022453904145618,0.8798169407508981,0.0920723149924907,direct,,-0.011886802907459026,0.078710760286133,37803.317,35212.386
2021-02-13,0.08496630526829171,0.09045174217402104,0.09397911555588682,-0.2219136639106067,-0.011351569111130335,0.08461935499906835,direct,,-0.004494941978103406,0.08001470361121531,38550.25,35662.6728
2021-02-14,0.13560602155849913,0.11912968760741732,0.08651865504327909,-0.06105210230367206,0.18001759664233263,0.1346232566902338,direct,,0.030293937273729865,0.07813845835676618,39369.13,36106.8162
2021-02-15,0.11458317019737711,0.07688423690580903,0.13657287972347304,0.4606881316683447,0.646800680757489,0.10958338040804637,direct,,-0.014723900152241787,0.03492955816694555,40140.129499999995,36540.561
2021-02-16,0.16724926007493515,0.11812277576807809,0.1115078037793231,0.9317333001349245,1.1665119766462506,0.1532105656016971,direct,,0.026036939276555593,0.03573642343137369,41078.2085,36983.4646
2021-02-17,0.2382084839887591,0.18571613755566072,0.15517889455409034,0.9690573028794269,1.2986306207321865,0.2570346815817292,direct,,0.06039041058151717,0.03436514850305415,42013.760500000004,37479.347200000004
2021-02-18,0.23572698537890124,0.25359423934729797,0.2591074971776173,0.10347994022166607,0.43688645230037365,0.23734491343476924,direct,,-0.010800517151692945,0.028687909250380204,42880.737,37933.387200000005
2021-02-19,0.3658779382032818,0.24975096114256684,0.23939791361720114,1.1555172409939751,1.6303351760540026,0.38911167488791887,direct,,0.08415825751512696,0.03765733701677767,43961.5195,38472.60860000001
2021-02-20,0.4070894745643044,0.36983222750261824,0.3913174102932673,0.4691668616725157,0.981100834195698,0.38797111544422036,direct,,-0.0005833716377690035,0.03718298970868645,45099.4005,39002.8466
2021-02-21,0.4353399316156808,0.41878828824979086,0.39017570301193144,-0.2028537603128486,0.24510115436151048,0.4428182876385683,direct,,0.028069524536661783,0.03713936059483286,46296.101,39508.1728
2021-02-22,0.40752256630281714,0.15818854173864602,0.44507807237192515,3.2091602861108797,3.823858111188079,0.3257639617461908,direct,,-0.058270104637292985,0.04713544901794434,47225.938,39929.3266
2021-02-23,0.29128356670046124,0.04390387001114272,0.32790594520087946,4.438813611518697,4.546013621160723,0.14321607704096528,direct,,-0.09649588137137466,0.06368593106777758,47787.006,40266.6896
2021-02-24,0.19609977984509405,0.11623352584117387,0.14517434772747972,1.2448373193499482,1.5148940696319904,0.17255917959081157,direct,,0.01716753206117949,0.0588728870702153,48424.7435,40580.6872
2021-02-25,0.21974390346141243,0.10603022372087066,0.1745469806255136,1.179052928953271,1.4535416398074832,0.07974497515157412,direct,,-0.05338555881730256,0.061675494711023786,48863.375,40785.3474
2021-02-26,0.09415556177416357,0.014364586065480139,0.08163936971130685,1.7917952665156984,1.8507857955218652,0.053236667909234335,direct,,-0.01610713195690927,0.045260360657205144,49216.2495,40922.2492
2021-02-27,0.09155356864246213,0.04676728667691992,0.05510438500562112,-0.020234933160355933,0.17243359159407817,0.04858389844706171,direct,,-0.0028734255091797944,0.04505672867879321,49582.378,41033.352199999994
2021-02-28,0.032445841627133605,-0.02448605193778345,0.050446933083506805,0.7972314416633638,0.8409910678751901,0.016063797802279893,direct,,-0.02014141596518315,0.038645538564121215,49523.559,41133.8396
2021-03-01,0.14145207148829866,0.046594307124456794,0.017894104819227215,0.9172388936020683,1.102293865118068,0.16895538925537482,direct,,0.09664031066018608,0.060084873341829124,49679.833999999995,41362.4994
2021-03-02,0.15553065142053032,0.11916243270788358,0.17093956350305867,0.12992161614089762,0.3662860051890797,0.12932208460223807,direct,,-0.02284392869799523,0.04774754668634986,49862.147000000004,41622.602999999996
2021-03-03,0.23830178117567244,0.15755962225468978,0.1312663726352913,0.4215909837279494,0.7269971518696888,0.19543258715340292,direct,,0.03899572814781327,0.049743461467166766,49981.4655,41949.28599999999
2021-03-04,0.20963303599846672,0.1340781818952958,0.19744340755657191,0.766912417886208,1.0158769557207652,0.12451691430725742,direct,,-0.040260117815034246,0.04746340730327801,50027.8755,42168.9438
2021-03-05,0.12957441006506015,0.09117213438427992,0.12645636650702854,0.7517179004525922,0.9333877912207742,0.1389051608230273,direct,,0.008511128378409172,0.04656191392666565,50105.528,42361.3396
2021-03-06,0.11987046981588387,0.11920621148350714,0.14085909308429492,-0.5091642410888457,-0.26387904181397925,0.14300984655620236,direct,,0.002407567589953752,0.046393373058752053,50117.5245,42603.392199999995
2021-03-07,0.19802734792453264,0.18304954741768642,0.14496790969622403,-0.23327692118881077,0.05033147970473223,0.21541352478139264,direct,,0.04236574710386809,0.04585199805138981,50268.908,42902.1706
2021-03-08,0.23082044844942112,0.19900530946990877,0.21744445362552378,0.2988784299219393,0.6070120269439421,0.2657771064197125,direct,,0.028271621362297994,0.031263136992063956,50429.9275,43233.4808
2021-03-09,0.3177779021634798,0.2896910855863456,0.26785872022802654,0.4978626132405742,0.9268851640141176,0.3539906233327601,direct,,0.048157218526011514,0.03102692782749848,50568.617,43599.594000000005
2021-03-10,0.4025599133531639,0.3311691619770257,0.3561610135703855,1.0747800297409793,1.6340245855620614,0.3877079094187515,direct,,0.01756112924573139,0.02967815238914999,50783.702,43998.8044
2021-03-11,0.42824865687014085,0.37602674629083305,0.3899122321008541,0.6900504436039985,1.2395585062246692,0.4546838809195325,direct,,0.03428138358597854,0.01715697835584874,50877.498999999996,44444.965
2021-03-12,0.4257289442833556,0.4036120019586687,0.4569556069634731,0.516934126717591,1.05479885669556,0.43534750094222596,direct,,-0.009569203352879807,0.02112062416008416,50945.268,44973.2834
2021-03-13,0.5524055236378854,0.4396899841724474,0.43759976721593785,0.6428992057886866,1.3097065740053973,0.5724932201120597,direct,,0.06852652864614539,0.024677269595766743,51130.759999999995,45536.7188
2021-03-14,0.5498410559429866,0.5421120314060176,0.5748835072658963,-0.1654263240985861,0.3661514360616828,0.49626134482055456,direct,,-0.035647392709259096,0.035066099217878656,51374.646,46074.5508
2021-03-15,0.512470884938345,0.395354541841076,0.49857491364453754,1.251482040245748,1.9162507065090415,0.3797278382880026,direct,,-0.05650750378524061,0.04549085897790191,51712.9615,46542.177800000005
2021-03-16,0.3867045556288297,0.3388140751608953,0.38192412997615516,0.8074843723069968,1.3108393271757524,0.42377028079673584,direct,,0.022635404179393914,0.042824874546781216,52072.3035,47035.172600000005
2021-03-17,0.4569094838359113,0.3703839112604746,0.4260108959731802,0.7897099989762612,1.3478543742429727,0.49311930104507046,direct,,0.03485269479970232,0.04408983054868055,52663.61,47563.02220000001
2021-03-18,0.49486560248677613,0.4723952210381956,0.4954297077751149,0.517194469464607,1.125218723890369,0.4488783180018534,direct,,-0.02148534179836703,0.04366321294644492,53229.551,48107.427599999995
2021-03-19,0.47336696989940225,0.4460984138887086,0.451144201436135,0.05606061973983253,0.5731927379624575,0.46345042423793736,direct,,0.007232234368180102,0.04348524578065148,53822.992000000006,48599.754400000005
2021-03-20,0.48914762102019327,0.5014241085265898,0.46573097276669034,-0.38321323459866985,0.07109535535854546,0.46488809539697235,direct,,0.0007084025359191948,0.03259162355674964,54465.00749999999,49076.7396
2021-03-21,0.4447243892469396,0.42304301576038156,0.46717009077102173,-0.1883058779724971,0.2622190227879226,0.43949762729068764,direct,,-0.012502121293588075,0.030279642277946956,54852.0015,49537.8822
2021-03-22,0.4381867007617567,0.35755886555283584,0.44175407017373675,0.4049371396529519,0.9036549251663394,0.3248617907611509,direct,,-0.05716065983499763,0.03047032644723679,55131.708999999995,49956.925
2021-03-23,0.3488427669750654,0.3286783987915554,0.32700286628787695,0.18263750426641567,0.6062759790372807,0.333953059707259,direct,,0.004807990925654204,0.02859194157785527,55329.85399999999,50373.315200000005
2021-03-24,0.3958790085220179,0.2824362662080312,0.3361032845165802,0.8094274439174963,1.296343077002666,0.26221176583567224,direct,,-0.03775941510924852,0.024011820616790316,55526.81799999999,50708.887
2021-03-25,0.2580673582688697,0.23691915285983167,0.2642897915520769,1.0620373077181133,1.4356884486080888,0.2284133857285536,direct,,-0.01848707780162595,0.023936653372266057,55654.85400000001,50982.062000000005
2021-03-26,0.3229409202894562,0.2678572220754142,0.23045739738897889,0.23137753646757117,0.6180050171177958,0.35842038423683303,direct,,0.07245078462344923,0.041100638933790005,55962.985499999995,51343.50220000001
2021-03-27,0.3753691195538882,0.3645072335017861,0.3605952325027689,-0.42909582924406275,-0.051332115704376895,0.38667396064938003,direct,,0.014681567285915298,0.04186113899555594,56207.963,51694.572
2021-03-28,0.37381198606160376,0.39038191359526186,0.3888772427848288,-0.5433131177633211,-0.17097384486818643,0.3837825393443622,direct,,-0.0014807460941115291,0.04173254787843349,56376.7625,52024.852
2021-03-29,0.43758285107228795,0.39723702919288406,0.38598291160762727,0.4207336117354116,0.9635277375012755,0.4482764046209007,direct,,0.033077386013627086,0.035834746550472675,56511.63250000001,52399.997599999995
2021-03-30,0.4716094712307945,0.47357012947992727,0.45054168230084224,-0.15034755364303556,0.3374780960178894,0.48866402348779814,direct,,0.020050636777432462,0.03595701497187842,56656.04400000001,52646.88020000001
2021-03-31,0.48593902403852374,0.4687153124107908,0.49096994651005077,0.24294695705625036,0.8059669199363809,0.4890925634442721,direct,,0.0002085688806383601,0.029525283766344865,56705.26349999999,52892.56479999999
2021-04-01,0.473922277510071,0.505386265683014,0.4913989177411013,-0.4067425898965519,0.04337836989942775,0.48689114040522435,direct,,-0.0010712013851801316,0.026604792819789478,56778.9935,53170.082200000004
2021-04-02,0.49430513082517125,0.5235153058161858,0.4891952792311864,-0.3462174748041217,0.12596801117064882,0.49587370141783893,direct,,0.0043755561390084186,0.013149018109234288,56669.39400000001,53389.7146
2021-04-03,0.4842992657312607,0.4701116062056752,0.49818688012477025,-0.5095695314193355,-0.08269399688223308,0.42901203054166415,direct,,-0.03242755281600607,0.020397679624369836,56573.198,53582.50320000001
2021-04-04,0.4403311589805142,0.45357319492015513,0.4312579209167626,-0.7242435870199626,-0.3495197629729434,0.4690158509809854,direct,,0.02005187212538173,0.021174613230905564,56700.918999999994,53802.4454
2021-04-05,0.46587427626109135,0.4656767806425199,0.47130200045085413,-0.5239460800869888,-0.10454430568721948,0.5004792825487521,direct,,0.01546098956997688,0.01831929178105295,56810.646499999995,54011.7792
2021-04-06,0.4737453226979918,0.4847543609141996,0.5027970962261732,-0.46737817474920235,-0.03656572082913334,0.46170760187009174,direct,,-0.018762149109364135,0.018456631117557038,56765.714,54213.255999999994
2021-04-07,0.44496021423969123,0.4170624079002131,0.46398639645509376,0.37850496272584083,0.8966291281519109,0.3897586793409639,direct,,-0.03548280608546572,0.0223489202233792,56681.147,54348.602999999996
2021-04-08,0.4285054823366996,0.4257288258486296,0.3919650658794617,-0.49701186383556456,-0.09141546079769672,0.4642980664846332,direct,,0.038112681624492994,0.028180057402156993,56682.3595,54467.194
2021-04-09,0.453696067073368,0.4963140932288192,0.46657946806464895,-0.6429286963202097,-0.24440512048463,0.4650806936971495,direct,,0.0003854731540930967,0.028087769886578053,56682.63500000001,54597.4988
2021-04-10,0.5332761576200233,0.5031197352507368,0.4673628828985167,-0.03035311884168195,0.5194944696964647,0.5237322940205853,direct,,0.02887697405727563,0.02645988020846552,56803.12749999999,54674.5254
2021-04-11,0.515369638863845,0.5505581317762969,0.5260735090927298,-0.676304284673143,-0.26055573955168526,0.5305711066212467,direct,,0.0032725709544900727,0.025827510846156924,57097.382000000005,54756.1176
2021-04-12,0.5346460081983564,0.5577876804792513,0.5329192041461565,-0.27385380101292145,0.23031758836316044,0.5258631093343411,direct,,-0.0022455650132667815,0.025445276323166885,57371.89750000001,54803.633799999996
2021-04-13,0.6189587792929745,0.5716666201268982,0.528206468819062,0.47058361875661503,1.2103534750093927,0.6556387102478524,direct,,0.06203814606080704,0.031942621428118476,57934.67050000001,54992.38
2021-04-14,0.6594962348717962,0.6251148103630425,0.6581126734638835,0.8684197031332388,1.7532194472385803,0.6348685040866502,direct,,-0.009349027855921177,0.026279794291922544,58516.07950000001,55273.691399999996
2021-04-15,0.6239358915852489,0.650931830605697,0.6373215645566671,-0.19347966234765632,0.3951581740947611,0.644262826982402,direct,,0.004268452568416903,0.024888756961122294,58924.9595,55543.5886
2021-04-16,0.6149924439039385,0.5800956360969339,0.6467253417228263,0.6315549464947243,1.3840820015961457,0.5807641111806443,direct,,-0.02872897281689646,0.029287569669492097,59202.5935,55830.259399999995
2021-04-17,0.5796737782012036,0.5681646740020277,0.5831627220041632,-0.18742141626168832,0.35755447007543334,0.5332143522581598,direct,,-0.022149454844397565,0.029661552499191893,59416.34650000001,56104.8908
2021-04-18,0.5057287000360899,0.3215862371405574,0.5355651098959145,2.566733246356256,3.3068879103394777,0.4000646108880074,direct,,-0.06342822632250167,0.038277778501257124,59347.38249999999,56305.99939999999
2021-04-19,0.4092404739142476,0.37518783105388626,0.4022813691227655,0.31879852002841924,0.8098229952087972,0.38025564851171834,direct,,-0.010075414041184838,0.03817836237165357,59192.311,56514.380999999994
2021-04-20,0.3923853559286722,0.34453023074229805,0.38245247137818295,0.572677026998955,1.0634409733866939,0.40877662546806814,direct,,0.014654245474730487,0.025423026150840383,59077.42400000001,56651.6008
2021-04-21,0.3820878940918995,0.35204309574928694,0.41100215131093887,0.07825800525365666,0.5125625764611731,0.31465128450620955,direct,,-0.04766367778567204,0.027676328345067152,58831.04550000001,56757.641599999995
2021-04-22,0.33584106379805523,0.2409578338923457,0.31678208437089994,1.5702597722731064,2.051740501978677,0.24174915768564256,direct,,-0.03876420104733447,0.025603123911381077,58467.536,56784.1428
2021-04-23,0.22065312069623977,0.13330689240931184,0.24380659021690365,2.319206046969343,2.5836212547800663,0.22288850599606927,direct,,-0.01043319673898313,0.026439161173748952,58172.689,56840.42860000001
2021-04-24,0.19005129911859675,0.17866028025517983,0.22492695752112993,-0.20032315844894807,0.07617671565298754,0.1857656205659303,direct,,-0.020751873411305577,0.026473129124039763,57767.51700000001,56867.24100000001
2021-04-25,0.16776118965774026,0.11828080647032864,0.18776671231519299,0.16367927506580326,0.4163868816997651,0.15098537362542266,direct,,-0.019854341897665773,0.020419246809331812,57267.5875,56871.80439999999
2021-04-26,0.2990420368269534,0.18129163381765237,0.15295146318633604,0.7745042234779096,1.1787530388091563,0.3237058514168939,direct,,0.10059491903356133,0.04995287798005824,57070.184499999996,56933.7666
2021-04-27,0.33695408890982975,0.3419625877557325,0.32584576362793916,0.035660654623987674,0.4473831163374608,0.3590513097029305,direct,,0.018704165139878492,0.05021653928907067,57026.2595,56987.135800000004
2021-04-28,0.3703692854374947,0.3607924442238845,0.3612267929204248,0.10759230018095049,0.5317450373613598,0.35221634207740843,direct,,-0.0035505292202344663,0.04622765576958204,56865.9335,56986.120599999995
2021-04-29,0.3275314173016431,0.30785892154506966,0.3543849467116484,0.15338483030845687,0.5457558646010235,0.3069029605134232,direct,,-0.023622606825256187,0.044219804087238065,56639.67,56939.886
2021-04-30,0.42279438627136484,0.33243589907006516,0.3090259626101377,0.3230382368450278,0.8003959179790555,0.45288583072695365,direct,,0.07794451003497849,0.05090116560309847,56538.3285,56938.857200000006
2021-05-01,0.44050053985122034,0.4736480770560374,0.45515574724689606,-0.4729315669946729,-0.053453085465595025,0.45586358920101644,direct,,0.0014749479595630444,0.04869011864932646,56431.46399999999,56950.596
2021-05-02,0.42108956092230615,0.4393127036670747,0.45813650248125054,-0.6303594188571798,-0.25220040967410284,0.41323155348214613,direct,,-0.021085466285037047,0.04886701120076924,56270.35149999999,56859.4704
2021-05-03,0.45651563888451313,0.4549335402895276,0.4154615626810349,0.05017230006847102,0.554430432541054,0.43321004430777427,direct,,0.010094040443624941,0.03423181783815857,55952.181,56823.39399999999
2021-05-04,0.39671489623355155,0.3330804792542445,0.43546015948520916,0.8783939966746601,1.3925521828622758,0.2951055281553893,direct,,-0.06907938044310458,0.044452227156191404,55466.170999999995,56774.97520000001
2021-05-05,0.4214093878102859,0.32848370781378283,0.2972166575373948,0.6124848402757994,1.1403333040372712,0.4441091506559076,direct,,0.08006168574265637,0.05464927631368054,55179.8635,56786.6126
2021-05-06,0.4368550641603513,0.4110764611649685,0.4463702344895999,0.38854328651044717,0.9130598379480102,0.40688489769935987,direct,,-0.018518479875799132,0.05418961885357072,54931.14,56737.2714
2021-05-07,0.4472702663584684,0.41149502897092927,0.4091085197428763,0.11341623779460391,0.6026523936503547,0.4394759556126279,direct,,0.016519453441890875,0.045362029208084645,54797.053,56731.8916
2021-05-08,0.4757207443161057,0.47108684071956336,0.44173237668570664,-0.06544169210707616,0.44132348287690437,0.4943122919679458,direct,,0.027343238692286276,0.04654765432854326,54931.868500000004,56749.55
2021-05-09,0.4672964558889107,0.44850482284797777,0.49662389930168505,0.21558950793366355,0.7481258379926617,0.47162868635997574,direct,,-0.011009764836037661,0.04580626959043469,55062.572,56753.406800000004
2021-05-10,0.47797020490389847,0.3733398684275699,0.47391746533837603,1.1109989830687554,1.753698484795433,0.3868934737755346,direct,,-0.04158511192712544,0.048918369797046564,55031.26950000001,56723.308
2021-05-11,0.3864405004909606,0.3822814164049043,0.3890969768248775,0.11824489212270546,0.571235024012978,0.417566238637311,direct,,0.0157062796301628,0.03915762221796934,55178.48299999999,56776.351200000005
2021-05-12,0.4235207961030521,0.19337457588972282,0.4198006101820594,1.2227947322262418,1.730842327259747,0.1643767229504392,direct,,-0.12764328731898755,0.0532070021370254,55067.80649999999,56679.3238
2021-05-13,0.19535753359053595,0.11673822749836124,0.1663562893142093,2.8208611898235945,3.0635667962445448,0.17124594580902341,direct,,0.0039697738045025854,0.05397653856925494,54993.93500000001,56627.2754
2021-05-14,0.20143975278314963,0.18366387397643474,0.17323242522987217,0.1161945170826927,0.4020856074503336,0.17779498710143316,direct,,0.0037697734031381103,0.05287373080327808,54982.5335,56598.3128
2021-05-15,0.17236235904186206,0.1016630239086784,0.17978805735463618,0.48351737606546746,0.7096662412400242,0.06899372557471997,direct,,-0.06239321070655124,0.050744013052079234,54865.2495,56432.71
2021-05-16,0.14133605247726636,0.006008534721483528,0.07087730027847745,1.3984261711375374,1.4895759088401819,0.05904642534524744,direct,,-0.006083981521012527,0.0511053443298347,54486.67049999999,56245.2496
2021-05-17,0.03310993857752427,-0.057625873234720376,0.060919989272577864,3.3259922601650347,3.0467418220250218,-0.04366928916498132,direct,,-0.06320768170673241,0.052513435628359126,53910.603500000005,56000.67220000001
2021-05-18,0.003990543888622539,-0.05127047634421462,-0.04189909640669038,1.1378301176649421,1.111428218114234,-0.06695306043793173,direct,,-0.015294770819528125,0.04883065802126113,53311.00749999999,55705.870599999995
2021-05-19,-0.07364304372516176,-0.49205476519632857,-0.06520630003045107,8.844515816447027,6.740697492975312,-0.2806690127115596,direct,,-0.14256743806023486,0.05349368142747822,52470.522,55265.6772
2021-05-20,-0.109595510612795,-0.31110071299440095,-0.2791373320310151,3.520241723633207,2.7888667646789655,-0.14695021502073877,direct,,0.10403414349066287,0.07594208666449043,51612.4935,54901.7492
2021-05-21,-0.11882057120515761,-0.36293941035762456,-0.14528396224958706,2.8497303859514895,2.1116307110165793,-0.2604472398225499,direct,,-0.07998073768270875,0.07706599806443025,50587.854999999996,54474.1406
2021-05-22,-0.23622182653821283,-0.3011896253032593,-0.2588952083289525,1.244580494748162,0.8631106023045628,-0.25551483580476625,direct,,0.003778006066335493,0.07762118511625171,49631.254499999995,54044.2146
2021-05-23,-0.2547218668819875,-0.4482055164218809,-0.25395784043225395,3.2365448249517366,2.055572386331926,-0.3525011878137202,direct,,-0.07400770841390725,0.07859507936954999,48507.343,53597.051999999996
2021-05-24,-0.1982340350416062,-0.3303893567940864,-0.3510417976872585,2.3633563069035097,1.6928624063088786,-0.20845723370015729,direct,,0.11870089558842345,0.09688514199267462,47787.0275,53209.418600000005
2021-05-25,-0.20176108183100583,-0.2577176570341845,-0.20685288043927372,0.9478492198042633,0.6662255778811782,-0.22420065918105692,direct,,-0.011596961307758225,0.09687547949756313,46831.0515,52794.7746
2021-05-26,-0.16692404994558396,-0.20978452475157905,-0.22261214980836908,0.9461928770300044,0.7215144389294477,-0.1924719243286542,direct,,0.023646325248727784,0.07796703822318356,45973.7085,52420.4692
2021-05-27,-0.18227367494823662,-0.23270502730298503,-0.190851483752163,0.24224825341358297,0.15319986994403414,-0.21890577887056267,direct,,-0.01924515740901933,0.0668683218484045,45031.933999999994,52072.206399999995
2021-05-28,-0.2349246169430485,-0.32090609095903716,-0.21731194082961577,1.6097878930041702,1.0726648167813426,-0.31880242751703797,direct,,-0.07415687654324832,0.06581554723751552,43868.8235,51624.13560000001
2021-05-29,-0.2890610842571635,-0.3589082037502172,-0.3173091235901061,0.7397713346952629,0.38212666833611825,-0.3561804794791718,direct,,-0.029969518723171884,0.06632529531958213,42684.6935,51154.2302
2021-05-30,-0.31747988936905885,-0.3683548093097441,-0.3547247921228511,-0.07271229103928342,-0.185239552021272,-0.31944314019258174,direct,,0.030365848655276473,0.06092330482333592,41674.322499999995,50671.78600000001
2021-05-31,-0.281979449073371,-0.3398021494781319,-0.3179504810668724,0.377063578625132,0.16566305388895225,-0.2625291190890737,direct,,0.045656807315453074,0.04141265780374852,40701.488,50217.9936
2021-06-01,-0.26829850106322406,-0.2853221326522939,-0.2609791827597325,0.17083553427803727,0.027499643011238833,-0.28375757637828314,direct,,-0.016286041367274517,0.04157395383910296,40060.459500000004,49754.748600000006
2021-06-02,-0.257454338367343,-0.27813885419999834,-0.28222900397029854,0.012647763045861937,-0.06562402523593933,-0.2525269405780626,direct,,0.024356175295112248,0.041658281855151455,39454.2785,49235.1186
2021-06-03,-0.2141699519605446,-0.23312928990902682,-0.2509669382438207,0.0531236721018731,-0.0005209557993152678,-0.19475863590716314,direct,,0.043981182096059834,0.0449349889171611,38921.3635,48760.426400000004
2021-06-04,-0.22136416345474536,-0.2894683030363385,-0.19314049663432595,0.3543666164886553,0.1771758986909156,-0.27753605705913287,direct,,-0.06036656958026154,0.041106116122588195,38425.674000000006,48232.995800000004
2021-06-05,-0.2682444506634255,-0.31690549390206546,-0.2760012234307665,0.009683022060585897,-0.1013204836128726,-0.3237841171252479,direct,,-0.03589381875398445,0.0420066150795684,37878.0585,47715.435600000004
2021-06-06,-0.31843730441262375,-0.30202142204010485,-0.3222958266773251,-0.42637278483608426,-0.4250415015630499,-0.31469005183358356,direct,,0.007320813542534221,0.04052251676386861,37490.38,47230.285599999996
2021-06-07,-0.3068498626519974,-0.3695482258517393,-0.31319260928887593,0.44401141964935253,0.18592047933775782,-0.39213868698519094,direct,,-0.06189381307689101,0.04126286620450973,37025.222,46777.006400000006
2021-06-08,-0.40081149078580613,-0.4525773432591392,-0.3907191872946445,1.7201918639086893,0.9213087307595704,-0.39820256232361567,direct,,-0.005165730375554789,0.04137910507376373,36857.0975,46331.59180000001
2021-06-09,-0.28144169923588536,-0.40271830077410725,-0.3967891652035048,1.8537680983702516,1.1753284763272045,-0.25900747140434766,direct,,0.11919407064722565,0.06452108993859107,36696.8065,45949.50220000001
2021-06-10,-0.2518764748161616,-0.28220672108292777,-0.2574539909548116,0.8254817960453109,0.530845861727518,-0.2838530016703855,direct,,-0.01900962730111977,0.06186970829735223,36663.326,45607.052800000005
2021-06-11,-0.27671039576817225,-0.27648380292642916,-0.28232452529662555,0.12421624002149348,0.006123994359829346,-0.2608111142880386,direct,,0.017971264515094898,0.05776183540090369,36655.75,45319.500199999995
2021-06-12,-0.2843025834545199,-0.3237018818738515,-0.2592594489908802,0.036243963103112856,-0.09704268496073142,-0.3236659715255023,direct,,-0.048157497674074956,0.0593110301875322,36696.997,45006.775200000004
2021-06-13,-0.2178804946932093,-0.3184687165243272,-0.3221775621780633,0.23800396300817556,0.09893325071047783,-0.2021790883834957,direct,,0.09778885581982677,0.06973934700983454,36705.9775,44784.80279999999
2021-06-14,-0.16105045841079146,-0.17775198614541046,-0.20056841691488825,1.0251928281684526,0.8154387269964896,-0.14942393220831277,direct,,0.038681746104363146,0.06124722552940511,36812.941,44612.916000000005
2021-06-15,-0.15135443637305074,-0.1503137275046681,-0.14776016893975344,0.3046418554376376,0.25206976263880565,-0.16217421931459092,direct,,-0.009000748396794767,0.061617279987990006,36856.28,44334.907400000004
2021-06-16,-0.17955290864500303,-0.20030873334163624,-0.16052328769589208,0.29969956501860895,0.2094684356946298,-0.225666992882042,direct,,-0.04522823395131592,0.0516930332380891,36846.6085,44000.346000000005
2021-06-17,-0.2122778436975343,-0.22648594968942037,-0.22407995920009532,0.07043857566557754,0.008762727252908924,-0.23486382387289345,direct,,-0.006861577435213206,0.05096232871387862,36966.677500000005,43664.4332
2021-06-18,-0.258278865166817,-0.3057746512185537,-0.2332860457092043,0.7266395058099646,0.43859716228520623,-0.3135813008205859,direct,,-0.05913534634200146,0.056129715653272426,37027.613,43309.407400000004
2021-06-19,-0.3188005093284671,-0.31630006546844386,-0.3120827424496492,0.18270821898553768,0.009768591631788429,-0.32458876555901867,direct,,-0.008788932492592272,0.05291332375941539,37020.2525,42864.55559999999
2021-06-20,-0.32924256459145246,-0.36916738609631594,-0.3231012848941915,0.5958454205962446,0.2667447389034423,-0.321551934285083,direct,,0.0024462641255704742,0.032007139796872454,36935.824,42419.7376
2021-06-21,-0.34230210513894765,-0.4436667607572454,-0.320061397410206,2.5137186677007155,1.459002177509268,-0.4596089125630142,direct,,-0.11093790113324276,0.0408302366769996,36684.2795,41920.3198
2021-06-22,-0.42657046539551474,-0.5282569652368764,-0.4582573136423411,3.178702999226187,1.7489164086028361,-0.42867573802132475,direct,,0.02795850706829328,0.04657644420700684,36432.309499999996,41427.17
2021-06-23,-0.37427377729492367,-0.42568115840111637,-0.4272930085338273,0.7300063707950236,0.3179723700495836,-0.38879076226813825,direct,,0.03506898792104374,0.05144626121512845,36154.758499999996,41035.8614
2021-06-24,-0.35928770147817685,-0.4060764531969299,-0.3873678932889342,-0.029319487773123768,-0.1953234420444569,-0.3548431272169624,direct,,0.0288372689633547,0.05432811689032318,36044.1755,40578.72059999999
2021-06-25,-0.3514634757697643,-0.44346922237943237,-0.3533860939744019,1.8310947078068156,1.0182675272283659,-0.461662828373977,direct,,-0.08819607825028908,0.059397172117148636,35846.948500000006,40081.759
2021-06-26,-0.4483383171716939,-0.4825978378116545,-0.46031329647566266,0.6593764389731409,0.16898678278157828,-0.4367232709886151,direct,,0.022583185467049516,0.06120818804292675,35672.3875,39580.419400000006
2021-06-27,-0.37693946038817133,-0.4170987387538959,-0.4353486403873949,0.7323026641866095,0.2938552085028241,-0.3526070994016578,direct,,0.07448645586840152,0.06948889239397985,35728.935,39095.833
2021-06-28,-0.3584153211400277,-0.3509070096362738,-0.3511478158626323,0.05876255527643127,-0.11540604887829851,-0.3605312436212846,direct,,-0.006530542167511921,0.05075210389061222,35782.821500000005,38619.6916
2021-06-29,-0.31255235196577164,-0.33834428065737077,-0.3590799347924144,0.16276948270933908,-0.006452076762920178,-0.31109534962120394,direct,,0.04100952500803934,0.05160610225747822,35708.313,38220.3196
2021-06-30,-0.33094945556088556,-0.34481428539950865,-0.30959428943559475,0.007318476651538899,-0.14080848868733598,-0.3406324486440055,direct,,-0.023537237116871057,0.052612808952399975,35627.0935,37786.497
2021-07-01,-0.36623575987775375,-0.39125217673582063,-0.33916111404099664,-0.09495506062657415,-0.24652823024226156,-0.3935281211833831,direct,,-0.043167023187498765,0.05462097089704024,35437.25,37467.2776
2021-07-02,-0.4040001201038558,-0.39275240063218503,-0.3921100197933602,-0.2289094957003552,-0.34318361477071496,-0.38439001344921,direct,,0.007793850957767523,0.03980586310064122,35350.388,37149.356400000004
2021-07-03,-0.37038421412980516,-0.3707608623440082,-0.38296271563891393,-0.7834807091437095,-0.7016302863843494,-0.353689634675067,direct,,0.025981717248629854,0.039999807123854494,35133.6615,36845.254
2021-07-04,-0.33594171573590614,-0.3331075560577958,-0.3522314405792417,-0.8316194903250671,-0.7237100247137157,-0.3325377273454559,direct,,0.017447533131658366,0.029241731266230944,34871.728500000005,36615.507600000004
2021-07-05,-0.3584762569410744,-0.37722232488602453,-0.33105824636671793,-0.28365218729284547,-0.36393704813184885,-0.38794661545338743,direct,,-0.04492125786776624,0.034408278573094975,34548.775,36359.7492
2021-07-06,-0.36516026020278214,-0.3627276349796088,-0.3865228969406578,-0.237268608766708,-0.32826024538894694,-0.36925059860843007,direct,,0.015870199470132906,0.03012220551834682,34343.3875,36173.4596
2021-07-07,-0.3661872177989539,-0.3538768478785667,-0.36780806477492056,-0.6263965800701682,-0.5906454026671685,-0.3817247465910426,direct,,-0.010423317481393357,0.029271757153119225,34133.312,35993.355
2021-07-08,-0.40517614663705154,-0.4143392521895987,-0.38029476650615746,0.2918590265591502,-0.009482611594742861,-0.4169160563282985,direct,,-0.02971536377988826,0.026631832109079046,33985.49800000001,35915.397800000006
2021-07-09,-0.40028131488969326,-0.4084440663306466,-0.4155214921176533,-0.4894088001791272,-0.5191637549924706,-0.3844018979178236,direct,,0.028295604947494946,0.028984536735196843,33899.939,35779.5338
2021-07-10,-0.39418739051495777,-0.38154147482253253,-0.3829746120678339,-0.71219323597835,-0.6614793819967719,-0.39450614304163273,direct,,-0.008551304275800087,0.026749912584364106,33795.582500000004,35702.8286
2021-07-11,-0.38240681324931886,-0.3706772199678171,-0.3930890259144688,-0.8395961810049247,-0.7453145912371606,-0.3688437303300161,direct,,0.021905628890593665,0.027406522759126983,33925.41650000001,35637.984599999996
2021-07-12,-0.38024583006756574,-0.3947028696599612,-0.36740078703190043,-0.2995675726840774,-0.38753954224177295,-0.4094183548059784,direct,,-0.03389237152292168,0.02485586027457863,33952.963,35605.418
2021-07-13,-0.42579000516402926,-0.4108704070901997,-0.40801624504911216,-0.49345396356451965,-0.5303976441771363,-0.4216887191061893,direct,,-0.010609120809610406,0.023602592771577426,33905.904500000004,35483.4122
2021-07-14,-0.43392648381904875,-0.4323736162714222,-0.4202989580138707,-0.4336792688496371,-0.49801776116953095,-0.41878646196214164,direct,,0.0025362375284345706,0.023718732633907853,33814.4375,35372.075000000004
2021-07-15,-0.4308507750814696,-0.4490394487087567,-0.41739378009265404,-0.2090291606349736,-0.36305356438376235,-0.4520993265720807,direct,,-0.029037948842948746,0.02359878560663617,33828.1175,35223.522600000004
2021-07-16,-0.4629229740956697,-0.4521577076781632,-0.4507401701448801,-0.4920794242231796,-0.5477305166699366,-0.4683775531405863,direct,,-0.014613652923703424,0.018847809630446268,33782.838,35080.781
2021-07-17,-0.47293056053989224,-0.446889305753137,-0.4670347788153679,-0.41042538432325987,-0.499280023964589,-0.463313371338471,direct,,0.004613754133526271,0.01969201709912576,33624.4795,34998.0954
2021-07-18,-0.4564083517046681,-0.4491134811098111,-0.46196550051564644,-0.5104793237757996,-0.5591240234822276,-0.4542371327497268,direct,,0.008230987515627675,0.016617941602460943,33490.439,34941.9898
2021-07-19,-0.47496450806861595,-0.472054983236516,-0.45288012777057696,-0.05375546909676301,-0.2885233517800825,-0.4877495865237331,direct,,-0.030143399263667936,0.015773440213839286,33237.746,34845.689000000006
2021-07-20,-0.5039964581616652,-0.5135921431780377,-0.4864263078496625,0.13173627545050406,-0.20889226557353333,-0.5245215305865802,direct,,-0.03410319458109312,0.01826246438009982,32974.704000000005,34695.7834
2021-07-21,-0.4437405904881964,-0.5066946725048124,-0.5232352585074962,0.3284762339269561,-0.03444268218480662,-0.4425910525949175,direct,,0.07866711639825419,0.039512879638904076,32904.52250000001,34604.9028
2021-07-22,-0.45096096650714024,-0.4275155958772402,-0.4412223272190779,-0.5340280288724465,-0.5671430878009285,-0.43699871102589183,direct,,0.00497798968744978,0.03773403042721505,32829.269,34499.352600000006
2021-07-23,-0.41537962274678586,-0.41775826778828823,-0.43562435762236035,-0.5668002553184439,-0.581357404182137,-0.3902141021561983,direct,,0.04143876045024886,0.03940299840535992,32777.023,34387.5178
2021-07-24,-0.38502120010326735,-0.3673425585953291,-0.3887926655995682,-0.6815311930412744,-0.6373546980030225,-0.36768114966506354,direct,,0.019164086245522904,0.039422909854215316,32726.752499999995,34335.939000000006
2021-07-25,-0.3553148249579552,-0.35085362088551353,-0.36623703636756644,-0.5946797971931547,-0.5695346386526514,-0.32967287132322115,direct,,0.0317178763779602,0.03998411756232751,32810.109500000006,34332.5696
2021-07-26,-0.17728520174390255,-0.3018114262871143,-0.32819050720710197,2.1348277953873533,1.593529833969986,-0.2632739956365827,direct,,0.053706354522047306,0.03625663802070195,32961.7025,34361.9886
2021-07-27,-0.21234394354951713,-0.26080139127809926,-0.26172480893703154,0.6540482080223872,0.4314117904864966,-0.18542478398406237,direct,,0.05975848360805314,0.025139750979590907,33242.4975,34480.2652
2021-07-28,-0.16515863306554088,-0.17582643186798913,-0.18379725129767074,0.9554649487835285,0.7604946107275009,-0.16678294633425475,direct,,0.01350290366104101,0.020687964234758188,33600.2975,34612.6778
2021-07-29,-0.1745389594560506,-0.1590289071787791,-0.1651366528520093,-0.2831434634925952,-0.23292658089791823,-0.16676511963133472,direct,,1.2740441483582998e-05,0.021824309704397013,33911.6135,34665.456600000005
2021-07-30,-0.11710989326503775,-0.1923310302780275,-0.16511880820862973,0.10018730810095904,0.07823129670703005,-0.08981982667982695,direct,,0.054990792025684465,0.023413835883780702,34347.4485,34776.477600000006
2021-07-31,-0.1146370014067404,-0.09553971662464328,-0.08809607895711268,-0.5007477822552446,-0.3752399457467672,-0.11628409147965794,direct,,-0.017927473187877463,0.03031644378376015,34708.71949999999,34859.1724
2021-08-01,-0.10737083746949565,-0.15227665390762177,-0.1145869768968013,-0.20981124431959083,-0.14246061212761515,-0.1723494217068863,direct,,-0.03867319658818669,0.03922876651352597,35047.832,34945.752
2021-08-02,-0.18097749816325953,-0.1798085208246971,-0.17070873022107774,-0.22796170737540783,-0.196916428856814,-0.19724493664973966,direct,,-0.017863466861429367,0.037638638285451616,35368.884999999995,34948.5752
2021-08-03,-0.20394547537700317,-0.21606980441608625,-0.19562929954334865,-0.047981840959897826,-0.08517516905954937,-0.23112371169159626,direct,,-0.024751439852313095,0.031145737576211665,35637.325,34901.8286
2021-08-04,-0.19769146542324653,-0.2215147451436266,-0.22954216954913947,-0.19536855452161464,-0.18978229187143966,-0.1769703827383583,direct,,0.040567907764740285,0.03515819738105123,36030.88,34893.3626
2021-08-05,-0.14784012757596013,-0.22849799374307342,-0.17533434170108322,0.7092299641395745,0.5447895272201274,-0.1367861980106678,direct,,0.02892958375945187,0.03688759179547542,36505.201,34944.218
2021-08-06,-0.08055323241787325,-0.13720287401795925,-0.13510971636338476,0.3048694794340152,0.2982484896679064,-0.06813591460816615,direct,,0.04803344144933819,0.035333443439988,37070.477999999996,35039.6156
2021-08-07,-0.033460874850747835,-0.045426899610997495,-0.06639034460294248,0.38199812912465475,0.43299554101202364,-0.006414276407316199,direct,,0.041206305023455014,0.03664762521810716,37711.061,35215.369
2021-08-08,-0.013533835098279774,-0.015991189841810013,-0.004606590902762394,-0.005464352226948509,0.11207614695830974,-0.03403552918098768,direct,,-0.01771058112024837,0.032531256022578565,38360.071,35381.6164
2021-08-09,0.02659703753683474,-0.033165283186382455,-0.03225564118729347,0.3316654325779026,0.44714047534412654,0.052121974661929985,direct,,0.056239711141913507,0.03246901590091322,39184.924,35595.4234
2021-08-10,0.03456861083195912,0.0325075072738495,0.053988569951934524,-0.15021069779359067,0.01588577305172269,0.027948266415747592,direct,,-0.014939317528218865,0.03010697074160963,39858.0015,35874.391599999995
2021-08-11,0.036507884093519814,0.05732651380229179,0.02979053373905938,-0.3085652291096655,-0.11722302290822662,0.02639839189127372,direct,,-0.0009723464579637353,0.03085241768009996,40520.8625,36134.7738
2021-08-12,0.017584047302917117,0.0013000028294303098,0.028239099449926097,-0.14525503842268803,0.0010409632315251758,-0.013140885642539,direct,,-0.02482994264947702,0.03473814404613163,41060.2425,36349.7114
2021-08-13,0.07530367742660488,0.018170136219674095,-0.01133996967138748,-0.18105427702453133,0.005897704978942743,0.10596281199927282,direct,,0.07669938359753581,0.04079593157713278,41737.761,36613.3732
2021-08-14,0.08375413037854294,0.08184156037640516,0.107883591698393,-0.5544754889488953,-0.3301310908338257,0.08041469991226236,direct,,-0.015280268216895765,0.04068728588955376,42324.365999999995,36923.5366
2021-08-15,0.058094994086933305,0.06568042959625807,0.08230976847043608,-0.7583741693392424,-0.5308320024968107,0.07740548255069356,direct,,-0.0018277343885177988,0.039407470447126274,42811.687000000005,37217.708399999996
2021-08-16,0.08128123852024535,0.06873711353978755,0.07929752268894107,-0.3915325926239242,-0.18031173757080182,0.03935630765509313,direct,,-0.02315257336128984,0.0353404257581849,43133.222499999996,37441.9802
2021-08-17,0.0481125393572667,0.02452019423510403,0.04121005581719366,-0.08665434877103835,0.08010048946936965,-0.0040908627933832235,direct,,-0.02706380069413905,0.03643952598703489,43365.9435,37645.9266
2021-08-18,0.0110690806418532,0.01747679430980051,-0.002280839048935165,-0.31927727770580655,-0.14838473682046116,-0.0030383882347022836,direct,,0.0006738365018867931,0.036455182911391,43600.1445,37822.1892
2021-08-19,0.04615329843208611,0.008269370353679487,-0.0012273052995935374,-0.221236420953842,-0.05398743898429803,0.06851135596629088,direct,,0.04577817416884966,0.038813598013934775,43826.6275,38056.2912
2021-08-20,0.12648665187529667,0.10329387228190295,0.07039444522231945,-0.11478790073135153,0.1097393574737537,0.15851733038080495,direct,,0.05506582446367725,0.03282943538488054,44219.714,38372.158
2021-08-21,0.14137013521344496,0.1630191559074378,0.16049099996176364,-0.5861377405748447,-0.3265890775553059,0.14213843537227955,direct,,-0.009497643223215224,0.032306033833477604,44669.5695,38673.4246
2021-08-22,0.13112362534590924,0.15554295117597094,0.1440956215404257,-0.8004881268143167,-0.5409718503471274,0.1568835654896477,direct,,0.008632256736379018,0.032140713262443624,45176.128500000006,38965.562
2021-08-23,0.1656070918772352,0.18858240162147852,0.15885559088025503,-0.3241833312289668,-0.051001691802619105,0.1649702472947234,direct,,0.004693677443019961,0.029360106839526893,45742.716499999995,39250.2238
2021-08-24,0.1430966495764357,0.13634720380260845,0.16695041097026428,-0.3824526115999553,-0.13307119327126601,0.10098566645259148,direct,,-0.03696447531615832,0.03165821975973616,46140.315500000004,39529.9788
2021-08-25,0.12236367360786359,0.12048754150175428,0.10290143724576095,-0.5111108308445751,-0.26816399205902847,0.14663251222414292,direct,,0.02738278912337755,0.03198718857798324,46545.7285,39825.1544
2021-08-26,0.12582221065484353,0.09634194508290207,0.1485942211469634,-0.1869042489128863,0.02197927858478404,0.0716827613701143,direct,,-0.043762771336039896,0.0347514187501127,46745.7305,40084.583
2021-08-27,0.11921601242724066,0.09349917206741866,0.0735690422690736,-0.412192196857739,-0.18083455425155331,0.14983642514505585,direct,,0.04772196493570635,0.032901488008589934,46969.2375,40408.8648
2021-08-28,0.12404130162199205,0.1650433014112633,0.15180135842576276,-0.9419333967116998,-0.6794013403276687,0.14392215429388322,direct,,-0.0034468639038789384,0.03269708104320065,47223.795,40711.1588
2021-08-29,0.1359881613277752,0.14563079570981388,0.1458811355633052,-0.7249190709041123,-0.4686341148000251,0.13956544791746378,direct,,-0.002547890488134419,0.032512333349462436,47348.877499999995,41016.7414
2021-08-30,0.10929414922855844,0.11114095086865156,0.14152004467928203,-0.3709067625843171,-0.13771560996592258,0.07661446630150875,direct,,-0.03690905446665249,0.03500715714954847,47418.491500000004,41271.6216
2021-08-31,0.08776453233556752,0.10549064141318672,0.07850571037583559,-0.3391977196268094,-0.1196265655406201,0.08241513561446469,direct,,0.0035313537182208865,0.03247124874123856,47498.62,41553.0366
2021-09-01,0.11562665275654474,0.09947622067753653,0.08431221737361853,-0.27318887156446164,-0.046963576425709516,0.14116460803236422,direct,,0.03563987221173526,0.03380305860166209,47719.3445,41875.0874
2021-09-02,0.16082380363009802,0.1737919380358506,0.14312081415893593,-0.24883099306492715,0.020090697105489125,0.15657107387375233,direct,,0.009024568176787762,0.027750836771351033,47791.736500000006,42204.292799999996
2021-09-03,0.18427754590190348,0.16417697994892608,0.158542784778657,-0.038420929482995206,0.23947274106409353,0.18239322782526174,direct,,0.014990431358925749,0.022025400757993335,47937.610499999995,42567.3338
2021-09-04,0.16682993913891866,0.2047011773260226,0.18439092566170662,-0.801919660108382,-0.5285515736120779,0.17944937504106684,direct,,-0.001683743003480065,0.021950711690733756,48083.577999999994,42938.0044
2021-09-05,0.21299070191716024,0.20463568712508984,0.1814441102392705,-0.640544097483352,-0.35564546257462765,0.2440753676451317,direct,,0.03702531816677146,0.02510778202162165,48376.416000000005,43342.754799999995
2021-09-06,0.2431480708442309,0.2593200049038375,0.24613514123047678,-0.491331466547293,-0.1831430226874323,0.2758544367175442,direct,,0.017556720047211316,0.01497601647417213,48776.860499999995,43760.4952
2021-09-07,0.24841815695961686,0.005500629739250418,0.27794619216210786,1.5580159232438466,1.7454795299710544,0.0718257245366703,direct,,-0.11077324412278444,0.05087331155789364,48883.949,44080.6704
2021-09-08,0.05711107024856287,0.02583604897884287,0.0737121493110797,0.2128439473962133,0.3661441423058041,0.044461386010966386,direct,,-0.016707675017516355,0.04860154947887254,48849.547,44406.2284
2021-09-09,0.05617947545967904,0.06486464948464078,0.04632027182819788,-0.25736073617493244,-0.061950026151459926,0.055625795643735806,direct,,0.006932409012131657,0.04849128192958581,48702.367,44691.2958
2021-09-10,0.045554612793553564,0.01595948601319268,0.05749591711347556,-0.136774901160425,0.03104080235027588,0.0018048822684802368,direct,,-0.03318938155340745,0.04818149429138536,48501.628500000006,44942.3684
2021-09-11,0.009783576228810745,0.035311484463780546,0.003620839380206219,-0.8791732039546846,-0.6541265251705318,0.012746283343149967,direct,,0.006978781845625059,0.048671459074084156,48295.44900000001,45172.932400000005
2021-09-12,0.02410073531429319,0.03616000967586409,0.014573251675753022,-0.8170023005236855,-0.5941054029871173,0.043631920010385385,direct,,0.019563336412337318,0.04604684445110003,48121.882,45408.27560000001
2021-09-13,0.03850292910519092,-0.008491494060008233,0.04548997106858739,0.10676623968095894,0.22775432808348395,0.005491164797822276,direct,,-0.023695258081916748,0.04366493243131034,47985.282999999996,45600.048200000005
2021-09-14,0.0537100263020055,0.03653551055621162,0.0073108317151635415,-0.4516485474261117,-0.24762353114547933,0.08135776745106058,direct,,0.04827667968013216,0.028115122517430355,47891.9115,45797.238
2021-09-15,0.09480692073224518,0.10589746369398019,0.0832537850947217,-0.4462404545786379,-0.2152671655418493,0.11699159887257074,direct,,0.02163083841565938,0.02778536397077171,47956.723000000005,45970.2732
2021-09-16,0.0962256576594405,0.11747926335891416,0.11892347773599712,-0.48855107637206624,-0.25335629726754194,0.10356983928963168,direct,,-0.00797491923416005,0.02832547817453581,47890.5415,46124.96239999999
2021-09-17,0.08499728957390874,0.10750482101687009,0.10548821074588799,-0.726392118311891,-0.4865827978107079,0.08726399880875955,direct,,-0.009766464487096727,0.024214526765026993,47809.495500000005,46270.31159999999
2021-09-18,0.10688047182099557,0.11804589596698338,0.08916596037291011,-0.8375563604006018,-0.584277720306856,0.12272445680579092,direct,,0.021448696117677635,0.024738814695083336,47785.40550000001,46391.9242
2021-09-19,0.09201833322671685,0.1108572786396118,0.1246621051099433,-0.898675338407847,-0.6495832402220685,0.08564841016371694,direct,,-0.021954998772573342,0.026923753949195675,47798.327999999994,46507.465
2021-09-20,0.05635849589213261,-0.04261295652092482,0.08754874582974935,0.8719888614690195,0.8926482750720145,-0.0655744620787694,direct,,-0.09155849432910013,0.04482396271886315,47586.638,46568.559
2021-09-21,-0.07152268441077285,-0.1417544429827773,-0.06382631427575046,1.1024393357242956,0.9794697964195338,-0.14302868992148912,direct,,-0.051621345467235624,0.04046560813095485,47180.117,46599.5802
2021-09-22,-0.05822387616990193,-0.11250096681618482,-0.14135849060101083,0.09858408931967243,0.15570281380223117,-0.04283003595495372,direct,,0.07041485802239733,0.0515164953012897,46894.886,46707.317200000005
2021-09-23,-0.024418277391463104,-0.022831000664214222,-0.04105899858796922,-0.17879422052881377,-0.04565049447341639,0.003229969872512962,direct,,0.030239477328768194,0.05409808220983669,46638.604,46810.4234
2021-09-24,-0.01928830919147812,-0.10473717468062242,0.00504736116568153,0.7226654089582172,0.691543344449165,-0.06826769239249772,direct,,-0.045562122401120675,0.056001645441558216,46284.26,46849.628
2021-09-25,-0.09331463509132072,-0.07260141782298388,-0.0665222550059652,-0.7579104777979354,-0.5796375776229384,-0.07268941380309674,direct,,-0.002952268240525191,0.05425720576135908,45831.1475,46847.022600000004
2021-09-26,-0.06110644940246856,-0.10408939117139732,-0.07094842635407923,-0.4130970638108811,-0.28252860301247673,-0.05591553498477071,direct,,0.011232643858853697,0.05510793840137817,45356.571,46818.6992
2021-09-27,-0.04623673686681651,-0.05732654030545777,-0.054157666618640916,-0.4692385699467981,-0.3161778688642029,-0.09136900211791191,direct,,-0.023477730899576166,0.043358575064127776,45123.131,46785.8944
2021-09-28,-0.10060283231255976,-0.10057534359635467,-0.08964681345630961,-0.2688749218835013,-0.17792194665493505,-0.13089255020797136,direct,,-0.026802245498727006,0.03943042297183338,44872.298,46681.178
2021-09-29,-0.10673290504384828,-0.10532551871400087,-0.12921013730405267,-0.4656148803599532,-0.3444476105822344,-0.11402219746795945,direct,,0.01175542462038548,0.02657177722297587,44629.627,46599.946
2021-09-30,-0.054974655320867885,-0.08232849228650507,-0.11232280655738269,-0.19715542048390425,-0.08301118542911183,-0.03397995181306011,direct,,0.0551261777063381,0.033157074457174356,44578.439,46565.399000000005
2021-10-01,0.09524861922231818,-0.01584063356466586,-0.032200007887344964,0.4921537189759399,0.6443100046762356,0.11754737255184766,direct,,0.09890657719235563,0.045046201126032845,44728.3505,46640.1756
2021-10-02,0.09103337657815923,0.1323547930207532,0.11947981073548344,-0.8277055537567516,-0.5786616294241975,0.10023344949799773,direct,,-0.01028416245625663,0.04568669691000606,44809.315500000004,46636.8974
2021-10-03,0.11987115835600858,0.12055872650276801,0.10214846327412908,-0.7388143373043089,-0.48915329184861056,0.11998368861760869,direct,,0.0118531910242754,0.04567506396560677,44973.090000000004,46659.537800000006
2021-10-04,0.13074561681738195,0.11369684833004945,0.12191857866404919,-0.18276550286437726,0.05419894204370615,0.15643615020067025,direct,,0.021620825951791378,0.04209987199528578,45080.485,46704.75720000001
2021-10-05,0.21281340283501857,0.1899872376164845,0.15840772532092032,0.03866268794870106,0.3266771215323032,0.23429200317388596,direct,,0.04520088617569562,0.03624496854133864,45248.276,46816.2946
2021-10-06,0.3426596766541655,0.23809406130156338,0.23634193096467707,0.8734513544411083,1.3135263947929237,0.36857181769190145,direct,,0.07458760215415161,0.03772561415717752,45627.345,47029.52300000001
2021-10-07,0.33243829850118567,0.34318483422313845,0.37066555958340675,-0.2034254589127149,0.1761757583426484,0.3144401604167232,direct,,-0.027981140410708316,0.04536739676947996,45952.3065,47211.176400000004
2021-10-08,0.35612889857593,0.3529428741621004,0.3165361082082341,-0.36803419700406576,0.0034560902757306716,0.3197560133188885,direct,,0.002826912399360504,0.03446706392672856,46234.148,47354.932400000005
2021-10-09,0.3367564778940057,0.3540188354524231,0.32189195048693614,-0.8793600174663948,-0.5570348591448501,0.35536572625997737,direct,,0.018883473721340804,0.03234000731360171,46619.96200000001,47467.5642
2021-10-10,0.3707851636728869,0.3695086916730107,0.3575375003754038,-0.5802814360250758,-0.22017530769895172,0.3460049595108989,direct,,-0.004871921938639279,0.03371683038341281,47208.701,47584.2116
2021-10-11,0.417342525563026,0.38079720913376813,0.34816731312619476,-0.2738942596830659,0.15449154228024348,0.4438267197547407,direct,,0.05116174993016487,0.03593248538219008,48048.1615,47748.3934
2021-10-12,0.41117837009555863,0.3683234614061322,0.44608751935526997,-0.1978002965045535,0.23049816354205835,0.3918181878430389,direct,,-0.025877061782158983,0.03850759208315005,48669.899,47878.190200000005
2021-10-13,0.41538018620728384,0.37477958507307246,0.39402664703227497,-0.1947120686217065,0.22546116921007472,0.43928964908995205,direct,,0.024247066196043887,0.02838952987790897,49293.6555,48071.7594
2021-10-14,0.44105515892176433,0.4664220876031335,0.4415458826676398,-0.405548179590985,0.021297346290943635,0.438947446302523,direct,,-0.00017064965399438137,0.02462165123421214,50019.195499999994,48239.014800000004
2021-10-15,0.5916808851679088,0.46753542101898843,0.44120333549374224,0.7903309516093467,1.5206322346447643,0.5901510936693111,direct,,0.07541509027059479,0.03461968024094481,50967.348000000005,48535.6696
2021-10-16,0.5727969837045457,0.5838563397004894,0.5925591513759892,-0.585594538951341,-0.12904554749251354,0.5619363165513551,direct,,-0.013085685716583195,0.036804603137240655,51851.147,48771.462999999996
2021-10-17,0.5506480249692776,0.5445803713161689,0.5643159794354029,-0.571790744327123,-0.12224340141181841,0.5844039044651159,direct,,0.010558369664328993,0.035847539974534465,52817.7985,49023.495800000004
2021-10-18,0.5838570037295585,0.5757462325349951,0.5868061783083458,0.3834831382262151,1.0791150586127265,0.6024969592995371,direct,,0.00841377530171239,0.03264863464617419,53866.86699999999,49288.3738
2021-10-19,0.6460314884608432,0.6285719099372742,0.6049174416538857,0.11941186089547864,0.7912776641667929,0.6809977194666308,direct,,0.036200461135533324,0.0290857110279662,55004.094000000005,49634.187000000005
2021-10-20,0.7325107510582134,0.7045117130937165,0.6834972035140275,0.2032080994259129,0.983354169243609,0.7417151200696428,direct,,0.027021510961442008,0.029168432408271147,56113.678,50011.4222
2021-10-21,0.7209801138578846,0.6522782948998719,0.744275708970482,0.7918810463976611,1.679433554800111,0.611088731020685,direct,,-0.05660409366592645,0.04119332435119918,56819.658500000005,50280.3012
2021-10-22,0.6206405385478517,0.578995827831272,0.6135178599729877,0.031222866230933205,0.6486536684968135,0.5554984299948007,direct,,-0.02553418247651562,0.03221258929500546,57470.887,50508.5576
2021-10-23,0.5518643310997754,0.5678866965730692,0.5578716139105362,-0.8217134488011067,-0.4221530416321355,0.5771526308949279,direct,,0.01020700868081792,0.03206259649347863,58124.839,50734.429200000006
2021-10-24,0.5431825286658971,0.5616306027589774,0.5795476071924068,-0.7187876473973617,-0.3030212834925634,0.561439615671951,direct,,-0.007331713342126456,0.03192979623904656,58704.17150000001,50952.9946
2021-10-25,0.6199106860155407,0.6018148917562333,0.5638187786855476,-0.5240287564998926,-0.026919039081294737,0.6392297545245985,direct,,0.03656506454765385,0.03495572826737102,59283.41000000001,51179.0922
2021-10-26,0.6054537532847195,0.5737085618809771,0.6416872040752775,-0.4039446089951755,0.10650725684057369,0.5422888431309315,direct,,-0.04395945793437339,0.03536828280455151,59531.9015,51331.5394
2021-10-27,0.5428985058644081,0.5117598147487784,0.5446487331661429,0.22035589109119488,0.8002385988873094,0.47757930970337786,direct,,-0.03069284802890393,0.03229589078436339,59765.262,51563.7016
2021-10-28,0.5697198978867171,0.5123737853825218,0.4798740772775296,0.41029175669293033,1.0625804025406007,0.552580443407,direct,,0.0367007831429782,0.032367089417569835,60098.303,51854.434799999995
2021-10-29,0.5943479453414059,0.5879914764093771,0.5549506907157493,-0.15389489947839038,0.4105741920859956,0.6110376977142861,direct,,0.027592591401005562,0.03254972078802959,60464.026,52172.22779999999
2021-10-30,0.5738318595121528,0.6059446895900448,0.613466775307626,-0.8328008834932832,-0.42948779972984125,0.5973848900797734,direct,,-0.006271263998715471,0.03263479431866417,60823.6095,52513.004
2021-10-31,0.5755205041682784,0.57916773960872,0.5998002277435167,-0.7117084355656633,-0.28669075123603105,0.5784340562460154,direct,,-0.00875978783010578,0.03270578357879983,61016.15699999999,52836.6766
2021-11-01,0.5776460275336033,0.5625396352219227,0.5808303221459394,-0.2696056406477611,0.26000902108524043,0.5648448654729042,direct,,-0.0063369451383257225,0.02885366308944882,61263.661,53134.9018
2021-11-02,0.6396580167954302,0.6024957762909298,0.567227455466048,-0.1259136832065342,0.47614720802443844,0.6452072926939784,direct,,0.03771379659578966,0.026684961328617206,61558.2135,53500.9316
2021-11-03,0.6145245808891219,0.6160355194087461,0.6476707579269848,-0.3507889527159141,0.18728018098637006,0.6336681727566901,direct,,-0.005218459359422001,0.021990410152661472,61836.7495,53816.95
2021-11-04,0.5990097062565122,0.6049288796255788,0.6361200252357642,-0.5825474733676843,-0.11781247829933629,0.5818847466622553,direct,,-0.023541421387247685,0.021940903384919837,61824.925,54082.9504
2021-11-05,0.582454103225234,0.6064707467475364,0.5842844852723096,-0.6701496414078745,-0.23005442180948749,0.566895984938311,direct,,-0.006978367402801,0.018951493113073852,61832.01950000001,54348.0542
2021-11-06,0.5470696819405788,0.5830398477388619,0.5692806391396237,-0.8498674060037534,-0.45809507909840946,0.5847261832904577,direct,,0.008359600823734548,0.019304548827300042,61832.480500000005,54632.68980000001
2021-11-07,0.606126112716608,0.6284455565604747,0.5871287814690542,-0.8672593569479938,-0.4651364545722711,0.6467008907641355,direct,,0.02881564953284399,0.021752467589125947,61895.71150000001,54932.4962
2021-11-08,0.7591847954938105,0.6959367678716026,0.649165859126233,0.006516691353634066,0.7265915715212977,0.7951295147096787,direct,,0.06708015035042703,0.031199052128772702,62058.969999999994,55338.4438
2021-11-09,0.7853080078295497,0.8030573810970841,0.7977438588556992,-0.24076107153647602,0.4399405406196156,0.773810875276285,direct,,-0.009028982456327217,0.030567066204435084,62104.880999999994,55818.7194
2021-11-10,0.8012952209877875,0.6921450987926063,0.77640376474333,0.38707938628026645,1.2572910269561772,0.7034415384431644,direct,,-0.030074736432621707,0.033708409671232266,62236.986,56303.04880000001
2021-11-11,0.6844857658920165,0.7253927653660792,0.7059636095291305,-0.6372511135481221,-0.13686615553580922,0.6997622467777128,direct,,-0.001621228825528509,0.03157116968873928,62443.34650000001,56727.9418
2021-11-12,0.680365541785083,0.6607799195709414,0.7022806150935379,-0.24087857758715622,0.35600386510281057,0.6765351015022737,direct,,-0.0102513390763459,0.03185429945012268,62585.507,57113.1904
2021-11-13,0.6631981708529006,0.6996455064244181,0.6790300944546307,-0.9452890036320228,-0.5454450059097851,0.6853876324465289,direct,,0.003947546850426198,0.031880664523344523,62762.80699999999,57544.4134
2021-11-14,0.6818479686738242,0.7070967964055302,0.6878915344200325,-0.8763073228503702,-0.45259830816723695,0.7238199066833163,direct,,0.0170704473062695,0.030831798357689667,62883.808000000005,58000.1564
2021-11-15,0.710297069551212,0.7009125994424624,0.7263624861769603,-0.5039992520767613,0.03668103847327647,0.6575814713229596,direct,,-0.028927296468610586,0.017039872194265268,63048.727,58408.4018
2021-11-16,0.6166249725398909,0.5337392515867827,0.6600573896973075,0.7711852052679782,1.5226960774484,0.535060988954776,direct,,-0.05510039761650165,0.024557155478355113,63130.951,58766.8296
2021-11-17,0.5210060283256361,0.5273447029457194,0.5374136050130756,0.12580749710899838,0.7038214254748332,0.5440337627579441,direct,,0.004270582226592046,0.02447275573901704,63118.7255,59153.0058
2021-11-18,0.5253878976800024,0.45507626621656017,0.5463954088475488,0.842050149191221,1.5069547363953173,0.4239684717880251,direct,,-0.05690194415362393,0.029655962251135596,62851.1345,59460.8308
2021-11-19,0.43723926955000175,0.4237342221202248,0.42620928642016676,-0.09694457175410898,0.3676695758201334,0.46610730205943646,direct,,0.021175577035088988,0.033190062567235466,62663.35,59746.9684
2021-11-20,0.48881023635903076,0.4876441160303518,0.46839052442020934,-0.8026728950021135,-0.4258900066655445,0.5232030856240915,direct,,0.02809676996543642,0.03640468287895475,62584.345499999996,59979.0746
2021-11-21,0.4942066695873217,0.5276846113255599,0.525543768110829,-0.8654017762665821,-0.49450025157578525,0.48584286036487767,direct,,-0.01788248419013927,0.0344079498017856,62471.338,60199.7108
2021-11-22,0.4712552173365739,0.4243741752793384,0.4881459442214636,0.06269900797421836,0.5542608600406885,0.40203044181395264,direct,,-0.040847292959912185,0.03548788568828318,62123.4885,60361.09100000001
2021-11-23,0.4189877921912875,0.41770342883434153,0.40424917842409297,-0.06043185329963233,0.40055292684889504,0.4461966226135438,direct,,0.022441764266453834,0.033568995550116686,61855.322,60526.88479999999
2021-11-24,0.4143941967485388,0.4324490458693307,0.4484598072398716,-0.3817472234813511,0.03015006458547474,0.43251165700513566,direct,,-0.006800992242029236,0.033282511127417355,61641.653000000006,60640.3012
2021-11-25,0.47280649823779736,0.4736210267556521,0.4347610693386848,-0.5406498818242517,-0.12345365943662986,0.49514630203005566,direct,,0.031340571567093356,0.027559289658710986,61539.019499999995,60712.723999999995
2021-11-26,0.4647130533405792,0.34971997324120396,0.4974587486958827,0.7203677083085391,1.2198827646431052,0.3141259210848554,direct,,-0.08782489999913501,0.043384331072450065,61151.94249999999,60712.5442
2021-11-27,0.33095380599207,0.35304466871355006,0.31625619223364976,-0.7417730974426939,-0.4078515594945504,0.34966782264620855,direct,,0.01890395331914685,0.04215314332866875,60727.05499999999,60729.65899999999
2021-11-28,0.40526828593415065,0.34475517534550143,0.3518338624982807,-0.6342019370773274,-0.2831122296369424,0.43797571622177495,direct,,0.04609759359679222,0.04718119203525605,60216.16850000001,60776.926400000004
2021-11-29,0.45426858818715726,0.4627912966264283,0.440230627482062,-0.36226830878670646,0.07256818727270878,0.45573740410779695,direct,,0.008863204306330585,0.04406522327261229,59761.183999999994,60839.7126
2021-11-30,0.46555238375273716,0.4335684300102718,0.4580101903977194,0.06606798384641518,0.5631126415586716,0.425529881237918,direct,,-0.014941333395574574,0.04382375188209964,59363.648499999996,60829.2436
2021-12-01,0.46108375834264353,0.45402201635154676,0.42777226724325174,-0.12351149364352679,0.3432600278085512,0.4343600414177246,direct,,0.0044338472690383934,0.04376547864959183,58984.007,60853.585
2021-12-02,0.40300367746361176,0.4306879289442512,0.4366113139306871,-0.3297993464595304,0.08824129912256476,0.40970990579742006,direct,,-0.012322820466984963,0.04178418534815014,58602.33,60836.6602
2021-12-03,0.41091052798700295,0.31119785401761885,0.41193637087611407,0.18696306382663502,0.6180921853985283,0.30975767978301694,direct,,-0.05059041702846789,0.030317817797226223,58065.014500000005,60762.740999999995
2021-12-04,0.2811912898208854,-0.00664887030876794,0.311883554815675,1.7473413906481867,1.9289548425540326,0.15526448141266,direct,,-0.08236288335126929,0.04181139547420539,57251.73099999999,60513.9096
2021-12-05,0.13980336215941286,0.14560018615937795,0.15723487738741201,0.09412167391000845,0.34429174585120714,0.16302818530600507,direct,,0.004510453078067966,0.034008484477367804,56544.30299999999,60285.6642
2021-12-06,0.18186317995421564,0.12494123109017823,0.1650063945267765,0.36190037268406267,0.6013751256156287,0.20103506547506936,direct,,0.02198158312359122,0.03617844445128194,56066.4995,60066.31
2021-12-07,0.2151627017409105,0.22542348704612453,0.20305152410736807,-0.36174938236528936,-0.06449737929628953,0.20383770280868066,direct,,0.0015860635299744796,0.03697760256753815,55579.869999999995,59838.207
2021-12-08,0.18976693204704528,0.17660908445096904,0.20585698196263907,-0.48750020639188124,-0.210153087442057,0.1996442331040991,direct,,-0.0023694028855879568,0.03643307149810913,55258.988,59562.7884
2021-12-09,0.17647156650679865,0.12805664265954433,0.20165929202877944,-0.18000586974600719,0.06659349578046198,0.09760593330483788,direct,,-0.05779081995460977,0.03937749296494268,54731.86950000001,59194.245
2021-12-10,0.14956479550901172,0.11530349380292933,0.09951830279794154,-0.0021530739365230485,0.22502809517250363,0.08352947931857445,direct,,-0.008461387343112636,0.03774626907626953,54102.94350000001,58892.388600000006
2021-12-11,0.1308440780552315,0.10962399849704887,0.08542768253233683,-0.5345631387619213,-0.2872191112685475,0.16068275047081781,direct,,0.04677276285336607,0.03189876113979669,53637.822,58666.484800000006
2021-12-12,0.1757258775516165,0.17580469393951392,0.16265859928995086,-0.6347504159186761,-0.36402760039332305,0.18555589464922204,direct,,0.014405122433115203,0.032302611830392826,53328.16849999999,58442.42279999999
2021-12-13,0.15533372894483125,0.07298756995031733,0.18755677533425477,0.34671992783136646,0.5420047150901766,0.06744664739580201,direct,,-0.06743086558189293,0.03998814134654688,52786.39,58159.77220000001
2021-12-14,0.1019790989424514,0.09149139911382653,0.06932866514908981,-0.16712769913178824,0.0417995875189429,0.125354070258118,direct,,0.03545096266870229,0.043577225561199556,52347.020000000004,57865.745200000005
2021-12-15,0.1307008617092687,0.10009410648633574,0.1272943649559404,0.16471959061029842,0.3855840138536319,0.14273895058045422,direct,,0.010278647317117251,0.0439952592677773,51842.923,57637.1326
2021-12-16,0.1290308076365133,0.13511890661011647,0.1446967410958455,-0.47084249235713066,-0.22352387742992536,0.09907646152415725,direct,,-0.025552392807208002,0.03878315459638479,51535.308,57420.5626
2021-12-17,0.079213896795468,0.06246998605053868,0.10099031092928663,-0.0718422537239178,0.11927730221255683,0.047631393242011724,direct,,-0.030896432775938787,0.04056045988280923,51103.2635,57131.643200000006
2021-12-18,0.056915524853113464,0.06310709180961162,0.04949346929507908,-0.7320250206395582,-0.5042992033353683,0.07201133197295728,direct,,0.015108696923629594,0.03562468952643868,50579.774,56823.225600000005
2021-12-19,0.08891955839495622,0.09644801073441264,0.07389794353921018,-0.6220713723244721,-0.38990642964596856,0.06626169596640033,direct,,-0.0035101219292036356,0.03445944959072835,50022.653,56519.33
2021-12-20,0.06170260007093722,0.06536970706683302,0.06814252120678885,-0.2431192842841091,-0.04934080760905529,0.07382616023887265,direct,,0.0046343319171864295,0.023193617735608626,49519.5625,56230.6058
2021-12-21,0.1249904541840589,0.1036455261869107,0.07571459821426214,-0.26976712351381565,-0.028942177893515702,0.14387251916026234,direct,,0.04271559980338302,0.02508828272078971,49104.038,55989.7358
2021-12-22,0.13350666271791758,0.16766041797353307,0.14583145047781654,-0.6540551824244385,-0.39523021219863763,0.13329848798302663,direct,,-0.006184087978366892,0.024934952687995476,48708.648499999996,55696.8342
2021-12-23,0.19552588165105486,0.1534881961217095,0.13524677779387992,-0.3115144902559296,-0.04407445511348271,0.21073034506129723,direct,,0.0455668284892492,0.027405064082723914,48566.996,55454.8396
2021-12-24,0.2120742550110223,0.23845141000665232,0.21275656084117334,-0.6304290781327327,-0.339503412628991,0.21108548094692334,direct,,0.00019988117300351327,0.02165794710936268,48646.8445,55242.6774
2021-12-25,0.18780321561105343,0.2295604033800373,0.2131120541288955,-0.9870743663426201,-0.708205072877356,0.19679860195756246,direct,,-0.008039478870723982,0.02318718728210196,48695.151,55030.916800000006
2021-12-26,0.19211141117206348,0.2041494935681662,0.19881079709241598,-0.8769215910075189,-0.6015748796724889,0.20935594122046916,direct,,0.0071235056253387,0.02243181126929355,48707.0535,54816.1392
2021-12-27,0.21950704565847381,0.23958681077282137,0.21138077382609158,-0.6232594499686249,-0.33035128388752877,0.2066941697942471,direct,,-0.0014992849109918271,0.02289561123400616,48711.139500000005,54564.37820000001
2021-12-28,0.17265430005478638,0.12699064726936357,0.2087163236430176,0.03906762646466797,0.2817993879431945,0.09559745810916187,direct,,-0.06267094392497019,0.031798774690877565,48562.307,54164.1232
2021-12-29,0.08406707186527435,0.08392407758106192,0.09750780631048993,-0.2054293944356924,0.008611742357648921,0.05838194373247672,direct,,-0.02239736757460975,0.03259518556829318,48506.1995,53754.772399999994
2021-12-30,0.07623664929573838,0.07881619783332164,0.060254838937971886,-0.009771969246495059,0.18726103030135102,0.08138048775870403,direct,,0.01415829418764547,0.025766608282795273,48503.1255,53398.844399999994
2021-12-31,0.09879769929571235,0.06817973498185019,0.08327652826765673,-0.17067047137834424,0.03439078890265729,0.04879082801821379,direct,,-0.01978265915773647,0.025496027541816808,48343.070999999996,53026.3746
2022-01-01,0.07735208429794976,0.08706475982578762,0.05065407090469912,-0.8053392972718899,-0.566140407363475,0.10262187814611029,direct,,0.033336140134566206,0.03109949540170281,48224.439,52697.9956
2022-01-02,0.0783494346687542,0.10379857393909031,0.10453929559204717,-0.9345347372931224,-0.6872504915912673,0.08755866372173467,direct,,-0.009027312994960845,0.030435275075932328,48253.208,52355.9326
2022-01-03,0.06433661031844314,0.06967853517819429,0.0894609218311283,-0.6300139369955992,-0.4073396289971841,0.05765104891274859,direct,,-0.018086766677074095,0.030336159689101482,48156.363,51974.767199999995
2022-01-04,0.0628648558016365,0.06542024841755298,0.05952320855940234,-0.3712701869865705,-0.16839560333376075,0.035760906356324625,direct,,-0.013482009670879647,0.020885845095141686,48003.3375,51618.9768
2022-01-05,0.04694925081638022,-0.044099655267096464,0.03761103617397618,0.2877934579314239,0.3993779397151651,-0.04785087440094929,direct,,-0.05219976021581452,0.027120651346822414,47793.167,51285.449
2022-01-06,-0.06624502435401355,-0.04559809953843543,-0.04608488991163006,-0.09795076128987362,-0.0014590458257632212,-0.05966438574593074,direct,,-0.00778149823715002,0.025154613760833,47639.687,50940.0278
2022-01-07,-0.08829345623105771,-0.10675811685940219,-0.0579102901529115,0.41238012770142657,0.3953231970972284,-0.11386979663515144,direct,,-0.03598483705824451,0.02664498267617642,47373.7955,50632.29
2022-01-08,-0.11693741396377007,-0.11444787659391024,-0.11217025235123423,-0.42322404485528214,-0.31409987784334875,-0.10887552347193899,direct,,0.003439262522749953,0.018933297795895754,47123.27250000001,50303.299000000006
2022-01-09,-0.09993425985135759,-0.08943489093770589,-0.10717095304515897,-0.636863765758305,-0.48487842226984723,-0.10248132981469885,direct,,0.00438821330655581,0.020708826152943307,46871.0755,49945.2978
2022-01-10,-0.11885499821139871,-0.14529838825824587,-0.10077032439132104,0.4358289174735429,0.3909518771165141,-0.10377498917759433,direct,,-0.0008839348835432137,0.02157498366488412,46516.831,49607.933
2022-01-11,-0.08886046902384852,-0.08792861631625537,-0.10206528566874166,-0.10676054876018247,-0.02977434843887646,-0.07195117857628384,direct,,0.021763892697057585,0.025624082711933747,46223.234000000004,49336.73239999999
2022-01-12,-0.04852888694234838,-0.045515524937259515,-0.07020944818117689,-0.27194872537090553,-0.14340211147028964,-0.03082252813701729,direct,,0.027528230918584917,0.020802984540449602,45877.7075,49063.79380000001
2022-01-13,-0.043404771333424574,-0.050367850531360496,-0.02903940663932008,-0.3669263330711555,-0.22930954255949254,-0.07780323073883309,direct,,-0.03060268895463003,0.024081324563660484,45464.47,48771.8042
2022-01-14,-0.07699244716235724,-0.0699191669847865,-0.07606738973928948,-0.4326839855640852,-0.29859340379194393,-0.05982902059054669,direct,,0.012077806988555206,0.018896989223194265,45097.38,48454.261000000006
2022-01-15,-0.06511891697986752,-0.04128927142707442,-0.05807509068294797,-0.8976132103629261,-0.6927221385885096,-0.05986712079874882,direct,,-2.5295992116980415e-05,0.019001594246369973,44712.273,48240.2714
2022-01-16,-0.07640167973526026,-0.04031937578826235,-0.05811322923448521,-0.9489809452363286,-0.7380434348937971,-0.059460951606723746,direct,,0.00026967602208838315,0.01908339158234674,44331.5545,48006.178
2022-01-17,-0.08625331184121061,-0.0775277758181392,-0.05770665128140144,-0.6782290619284467,-0.5132988520839086,-0.09008023635973984,direct,,-0.020324192187721968,0.02125518510014984,44065.954,47704.0374
2022-01-18,-0.10399285961711999,-0.08716124200532718,-0.08835675070844444,-0.4679723894785404,-0.3446851654433926,-0.08489406398273916,direct,,0.0035138467397271,0.019397269180256273,43861.0065,47394.701400000005
2022-01-19,-0.10769341851797476,-0.09272007873448938,-0.08316535906481053,-0.2516289739663037,-0.16089845542696865,-0.10929043124382665,direct,,-0.01647167106218017,0.015271945317783265,43588.2635,47088.6904
2022-01-20,-0.0754057064447055,-0.11338188120372973,-0.10758627837244825,-0.15666825336315726,-0.0739369770850703,-0.1434677161737983,direct,,-0.02346190023707384,0.013609095134494537,43313.2495,46758.0716
2022-01-21,-0.15790933836135418,-0.2938322995234853,-0.1417979586811081,1.9211426904108646,1.430640773937348,-0.2912451411479623,direct,,-0.10388301062755678,0.037336975055046226,42749.846999999994,46357.002400000005
2022-01-22,-0.3061107148280011,-0.3423829616898848,-0.289724104084761,1.0153019146689812,0.5885404371605701,-0.33994979078512017,direct,,-0.03820693021253507,0.036208160448846644,42138.3225,45985.2558
2022-01-23,-0.3154979266197593,-0.3239449786523135,-0.3384777691680428,0.0003666216771647111,-0.12868664116713147,-0.29757711611657905,direct,,0.034560176896286876,0.042500846164200676,41630.190500000004,45726.151
2022-01-24,-0.283480810815545,-0.38294524304252336,-0.29606245143425397,1.9352880969369102,1.2032455982646983,-0.2830836570992607,direct,,0.01142631961122298,0.04453767497012489,41174.102999999996,45470.896799999995
2022-01-25,-0.28051457995781276,-0.28537445362803876,-0.28155440647155044,0.17496548496347142,0.0317470819955841,-0.27353413702514495,direct,,0.007443575815353487,0.04489111803567447,40851.276999999995,45199.36
2022-01-26,-0.23317710210625067,-0.26601676037737015,-0.2719952759394972,0.6287298758750772,0.407295437992349,-0.2786591393431055,direct,,-0.00396527584521722,0.045226900758003494,40538.0185,44923.2872
2022-01-27,-0.29127508502852795,-0.29206975889838516,-0.27712543596369055,0.2257963508747841,0.05921322503328241,-0.26605880626727374,direct,,0.009787840519672075,0.046121324894848756,40320.321500000005,44656.8234
2022-01-28,-0.2644815788812745,-0.26954540087762074,-0.26451242214892273,-0.02588050081085109,-0.10450109242921916,-0.24666440211967808,direct,,0.014919393329093866,0.02232141130220941,40123.223,44459.8404
2022-01-29,-0.24013376725738786,-0.2280206983112765,-0.24509849983666138,-0.5450187145707992,-0.47646451427637404,-0.23127890886996047,direct,,0.011661504794050703,0.01153250873611442,39938.986,44279.714799999994
2022-01-30,-0.2526576235877718,-0.22680770589400248,-0.2296975229150338,-0.7822293048854175,-0.6570561399626692,-0.24094098185270965,direct,,-0.007238994721991854,0.008480087221655665,39742.7785,44049.91559999999
2022-01-31,-0.2387043579582579,-0.2523214780323387,-0.2393693196268573,-0.17142265082850672,-0.1955390641962673,-0.2204500607039242,direct,,0.015464102453174089,0.009008510049010186,39530.36,43817.609000000004
2022-02-01,-0.22110355101750032,-0.2034430089362707,-0.21885777679925725,-0.24925739226679675,-0.23448436677285053,-0.21252137242276886,direct,,0.00589250560986887,0.009011052707738196,39270.451,43657.41819999999
2022-02-02,-0.23480102399064287,-0.2526738437873564,-0.21092110923488822,-0.3674505367104176,-0.3446468032130367,-0.2755544966894343,direct,,-0.04657103845952193,0.022163466989438028,38987.58,43428.0282
2022-02-03,-0.28546621626546886,-0.26621073950513247,-0.2740176688558685,-0.42383725756886187,-0.40677956919609215,-0.2612074962706173,direct,,0.01111782565721664,0.02226124937491037,38699.5205,43196.9
2022-02-04,-0.13652431489457598,-0.23810298592985607,-0.25965622988485354,0.38188027125945156,0.27625509659431424,-0.11224267306469006,direct,,0.1141670309981826,0.0486980623206838,38624.6005,43075.98840000001
2022-02-05,-0.1290739664739417,-0.09917513462641446,-0.11054149127412208,-0.6102145192705064,-0.4692495313839981,-0.11825936007185525,direct,,-0.0041387014388436505,0.04923785660268897,38540.493,42981.069800000005
2022-02-06,-0.10437017960552232,-0.09246310088082978,-0.11656423336227113,-0.8864951678072492,-0.6975776826951011,-0.08350777567329748,direct,,0.024003934501273916,0.0485434838800254,38549.8945,42892.0856
2022-02-07,-0.040807597982596616,-0.07332430150827848,-0.0817776756208088,0.09978412865760719,0.17649304142914002,-0.03287085125686785,direct,,0.03415651220951599,0.04894877196157064,38624.3105,42835.364400000006
2022-02-08,-0.00756694637657396,-0.03721143864400289,-0.031089791153149925,0.1891094842314252,0.2722052214088013,-0.025214107581043924,direct,,0.0049941782086029285,0.048992481630250544,38744.5765,42778.696
2022-02-09,-0.029385061581865136,-0.020738517559415588,-0.023425341874063837,-0.42666936447896875,-0.26827182321311105,-0.013232116416306856,direct,,0.007776521479524012,0.040275284088275624,38930.8705,42688.8046
2022-02-10,0.004598524818840069,-0.017634851515216796,-0.01143129225809537,0.20908867917776822,0.31117789754490965,-0.04438480408415102,direct,,-0.020062620841363232,0.04393890458449097,39283.989,42587.138600000006
2022-02-11,-0.06033562873273056,-0.06190480364565574,-0.042615331406657964,-0.009390602303568982,0.0757793558456637,-0.08397721218352946,direct,,-0.02601990688618183,0.021846715750927954,39650.142,42418.5142
2022-02-12,-0.09163528572688037,-0.0702626346146778,-0.08224758456314218,-0.7714169891502229,-0.5938935679635043,-0.08956885466616606,direct,,-0.003772968123289755,0.02182734209330726,39947.685,42246.487199999996
2022-02-13,-0.10087446139180195,-0.06583065645156307,-0.08784485436992326,-0.9558209231923905,-0.750659334869544,-0.09548207688775547,direct,,-0.004005065459630974,0.019811765201367577,40216.0375,42079.251399999994
2022-02-14,-0.09798947826879845,-0.07718110486320215,-0.09376402754747643,-0.4085671000128021,-0.28593378220802124,-0.07861871501163374,direct,,0.011467597689936548,0.014150311963049724,40494.852,41914.4794
2022-02-15,-0.032070023798607725,-0.04619391799692054,-0.07688369470017095,-0.4236078744998693,-0.26639383627981966,-0.007869424726076874,direct,,0.04756619386787264,0.024291241384371186,40882.2,41791.7114
2022-02-16,-0.03857259673742508,-0.013837843561144671,-0.006063203655505282,-0.6681340960056383,-0.48214966276119764,-0.031638012409817944,direct,,-0.015254508390439625,0.024906658708024047,41217.5245,41718.9104
2022-02-17,-0.05217642825359208,-0.12976439733702957,-0.029855711600201566,0.0019825057812791385,0.057831219792956357,-0.1487786754712404,direct,,-0.07634463374395228,0.03771252646883146,41357.544,41600.3782
2022-02-18,-0.162591755480205,-0.15138114659486918,-0.14711426282840023,-0.24887883984005443,-0.19699202343833844,-0.1680185815268608,direct,,-0.013575749862683617,0.037091112658498834,41448.034,41457.6782
2022-02-19,-0.18035712351079494,-0.14540125058471068,-0.16637353156470358,-0.9820596021318545,-0.7916961285469183,-0.16408761876135916,direct,,0.002811875385363871,0.037290355016461274,41557.968,41335.8744
2022-02-20,-0.1914302257981793,-0.20394165986837196,-0.16243861275198498,-0.5826146699415763,-0.49261792651169434,-0.2238549609616828,direct,,-0.042632579950891536,0.03960084825057298,41553.0975,41149.0724
2022-02-21,-0.21372687639022167,-0.24513819958004315,-0.22226610368478927,0.28005776019981765,0.16444428815457987,-0.2713879418108305,direct,,-0.035415557103698814,0.03887295590830894,41468.8925,40943.692
2022-02-22,-0.2494300917526695,-0.2626084225288327,-0.26984692083456274,0.11600911082907438,0.012841837438376202,-0.22838154533063595,direct,,0.03321940341908536,0.034961119628397305,41536.370500000005,40780.0312
2022-02-23,-0.22181102599575456,-0.23726122329286867,-0.2267972435233724,-0.2722396759814221,-0.2610773524256763,-0.26322750639171233,direct,,-0.02605065623142211,0.03490209000553054,41533.481,40608.9574
2022-02-24,-0.2244987423729965,-0.3345800178037646,-0.26167827290625684,1.891346814829402,1.2587667695307674,-0.22538001791934625,direct,,0.02905139002732704,0.030262808806861132,41371.645000000004,40507.3796
2022-02-25,-0.20632747993882405,-0.20310381240644032,-0.22379269543117825,-0.004737151607918634,-0.03592247402465716,-0.19440524773750997,direct,,0.02310472909727923,0.03215461326126336,41262.723000000005,40430.2842
2022-02-26,-0.18849876621675063,-0.18309584417151117,-0.19278675282144528,-0.7366626396816737,-0.6041358491166331,-0.19807335402073714,direct,,-0.0026743276018181827,0.03207678193435723,41098.844,40382.105
2022-02-27,-0.20110662444236263,-0.23883156441523162,-0.19645855061805448,-0.3080090103488109,-0.28486881802005,-0.2477039435801619,direct,,-0.03628149144892168,0.030836653146242718,40791.5385,40302.67079999999
2022-02-28,-0.06023097063375761,-0.22339901212045984,-0.2461390874721784,0.5535622403356097,0.45565260010296893,-0.05634652174360623,direct,,0.14515460178136208,0.060054590571200446,40747.0055,40329.068
2022-03-01,-0.028242084974661026,-0.030480540873149612,-0.054589087114469005,0.3121710380442462,0.3774718355752163,-0.013037770400157288,direct,,0.02868778632564517,0.059958542806638766,40747.283500000005,40380.9856
2022-03-02,-0.021815251449574222,-0.01288289677254542,-0.011236750655759372,-0.07737911068680747,0.046308007665327396,-0.030273745321630543,direct,,-0.011098739164324134,0.05815928585996705,40767.4685,40404.8324
2022-03-03,-0.055918988102061015,-0.06753375760081651,-0.028490071539198265,-0.10822831895011617,-0.015809169513384572,-0.08134200604009029,direct,,-0.03325339015012274,0.062094427265471076,40771.238,40375.926400000004
2022-03-04,-0.10956383776705327,-0.1825409570886093,-0.07960972639765354,0.37072282547719937,0.3223749806339744,-0.19738929798907373,direct,,-0.07816407871382203,0.07133615082598802,40617.0075,40307.502199999995
2022-03-05,-0.21024665032930995,-0.18141125112252118,-0.1957738061652277,-0.8320465931559826,-0.681002478901227,-0.1885591378092674,direct,,0.006451893018408983,0.07132484314626635,40483.866500000004,40233.846
2022-03-06,-0.20713720312561465,-0.1998887418356554,-0.18693475947779253,-0.6527678930848011,-0.5437611959237483,-0.22274795766465783,direct,,-0.02482045077247652,0.07039643722891929,40277.6985,40140.6496
2022-03-07,-0.21232191026552286,-0.23341153843804627,-0.2211579863204038,0.03115742872965618,-0.027936186589725923,-0.23666991355894623,direct,,-0.010364329780800485,0.03361742337079755,39950.4135,40039.255
2022-03-08,-0.21834009522652784,-0.20801842487642833,-0.23509395301005073,-0.14308610188842597,-0.1510079943779458,-0.21157655716799822,direct,,0.018876626550756503,0.03150875844265979,39693.0225,39969.7378
2022-03-09,-0.10829003853613291,-0.18023741045580494,-0.2099753431357616,0.2681840200487483,0.26385092723848674,-0.09922183952585807,direct,,0.08295361990599903,0.05001394212733089,39763.9105,39961.5398
2022-03-10,-0.1259989462764875,-0.17427602254591015,-0.09750755381257295,0.10144750772232584,0.06803582519211158,-0.18728680058123728,direct,,-0.060039534969622,0.053403423319914635,39736.3485,39916.9122
2022-03-11,-0.1887122136554453,-0.19535425727108072,-0.185661141793434,-0.01377491488912812,-0.04242117148052928,-0.21183836502068895,direct,,-0.017807532916770397,0.04457458596919334,39668.044,39877.7922
2022-03-12,-0.21652613626768494,-0.1798615536504525,-0.2102374144669661,-0.9746053560186437,-0.7938521919639604,-0.20958381141607524,direct,,0.0016649015268825895,0.04448358763589168,39688.458,39924.5168
2022-03-13,-0.22200485004089207,-0.21771097461445782,-0.20798059192188026,-0.7667026745420946,-0.6361480785229467,-0.24486040969279255,direct,,-0.02600711805765832,0.04459001805550991,39726.403999999995,39978.9246
2022-03-14,-0.20313850635071193,-0.2200810792232101,-0.24329269190562447,-0.26344607197917086,-0.2414712604466859,-0.17844825136476242,direct,,0.05026866379284112,0.048321340618961955,39797.8305,40047.087199999994
2022-03-15,-0.20104224594069195,-0.19540266307177007,-0.17681369762676113,-0.31476314556126217,-0.27613445163238143,-0.19178052788990604,direct,,-0.009608457014108063,0.04836663301337535,39900.031,40099.3286
2022-03-16,-0.1399425723442539,-0.17143609693046735,-0.19015939150500338,0.5410351806153394,0.44547914025247054,-0.12820631075813319,direct,,0.046261896901069965,0.039427406013929245,40039.032,40182.4816
2022-03-17,-0.14674052899661963,-0.11277538499509272,-0.12652119447320243,-0.7594658498040947,-0.6017378850850676,-0.1343879821531089,direct,,-0.004299400685181198,0.030386813766316592,40124.882999999994,40265.03
2022-03-18,-0.11885947372220997,-0.12527760672313423,-0.13270908698635625,-0.27178372435962095,-0.19570698227462108,-0.10522978795316042,direct,,0.020367318825523117,0.028833542702813877,40257.69,40357.0524
2022-03-19,-0.11484494052443636,-0.07831294637932056,-0.10352154852651624,-0.8564635764953801,-0.6706990398957805,-0.08970832240077724,direct,,0.010625501154914563,0.028535201347652524,40483.693,40446.8588
2022-03-20,-0.11726343771287298,-0.09861348496841617,-0.08798446246224736,-0.844645774853467,-0.6645537768591685,-0.12437811369181839,direct,,-0.02348430283684,0.027978059375238735,40386.378,40508.0248
2022-03-21,-0.14436678691629654,-0.1136933155831648,-0.1226891447811434,-0.6235317544094228,-0.48767773701682193,-0.13134311138569957,direct,,-0.004831346579651119,0.023015362626444522,40217.1495,40570.734
2022-03-22,-0.0831776031036317,-0.10058352987147111,-0.12966115191810157,-0.06867803390410386,0.0074497875555097105,-0.08463680019157702,direct,,0.03255562946016344,0.024047863159343152,40139.3865,40648.443
2022-03-23,-0.09232313731157747,-0.06917314817416263,-0.08290783636819296,-0.46379037024370295,-0.3327096690834215,-0.06632108634225078,direct,,0.012364054741717201,0.018556207914765952,40160.873,40732.0952
2022-03-24,-0.050703640926598015,-0.03901526656969083,-0.06457368992789052,-0.165685611402033,-0.05185982018917715,-0.02777800691280253,direct,,0.025700807148967053,0.019184833153946246,40403.4915,40873.8668
2022-03-25,-0.020337300071644193,-0.0043004771253248655,-0.025991821466033713,-0.18025213991210343,-0.040680046299136415,-0.016432184362080392,direct,,0.007375910570123656,0.018689929964969557,40649.70849999999,41013.9212
2022-03-26,-0.030713944022771184,0.012747974692458388,-0.014634580692244398,-0.9861283370902875,-0.7594111070535181,-0.009058570673812813,direct,,0.004758482482829285,0.01871628609480034,40955.378000000004,41072.9606
2022-03-27,0.04107669209177492,0.024898186590487027,-0.007253546337425102,-0.594989745787913,-0.3905374011994274,0.07133042183004437,direct,,0.05163248156640288,0.01932937943609319,41395.9535,41181.4392
2022-03-28,0.08624079303933703,0.10390570736561605,0.07321634814109734,-0.13341366520773412,0.07767987265763134,0.08134728115522506,direct,,0.006117781980071735,0.017480539642444264,41814.963,41275.7652
2022-03-29,0.08094557520939472,0.11635169294285666,0.08324328824567469,-0.41402937229681697,-0.186148946835721,0.0924134691503362,direct,,0.006717561333632993,0.01712966163894139,42089.0855,41347.449799999995
2022-03-30,0.06841242358732583,0.10169114198407886,0.09432061304487972,-0.5290867938969867,-0.3031857810471153,0.07882008385889076,direct,,-0.008196596923193633,0.01952811329063651,42469.735,41406.9756
2022-03-31,0.06528817277094685,0.05234000448128004,0.08071354762536936,-0.36881874339034376,-0.16742609739091954,0.025208546857148864,direct,,-0.03259407166845074,0.025072765369914218,42808.816,41428.9704
2022-04-01,0.03521033022829303,0.018037732117788776,0.027048056978069928,-0.18790832756151304,-0.020142684227219782,0.05237154850281279,direct,,0.01707062308543117,0.025482810110302578,43183.527,41484.331999999995
2022-04-02,0.05182618052049298,0.06781348815163452,0.05423839495925098,-0.8125040000326759,-0.5809048482102795,0.035681909594364444,direct,,-0.01031258268133195,0.026278795444028634,43584.8255,41552.797999999995
2022-04-03,0.05952956743699949,0.06462511195622947,0.03753195991115605,-0.7801039933520069,-0.5498138413159354,0.05637416762318988,direct,,0.012919042876085696,0.017160894984145296,43920.7245,41636.303
2022-04-04,0.040977198043738186,0.0493367092885106,0.05824504224045688,-0.5172587896339066,-0.3124670090887337,0.0631937553481532,direct,,0.004203449543308535,0.017039993669313747,44285.4495,41727.093400000005
2022-04-05,0.05109701652830692,0.05812093841360501,0.0650714930706311,-0.5411871026008644,-0.3316889927160045,0.024472059346308393,direct,,-0.02376732913732349,0.01844085312646181,44503.8465,41786.0794
2022-04-06,-0.006373362070195409,-0.022071456703397583,0.026310828280008573,0.12946320181743562,0.2340633698341809,-0.05675478819479831,direct,,-0.05107075402656358,0.025234037533516877,44614.896,41758.1084
2022-04-07,-0.06226973794335504,-0.03500256806254693,-0.054997764437362075,-0.5906096549766296,-0.42248339362156256,-0.046672913835438035,direct,,0.0066800562696831545,0.024221155587722917,44698.657999999996,41749.5058
2022-04-08,-0.05925083376607372,-0.05788961366347637,-0.04490574386869386,-0.49724546867883296,-0.34551806590951734,-0.08836747470662244,direct,,-0.027442696292131363,0.022860060646179164,44700.576,41784.0716
2022-04-09,-0.09950805351409298,-0.05744043630707964,-0.08664226536411569,-1.074370455747805,-0.8507905359759717,-0.07105704708471759,direct,,0.011714937390859381,0.024684274751996384,44776.8485,41839.550599999995
2022-04-10,-0.07783831870570082,-0.06507324804077702,-0.06931441685244356,-0.9403794319636325,-0.7340196845953914,-0.0925483608562015,direct,,-0.01437596405401076,0.02261473594742617,44832.342,41880.4836
2022-04-11,-0.11294078280924172,-0.16089502198035405,-0.09082735907911901,-0.16547839264798916,-0.11595088936442084,-0.1840259121196184,direct,,-0.062083652304408266,0.027374473674065994,44690.172,41903.272800000006
2022-04-12,-0.17315120683447233,-0.1595617269113669,-0.18239697163481294,-0.435916105586837,-0.3533466137246655,-0.16480278413733426,direct,,0.013909857446408713,0.030681365623855983,44549.3,41964.2582
2022-04-13,-0.14339801096067226,-0.14799843534669668,-0.16315449785698427,-0.534718992595608,-0.42239196984910693,-0.12762292316648965,direct,,0.026534263518088075,0.030559955168176115,44406.478,42021.909799999994
2022-04-14,-0.14458952964667643,-0.1481621608490282,-0.12593721977122588,-0.6373267536705659,-0.5067972769892992,-0.16952266589285372,direct,,-0.029129778546125973,0.0309922979736955,44187.491500000004,42075.5254
2022-04-15,-0.16878482963291475,-0.14132626520167976,-0.167879129612999,-0.9021931318232703,-0.7253905087084923,-0.1481285251294446,direct,,0.015320025741127674,0.03154785077901378,43988.5605,42119.7268
2022-04-16,-0.1723222045241868,-0.1327883361800928,-0.14646345818749157,-1.119399548360413,-0.9004967050988327,-0.154110607360353,direct,,-0.004219044174728626,0.030665920129371284,43666.081,42142.782400000004
2022-04-17,-0.1756058523794622,-0.14898933056080768,-0.15245156067378587,-1.051498289978877,-0.8467447067676919,-0.17873208043870745,direct,,-0.01743861182321982,0.030798262325193705,43294.053499999995,42153.849
2022-04-18,-0.15860476388742437,-0.1843953263650169,-0.17709781234096403,-0.417513743332556,-0.3437749213846218,-0.1394829237563415,direct,,0.02829231690257239,0.02215491234251916,42962.340000000004,42215.7704
2022-04-19,-0.1359011860816123,-0.11253477969166624,-0.137809156043282,-0.7368462868626768,-0.5792152763424301,-0.11524524910556302,direct,,0.01699074980464843,0.022396432293829902,42684.741500000004,42182.07
2022-04-20,-0.12033432666957841,-0.10075650942393449,-0.11354708905122064,-0.4839078282975829,-0.3638490415880972,-0.11975750220354123,direct,,-0.003110269648259445,0.02040238580369563,42477.3765,42121.0076
2022-04-21,-0.09319207494910252,-0.1382820386333274,-0.11806388319610647,-0.2742970873118948,-0.1861981584306316,-0.15067040323994868,direct,,-0.02137456239040869,0.01862982576576536,42186.9375,42052.1196
2022-04-22,-0.1689924244805485,-0.16228953615021305,-0.14900789439646275,-0.37732210041112446,-0.30595215953647353,-0.17775755401240317,direct,,-0.01913834121533764,0.019090739541510172,41881.6255,41996.953
2022-04-23,-0.1967471326420534,-0.15818038196669557,-0.1761223051695379,-0.9888601768613409,-0.800241089628572,-0.18719766706663618,direct,,-0.006800023365874375,0.019146277108451418,41533.210999999996,42002.784400000004
2022-04-24,-0.19829979062352654,-0.1674835497491799,-0.18557191857653516,-0.9470980339092614,-0.767988372059249,-0.18648844392496772,direct,,0.0005143744722211352,0.018098852038832755,41176.056,42003.9692
2022-04-25,-0.1760131238632941,-0.19629888223453296,-0.1848619816859957,-0.033517690476018706,-0.05171357682672955,-0.15253871161462484,direct,,0.0246098819599323,0.017145445002283884,40922.853,42044.1412
2022-04-26,-0.16888501222107644,-0.21438378766707622,-0.15087808300165417,-0.04927862929165611,-0.06710000287970616,-0.2336372768033448,direct,,-0.05737567486829054,0.02516776822320877,40669.8335,42045.876399999994
2022-04-27,-0.21474970274564445,-0.20819033665387654,-0.2320582642656841,-0.17867319633290354,-0.1739735837711443,-0.19397635823784146,direct,,0.02976725321434648,0.029718419051393292,40459.125,42055.9468
2022-04-28,-0.18304656123834903,-0.17290037240131978,-0.1923574316954265,-0.33801703008763945,-0.2817453175362043,-0.17657924390369734,direct,,0.01267985052496634,0.02978215004796663,40332.9435,42011.6848
2022-04-29,-0.199017249433591,-0.19827604563768916,-0.17494280923163338,-0.5221989691657974,-0.4407781328322253,-0.21697000865934532,direct,,-0.02907011993786124,0.030935122557216563,40124.224,41994.7008
2022-04-30,-0.23807778644466987,-0.2186128885773019,-0.21537422249555588,-0.9109462771553773,-0.7510043794744536,-0.24997003211019464,direct,,-0.024461953111113655,0.031937214834013766,39899.042,41972.8828
2022-05-01,-0.24220937146366323,-0.2238097495763091,-0.24840745655121585,-0.784171321052348,-0.6564371957076426,-0.2209439652377723,direct,,0.022055700737288353,0.033681188162002544,39846.233,41966.3828
2022-05-02,-0.22541036949826068,-0.20261263589944573,-0.2193521783893669,-0.344021448551589,-0.3074626483815401,-0.2198086489419915,direct,,0.0008440632184640862,0.03155133242939542,39767.5505,41980.716799999995
2022-05-03,-0.24301840611032888,-0.22176424857217952,-0.2182157195325546,-0.3820350077611607,-0.34769923849618806,-0.24733971957147863,direct,,-0.020451011229711824,0.02375248177748698,39596.303,41941.2988
2022-05-04,-0.1962021531332569,-0.2165474557728883,-0.24577449691528241,-0.10800245402635367,-0.11377870680197016,-0.17900996727834603,direct,,0.05181737069315151,0.029351272259193362,39582.731999999996,41948.6058
2022-05-05,-0.20216422207408896,-0.28947862486148557,-0.17737597884070733,0.412546887785326,0.235888460517668,-0.2885340841313137,direct,,-0.07896505588050062,0.04162349219233907,39381.8905,41856.8702
2022-05-06,-0.311544673493095,-0.3000809189124704,-0.28701031871116645,0.24770243396356895,0.06707021549046462,-0.3073035050471189,direct,,-0.014692643909764103,0.040942487151642094,39162.75749999999,41757.932199999996
2022-05-07,-0.3296188517696676,-0.31722938565667813,-0.305798628820232,-0.6876545248139962,-0.6175816770124611,-0.32620260648808863,direct,,-0.015014763999556813,0.04050593135440665,38951.810000000005,41631.497
2022-05-08,-0.351166714975966,-0.35654699726659167,-0.324716749962511,0.050462898864464666,-0.12265181127354663,-0.3763774348013713,direct,,-0.040470030203661245,0.0397184155393906,38612.947,41467.472
2022-05-09,-0.39501122877430705,-0.4869685968738976,-0.37494207328216955,2.4236608342900228,1.3332227410745094,-0.5146871328089356,direct,,-0.11626305284427774,0.05340114800718312,38041.56999999999,41244.1468
2022-05-10,-0.450237655106015,-0.4952228536664447,-0.513390963576335,2.2604667423956335,1.1714454909797807,-0.4819621998521689,direct,,0.031127543064610963,0.05877882042791999,37523.45849999999,41043.5312
2022-05-11,-0.46708519915021746,-0.5574663067028403,-0.4806330968606725,3.236597948944709,1.6827093312353625,-0.551727875588364,direct,,-0.06435695602377312,0.048651916540922845,36949.7705,40776.2732
2022-05-12,-0.5376732999367625,-0.6376134993441991,-0.5504689834647378,4.265623765396985,2.0604897849070682,-0.555275389469484,direct,,-0.003497579539866069,0.047617214253754266,36409.754499999995,40496.505600000004
2022-05-13,-0.5074260765234027,-0.5356566460922536,-0.5540200674973077,0.8745940480117949,0.2508746822523388,-0.5437715733948417,direct,,0.011381698259631756,0.05013896549056014,35899.697499999995,40201.2668
2022-05-14,-0.5311834649902544,-0.5396138202986068,-0.5425046741978784,-0.38099328495857354,-0.5249277627089314,-0.5156165681631477,direct,,0.02754264599931,0.054397338807424096,35428.9,39915.6458
2022-05-15,-0.4922062413342789,-0.5085088222556473,-0.5143213342968596,-0.45079539720784967,-0.5495447234822638,-0.47207047699062404,direct,,0.041457143037792354,0.05844336876395904,34971.8295,39650.7218
2022-05-16,-0.4959987203417975,-0.5212673099873382,-0.47073141915472155,0.06795335787514338,-0.2439871503982451,-0.5230202425661437,direct,,-0.04657479795412278,0.04061568538485194,34557.884999999995,39310.649
2022-05-17,-0.5149927882251318,-0.5095107511449156,-0.5217324596189468,-0.2289133656601082,-0.41528685036600915,-0.5028372689717249,direct,,0.019351173819059264,0.0393143520677221,34116.0785,38976.393
2022-05-18,-0.5174305645370636,-0.5388589033628562,-0.5015291742583576,0.18859900135856014,-0.18707213181186305,-0.5639590910507892,direct,,-0.05749030688215473,0.03754802442014512,33561.9555,38600.832800000004
2022-05-19,-0.5232370234096859,-0.5373294936160763,-0.5627125081930545,0.3307908216737379,-0.09486951096977539,-0.507501223816122,direct,,0.05634261208506275,0.043289150614378116,33146.3685,38265.3542
2022-05-20,-0.5156479341539,-0.5357228481431963,-0.5061978228194554,0.614349457247671,0.07404074859286297,-0.546521779249276,direct,,-0.03686388961538145,0.04629168191801968,32722.169499999996,37938.2242
2022-05-21,-0.5539407489258025,-0.5276800108036601,-0.5452576478079149,-0.8376256678616317,-0.7954802073928475,-0.5379730013410531,direct,,0.008385405684329328,0.0449766855133636,32268.679000000004,37600.443600000006
2022-05-22,-0.5249804070057347,-0.5171720368790184,-0.536700266569905,-0.6402605349778182,-0.66994741982997,-0.5081370428869424,direct,,0.02902241087603441,0.043174536055455105,31856.243,37289.2838
2022-05-23,-0.5187670209193427,-0.5299226942605976,-0.5068342817666663,-0.0458160707563426,-0.31129552479261524,-0.549684096530042,direct,,-0.03927433949383907,0.04204746353926928,31423.758,36942.512200000005
2022-05-24,-0.547491537846659,-0.5381701884780484,-0.5484231475854949,-0.39845524699288987,-0.538288635887391,-0.5303064704557829,direct,,0.019066450036594018,0.0420224449735842,30921.25,36602.926
2022-05-25,-0.5341101047908096,-0.5135444492273585,-0.5290260202317086,-0.44619753320683264,-0.5565338306982505,-0.5345632074785714,direct,,-0.0041100166891381296,0.03468288799282114,30569.320499999994,36283.0598
2022-05-26,-0.5458349103063378,-0.5584162705413684,-0.5332870411548178,0.19319440265791607,-0.1928149905219612,-0.545733209802453,direct,,-0.010829506440059089,0.026270002248396693,30228.261500000004,36003.2784
2022-05-27,-0.5626848642409772,-0.5516113403694609,-0.5444682847595872,-0.10619799733791409,-0.3766972013510895,-0.5664044952396075,direct,,-0.020260573351819855,0.023512384379698017,29884.6675,35705.9008
2022-05-28,-0.5669644853868072,-0.5426178273413863,-0.5651603733907941,-0.9473330460106218,-0.864065500704195,-0.551856507483945,direct,,0.014553806246946799,0.024099721538600218,29633.6555,35440.703799999996
2022-05-29,-0.556158880937916,-0.5313862578814399,-0.5505977448130467,-0.9410517495170754,-0.8573418034315958,-0.5365220475406265,direct,,0.015120531696763528,0.02158898386431754,29602.422000000002,35174.3762
2022-05-30,-0.4662086875713193,-0.5147474757444905,-0.5352478525567808,0.2359606242586226,-0.11403109984981573,-0.45737917652521093,direct,,0.07687635197742249,0.031860938378526424,29637.586500000005,34965.629
2022-05-31,-0.45913324924865034,-0.44656363437349916,-0.45602533363999964,-0.25128208484663095,-0.39496578918658326,-0.45508093002128297,direct,,0.00207305934057489,0.03196150956443059,29775.833999999995,34810.538
2022-06-01,-0.4732686337411797,-0.5134494172510052,-0.453724774223885,0.14699658219991998,-0.17270373154527036,-0.524730207873705,direct,,-0.06269492067247784,0.04239041056798935,29819.527000000002,34604.5964
2022-06-02,-0.5183421916623276,-0.5045491565742586,-0.5234441458035296,-0.3004228337894773,-0.46317920241733423,-0.5020081525143382,direct,,0.021821388552641485,0.0425242104319435,29879.267000000003,34390.382399999995
2022-06-03,-0.5173259064380906,-0.5161092448138833,-0.5006992233937152,-0.5270564722847846,-0.6034258047370655,-0.5285500159033513,direct,,-0.02494544118965969,0.043054357311794966,29860.766499999998,34184.9558
2022-06-04,-0.5422183533007111,-0.5083785537037921,-0.527267798016351,-1.025265591886304,-0.9030265899182769,-0.5227762614163731,direct,,0.005565307628292215,0.0428944681051559,29788.234999999997,33970.5916
2022-06-05,-0.5354135112470972,-0.5065846916782462,-0.521488232931122,-1.0260761725472838,-0.9022525192117035,-0.520943955990732,direct,,0.0017563798605351177,0.04265691437959807,29791.204999999998,33760.698599999996
2022-06-06,-0.4807103754102539,-0.4937980858711548,-0.5196540835076584,-0.17958756227816655,-0.36124074340760864,-0.4700546613878633,direct,,0.04869505885028702,0.03519027013487656,29838.0985,33594.011
2022-06-07,-0.4872167353197577,-0.5175051826837624,-0.46871357487293713,0.16602517430513158,-0.17451616234930023,-0.4785146553246797,direct,,-0.007719324432333141,0.03523752151379628,29960.321500000002,33400.0254
2022-06-08,-0.4956788934538177,-0.495100059539696,-0.47718208278901647,-0.41680483706872173,-0.5253537897623477,-0.5107593159321846,direct,,-0.029650533962248926,0.027104839092064535,29955.661,33173.721999999994
2022-06-09,-0.5172856268407886,-0.4920807477216986,-0.5094591938183305,-0.6696215678088596,-0.6835152760851646,-0.5144760087194494,direct,,-0.0035221123266644394,0.02570638959597727,30001.500500000002,32947.8738
2022-06-10,-0.5290242031588132,-0.5306825941464193,-0.513179627015524,-0.0396614274910744,-0.32125666265917807,-0.5499742173814883,direct,,-0.0337586685343918,0.02722271798868973,29984.333499999997,32719.402000000002
2022-06-11,-0.5607841492264066,-0.5568338279688333,-0.5487135604091261,-0.5374167063579309,-0.6295984401043518,-0.5736694009943814,direct,,-0.02332133133429981,0.02794748973975242,29890.5935,32492.871
2022-06-12,-0.5915980411624947,-0.611450875921623,-0.5724325904104938,-0.03752345063483579,-0.37258186625883205,-0.6366619782504834,direct,,-0.06347912554963131,0.03468720439697689,29766.177000000003,32235.698600000003
2022-06-13,-0.6483241078860645,-0.7749813313504248,-0.6354885622151596,4.578951890463156,1.7691938256795983,-0.780525568075677,direct,,-0.1548014375257406,0.05218526595412949,29408.253999999997,31895.8052
2022-06-14,-0.7742346863517301,-0.8155037491024959,-0.7794969336595373,1.8970064550608168,0.33695592594000695,-0.792872132792292,direct,,-0.015718513910230714,0.05130848679704477,29038.759000000002,31529.4222
2022-06-15,-0.7904305271677887,-0.8423312404345403,-0.79185592372737,2.780763481379803,0.6567276520504,-0.7772000141230732,direct,,0.020270933165509097,0.057148915937062714,28707.659999999996,31218.409
2022-06-16,-0.7829485059014125,-0.8378725678960454,-0.7761680329317937,0.8040492553044771,-0.1842011900075676,-0.8538855964810571,direct,,-0.09721745241778501,0.05836216675052299,28296.435999999998,30840.8252
2022-06-17,-0.8390875921685718,-0.8374429664149274,-0.8529307902219154,0.8451162127591194,-0.19439768588782882,-0.8518089603624509,direct,,0.0029161359358165218,0.06187342506564875,27867.372499999998,30454.4754
2022-06-18,-0.8600126708319691,-0.9307127580681624,-0.850852064215659,2.130204952555204,0.2200168425558185,-0.9034717940547784,direct,,-0.07233707871767481,0.061475022605100106,27342.4735,30061.675999999996
2022-06-19,-0.8581474156338268,-0.918780372273236,-0.902566890415074,0.7596713713739321,-0.28030102809988605,-0.8475717977585551,direct,,0.08437316169196873,0.08032166536582719,26784.327,29719.743
2022-06-20,-0.8499141970912699,-0.8589735818215404,-0.8466106374107705,0.3302711916232747,-0.4182069335075044,-0.8476616303595451,direct,,-0.00012503965265242556,0.06000511818317637,26222.7645,29361.1506
2022-06-21,-0.8265492764955665,-0.8332505257802238,-0.8467005604176057,0.19959426064571184,-0.4476567067016803,-0.8424779047849061,direct,,0.007216225461548875,0.06033738315882093,25768.246,29004.8746
2022-06-22,-0.8551935784983412,-0.8539938350756249,-0.8415116180387495,0.38879764841057246,-0.39573163485491686,-0.8684507118532507,direct,,-0.03589750526710922,0.0597069619952102,25244.072500000002,28649.4902
2022-06-23,-0.8437197458583104,-0.8499419848179233,-0.8675105636531062,0.03722622925131385,-0.5308517119272049,-0.828524140459917,direct,,0.05723796562064054,0.05276996051042428,24814.978,28277.854199999998
2022-06-24,-0.832258651210589,-0.8197808998884057,-0.8275438109069936,0.02515160300761458,-0.5208870037159491,-0.824292920090328,direct,,0.005737399168942003,0.05275149059624843,24383.677,27971.306200000003
2022-06-25,-0.8302549994473575,-0.8132112361448487,-0.8233083323165651,-0.6327310005566867,-0.7977737731260012,-0.815389006296479,direct,,0.01200454676980467,0.03974528488995067,23962.491499999996,27680.5922
2022-06-26,-0.8210017087098772,-0.8108347248860053,-0.8143954577908332,-0.6605813418259892,-0.8077617250289009,-0.8308506999626005,direct,,-0.020598681486938553,0.029225554664992066,23446.395,27391.845
2022-06-27,-0.8330656202368802,-0.8256234088466077,-0.8298727118155349,-0.31329256085514456,-0.6673860175117781,-0.8418155204313025,direct,,-0.014914997967368504,0.03006676676403336,22926.7155,27125.532799999997
2022-06-28,-0.844125640261893,-0.8389278855360739,-0.840848567073953,-0.2340403587037093,-0.6410947190488617,-0.8581112241595339,direct,,-0.02250199824694865,0.031208266612889505,22429.85,26929.034
2022-06-29,-0.8710289685590555,-0.8508392717557014,-0.8571606704928523,-0.07819567219467802,-0.5913038351002481,-0.863627015768961,direct,,-0.007791838419589969,0.027853809249732027,21930.411,26710.654800000004
2022-06-30,-0.8801087471850808,-0.8943333073750905,-0.8626820130915273,0.5884872198478115,-0.3558419980766272,-0.8701169842614978,direct,,-0.009239998088996892,0.012955612541373578,21472.4665,26528.4804
2022-07-01,-0.856743482319315,-0.8826141206582002,-0.8691785129666603,0.7985700959233585,-0.25912557310316586,-0.8931574734710664,direct,,-0.03310949248285533,0.014252392826604211,21015.4585,26335.152599999998
2022-07-02,-0.9048862078468561,-0.8821400285514488,-0.8922421896925326,-0.6734285527621847,-0.8445349644090172,-0.8939848422124806,direct,,-0.001229653187929225,0.010705098885248603,20647.374,26134.769200000002
2022-07-03,-0.8980720705015571,-0.8891602933514228,-0.8930703910823339,-0.6036092016012818,-0.8182338477774996,-0.8915887236140888,direct,,0.0035655472946052313,0.012568474077716732,20488.504999999997,25919.647200000003
2022-07-04,-0.8741053658367595,-0.8796129610154614,-0.8906718610751148,-0.2775883121745097,-0.6813397701760173,-0.8594796857660552,direct,,0.047610137963669086,0.0256775642153193,20393.227,25697.981200000002
2022-07-05,-0.8599155866743692,-0.8707902919898196,-0.858530509293474,0.2491170801605304,-0.4636645678633184,-0.8613714135347637,direct,,-0.0026775099553205672,0.02425307290256514,20272.825,25504.385
2022-07-06,-0.8629286382605893,-0.854218067828818,-0.8604241408615368,-0.00883719805889829,-0.5609709068828966,-0.8478668122147246,direct,,0.01916543188074238,0.025013940766709902,20281.434499999996,25306.967600000004
2022-07-07,-0.821539458547363,-0.8366819987540908,-0.8469059487639569,0.3809747006772634,-0.37304686884094224,-0.8105789423967753,direct,,0.051922994552456414,0.030026399089423946,20340.411500000002,25165.857799999998
2022-07-08,-0.8030538775462095,-0.8032047605523486,-0.8095805531330152,0.6015638138529996,-0.2504521849142665,-0.8112483176142691,direct,,-0.0008860900063852872,0.023737707483433117,20472.3315,24992.0612
2022-07-09,-0.818007936247152,-0.7980164417534629,-0.8102506019971764,-0.6519344444798266,-0.8005528603768168,-0.8116146388821196,direct,,-0.0004853503391202274,0.023645069266411665,20523.765999999996,24840.3816
2022-07-10,-0.830116258612206,-0.8214256293368281,-0.8106172919238819,-0.5822938150966052,-0.7790746968724567,-0.8373284344433295,direct,,-0.034085543761354864,0.030476292011936867,20538.547,24669.0978
2022-07-11,-0.855559537574684,-0.8498722235169299,-0.8363569653667798,-0.08886691030615167,-0.5875294061325097,-0.8688670177979166,direct,,-0.043282023435075256,0.031862779418467366,20500.799,24462.697
2022-07-12,-0.8836364825146054,-0.8727133547922055,-0.8679272885602686,0.16641287390947157,-0.504794631678151,-0.8910469316625925,direct,,-0.031815686225353246,0.033885137539889205,20468.4765,24267.377599999996
2022-07-13,-0.8754311498471038,-0.8837893850249369,-0.8901295238743577,0.7246950269413733,-0.29043110083000556,-0.8588505080159303,direct,,0.047701389611755074,0.038735790963965414,20425.0965,24079.392799999998
2022-07-14,-0.8549580977756521,-0.8588404658696446,-0.8579006983506594,0.3847165999438345,-0.4001943312322149,-0.8467363895236671,direct,,0.017130801979752697,0.032451640439274974,20392.9925,23900.775
2022-07-15,-0.8440915575257142,-0.8320254319127776,-0.8457743884366998,-0.13019702502399405,-0.5940806598067049,-0.8380016546359629,direct,,0.012143917252828151,0.03319464658465019,20360.6465,23733.546199999997
2022-07-16,-0.8306787958941854,-0.828196746633254,-0.8370308630755915,-0.41209404060582344,-0.7080045906894654,-0.8250077359231086,direct,,0.01784871468992333,0.03428527855394313,20369.0045,23585.5798
2022-07-17,-0.8277965669316812,-0.818521637220473,-0.8240238675265962,-0.48953474977835937,-0.7373445794152934,-0.8392061804842573,direct,,-0.019161272153746634,0.03237184564636359,20372.737,23421.1654
2022-07-18,-0.7902508181952101,-0.8182411683164789,-0.8382366011361132,0.9553829759996707,-0.08552358822659427,-0.7813714626064003,direct,,0.07957462218911249,0.03779394219698124,20482.5085,23281.0686
2022-07-19,-0.7543837302830548,-0.7887894419220631,-0.7803436794826548,1.3941678081512106,0.14778485081017134,-0.748076774242576,direct,,0.0424334410370204,0.03149814928952618,20647.796,23114.738599999997
2022-07-20,-0.7376780255045656,-0.7412755892954286,-0.7470154839687767,1.2204590356080802,0.1170776105673034,-0.7542685823901927,direct,,-0.0075701145859107255,0.03271051505188749,20813.510000000002,22943.5508
2022-07-21,-0.7671637235398725,-0.7617234808366227,-0.7532135234360092,0.45289895812924313,-0.27320552137209453,-0.7566884699258114,direct,,-0.0029811258519116812,0.033901263629653317,21008.7205,22810.83
2022-07-22,-0.7558024672102501,-0.7558731415283093,-0.7556358463010681,0.10486468218417302,-0.42403912723029646,-0.7730198270598831,direct,,-0.02017920369844095,0.03682299501966474,21181.7535,22655.7638
2022-07-23,-0.7816943300640496,-0.7757782474367736,-0.7719836390067268,-0.485483253731553,-0.7137749656523861,-0.7812054295890063,direct,,-0.01032252035587966,0.03771454954688375,21339.65,22511.2006
2022-07-24,-0.7811731051895594,-0.764519983601447,-0.7801774793727454,-0.6109790122289738,-0.7660373668372708,-0.7765474169789159,direct,,0.005935291691571587,0.03575222763940197,21458.2795,22365.999
2022-07-25,-0.7932852145253,-0.8001761946842195,-0.7755147790261075,0.11750045259204867,-0.4574419744498073,-0.821282304555981,direct,,-0.0566653678925324,0.029661493285397734,21515.624499999998,22194.152800000003
2022-07-26,-0.8387061409394204,-0.8192196061554124,-0.820294686955197,-0.03702246675409148,-0.5497079259501851,-0.8229429842731157,direct,,-0.0022299312058478016,0.020690088235532773,21551.2765,21992.2388
2022-07-27,-0.7781035933131037,-0.8079570712200252,-0.8219570379492593,0.4620412103237821,-0.3026281597669971,-0.763446887591735,direct,,0.08006884911525392,0.04118863637828355,21618.696,21829.2076
2022-07-28,-0.7404225464421054,-0.7527797973092576,-0.7624010655118021,0.5670944341480759,-0.20106660144284927,-0.732146692695806,direct,,0.03900054834041011,0.04380991677283228,21731.846,21702.5352
2022-07-29,-0.7328503264193774,-0.7227265576562758,-0.7310693706866463,0.09691754392424695,-0.4074831548725542,-0.7351702413283501,direct,,-0.0036259753978616915,0.042650224404778926,21841.195,21576.259400000003
2022-07-30,-0.7258705951740587,-0.7199798843921611,-0.7340959621618389,-0.2572850960524886,-0.572295582846673,-0.7394738171392035,direct,,-0.005179823426584518,0.04233616581002897,21981.170000000002,21467.8324
2022-07-31,-0.740740651979773,-0.729887056908247,-0.7384038690106912,-0.5832433624941676,-0.7367808186464514,-0.7512845321386288,direct,,-0.014289502297002876,0.04319676436641029,22149.3645,21366.2054
2022-08-01,-0.7642505102717513,-0.7432758878239145,-0.7502264700922268,-0.2849493274391267,-0.6060121992347668,-0.7525628116009656,direct,,-0.0015689797641510461,0.03408302043183874,22347.457499999997,21299.8898
2022-08-02,-0.7660651577707192,-0.7503256943993093,-0.7515060359910452,-0.18754068138498375,-0.5654558418762538,-0.7623528173929068,direct,,-0.01203528597340009,0.035010202677952525,22485.491499999996,21310.287800000002
2022-08-03,-0.760414653236369,-0.7493718153857253,-0.761305894261241,0.18184099618635582,-0.3875429451233659,-0.7681636234585035,direct,,-0.007230501372464393,0.018080050787113545,22597.885,21324.4254
2022-08-04,-0.7737317077905478,-0.7592451750263296,-0.7671225482131024,-0.10724359010025424,-0.531984958506658,-0.7752334841107387,direct,,-0.008861239197818116,0.004548771374293015,22687.671000000002,21325.550600000002
2022-08-05,-0.7652960584512933,-0.7531079601639308,-0.7741995238405296,0.3831812813654859,-0.29794726437936914,-0.7508972382791075,direct,,0.03077533075866623,0.015318506140622109,22793.6815,21384.478
2022-08-06,-0.7695429739411942,-0.741283063720535,-0.7498387864674274,-0.7843722071449779,-0.8390165971654708,-0.7635793644624556,direct,,-0.015558839446602413,0.016089661473660376,22901.861,21434.9608
2022-08-07,-0.7678278204902631,-0.7437360988554682,-0.7625336757047613,-0.8017669726054023,-0.8478893266464154,-0.7557684722378512,direct,,0.00973410465055502,0.016118549300317628,22938.4845,21519.472999999998
2022-08-08,-0.7387641975514719,-0.7327586598491408,-0.7547149227446858,0.04508259936430751,-0.43212135337240815,-0.7334725100325967,direct,,0.02751785386106742,0.0192881215866532,22959.375000000004,21584.7578
2022-08-09,-0.7498162993650492,-0.7427690506166966,-0.732396522301144,-0.045115608041060386,-0.4900517803838197,-0.7565794124491232,direct,,-0.0277549656306314,0.022104690908867155,22956.0695,21636.8728
2022-08-10,-0.7397233339453487,-0.750121749371405,-0.7555266790709801,0.46015653992409977,-0.2442699333566632,-0.7285107443864741,direct,,0.03467728074774157,0.0249259217570523,22996.376,21702.082000000002
2022-08-11,-0.7163515279483972,-0.7076812517670189,-0.7274297632271143,0.5352706996560721,-0.1760854015604423,-0.7290808493367259,direct,,-0.000680727238730694,0.02422838920191886,23059.228000000003,21781.826
2022-08-12,-0.73139130989488,-0.7168342191973643,-0.7280004419202979,-0.19552405654077823,-0.5447896289517377,-0.7126939148347267,direct,,0.019579958702537814,0.022833572343920878,23157.2295,21848.1012
2022-08-13,-0.7164665141492423,-0.6920532966444645,-0.7115970159146906,-0.3753012777910432,-0.6202426188020791,-0.7113764865346042,direct,,0.0015439020783487578,0.020874912189291408,23250.4525,21912.709199999998
2022-08-14,-0.7123321749697498,-0.697229869918183,-0.7102782617794303,-0.12500494629363898,-0.4955185839547701,-0.716135517127909,direct,,-0.005568539042759446,0.021602059272949576,23400.858500000002,21969.4996
2022-08-15,-0.7057559282375767,-0.7106642592344993,-0.7150420817718867,0.5335454012353064,-0.1811513635793269,-0.7235465319379897,direct,,-0.008720182974955248,0.020172982173311843,23543.039,22030.8964
2022-08-16,-0.7386770972256821,-0.7145790783652494,-0.7224605548883067,-0.107390648570866,-0.5039359953373949,-0.7320421792806465,direct,,-0.010084355080494323,0.01664543520080906,23587.961499999998,22093.706000000002
2022-08-17,-0.7319672737092935,-0.73195035416263,-0.7309647520911455,0.21067641812004323,-0.3591222607453104,-0.7502397475302272,direct,,-0.02182060670683661,0.012756552929990336,23562.0805,22155.427399999997
2022-08-18,-0.7611021605510035,-0.7344457443731663,-0.7491806340321862,-0.5172056656409344,-0.7106603841360236,-0.755011711221729,direct,,-0.00584967968590322,0.012703587534648467,23533.698500000002,22217.574399999998
2022-08-19,-0.7746333510840019,-0.8167968246459102,-0.753957400138467,1.4815750709456617,0.12945017498408026,-0.8377863360281425,direct,,-0.10206577071923328,0.036087262197723256,23393.0685,22236.0732
2022-08-20,-0.8380220763254099,-0.817822244585513,-0.8368153277751615,-0.055844543734305134,-0.5544777149700156,-0.8269983844158644,direct,,0.01481417126224538,0.03782440517004164,23284.7645,22273.927799999998
2022-08-21,-0.8248513365477559,-0.8070686824073738,-0.826016519370668,-0.32281195821833364,-0.6622365530793395,-0.8139698609267532,direct,,0.01762978631221368,0.040229123223023286,23196.9255,22319.7104
2022-08-22,-0.8323949821553036,-0.812989850791696,-0.8129748842198179,0.16542955231770165,-0.4574011557451434,-0.8179941517251901,direct,,-0.005351202591333704,0.040358842758315014,23117.334000000003,22361.8194
2022-08-23,-0.8272188817669557,-0.8133970289974944,-0.8170032249890541,0.05266912773816407,-0.5006158824541457,-0.8137660772443517,direct,,0.005652426253501153,0.041179977960333465,23052.1025,22387.9756
2022-08-24,-0.8202033464351464,-0.8042170112667638,-0.8127708954533397,0.09984991797340728,-0.4774573120009043,-0.8190641034435967,direct,,-0.007043012701306917,0.04108228296892317,22989.4055,22412.182800000002
2022-08-25,-0.8225326776774186,-0.798520075635635,-0.8180742534868072,-0.2945830645222892,-0.6454609386422122,-0.8121983760169574,direct,,0.009191798418741293,0.04182859930727654,22901.718,22432.5914
2022-08-26,-0.8209669374335737,-0.8409822846653302,-0.8112016165208265,1.2169106343291562,-0.015929145139865267,-0.8582499928077557,direct,,-0.06109210696544054,0.02695410949679379,22766.2975,22405.3152
2022-08-27,-0.8723674905617091,-0.8514375816892218,-0.8572995787952395,-0.03678921372534612,-0.5747240775022212,-0.8655753695351807,direct,,-0.010350163151996994,0.02571636082835307,22609.2255,22374.2306
2022-08-28,-0.8795362260712914,-0.8621281451414639,-0.8646323276444433,-0.33787067524607367,-0.6999870087264382,-0.8825051446182598,direct,,-0.024170568338222065,0.023728900961338544,22396.0435,22333.6688
2022-08-29,-0.8705872700689824,-0.8613995666560883,-0.8815791405357124,0.44284937627990095,-0.3844631983147974,-0.8566987201105037,direct,,0.03775631479466157,0.030706233728811396,22252.829,22322.585600000002
2022-08-30,-0.8651274911492078,-0.8613856855808906,-0.8557467449262334,1.0721210155761858,-0.12843368231702706,-0.8734369455229894,direct,,-0.023598032166770144,0.030663770550888803,22045.521,22319.970799999996
2022-08-31,-0.8682424466739017,-0.8522868187513156,-0.8725018153749123,0.636626704658215,-0.29860975291539055,-0.8651608113064873,direct,,0.011949927095199264,0.03192079162877213,21850.867,22334.782199999998
2022-09-01,-0.8778520569259773,-0.8605848543194862,-0.8642173522121221,0.18935892072822855,-0.4885772065437025,-0.8623766997621852,direct,,0.003972513102061592,0.031493602011397205,21636.754999999997,22332.764600000006
2022-09-02,-0.8697758255318799,-0.8538397195484301,-0.8614304387901672,0.0714173236685489,-0.530677791325894,-0.868405970324353,direct,,-0.008568832579149643,0.021914909242197394,21412.134,22320.3658
2022-09-03,-0.8830980441369947,-0.857447375399806,-0.8674657770971728,-0.789814426001182,-0.8820793084691491,-0.8726931176050642,direct,,-0.006145577789536061,0.021699938089928813,21188.188,22300.516200000002
2022-09-04,-0.8841191491421054,-0.8598630384092069,-0.871757238882518,-0.7054749858472441,-0.8486849705431089,-0.8667973725432007,direct,,0.008503745187118161,0.019335190948796654,20983.2765,22276.6052
2022-09-05,-0.8831118149394912,-0.8581809368352524,-0.8658555604533766,-0.4718648653609532,-0.756009044865071,-0.8741437218622963,direct,,-0.010506682343954354,0.012411980773998051,20780.009,22256.6148
2022-09-06,-0.878786061605298,-0.8913353510573974,-0.873209303000674,1.1880847113875896,-0.11266783581141385,-0.9091448801017367,direct,,-0.05058987161810902,0.02095477051607812,20552.704999999998,22183.506
2022-09-07,-0.9035256525602082,-0.8966009055823829,-0.9082456857494526,0.3947362775587219,-0.44263304931400116,-0.8918225680112185,direct,,0.026371398391332512,0.023696975783380293,20357.0055,22101.258200000004
2022-09-08,-0.903727394816781,-0.8800635620718782,-0.8909059408088608,0.1626030744399625,-0.5211549673178208,-0.8906253825700089,direct,,0.0017757596622063332,0.02356821039722489,20281.4225,22023.238200000003
2022-09-09,-0.8311941681776145,-0.8702592518822571,-0.8897075505426718,1.411945347812653,0.04982962992314916,-0.8190403345063697,direct,,0.10599235991319622,0.04813280506429285,20292.806,21987.562
2022-09-10,-0.8226617789508226,-0.8047939656999801,-0.8180504606289675,-0.15687512030267803,-0.5900580765174421,-0.809064371734947,direct,,0.013355339538684063,0.047551305955549045,20299.823,21966.938199999997
2022-09-11,-0.8211762536315195,-0.7966717570843135,-0.8080644582356731,-0.41627254169543093,-0.6981718395263079,-0.8027264545320237,direct,,0.00837307372433238,0.04755364614557319,20321.6625,21954.6244
2022-09-12,-0.7994263038985857,-0.7895187322574488,-0.8017201626717202,0.6168146216102945,-0.22830040267647575,-0.7830097715590862,direct,,0.025831579766857793,0.04646214700466488,20365.657499999998,21950.926799999997
2022-09-13,-0.7896025576676905,-0.8483652370454692,-0.7819836371987504,1.5480613313157132,0.1420067743972466,-0.8608443023974368,direct,,-0.0994061744995205,0.06022576920659099,20305.8935,21928.2904
2022-09-14,-0.8666347054824428,-0.8576879807032324,-0.8598964992494453,0.46465765493129335,-0.36921751834730626,-0.858750189119105,direct,,0.0029696977808313374,0.059928045193712275,20239.304,21907.8024
2022-09-15,-0.8734075304202525,-0.8620573160654551,-0.8578002784947772,0.18066065846170892,-0.491068984220041,-0.8773993671759973,direct,,-0.026368411480264475,0.061374215547614935,20211.912,21842.6016
2022-09-16,-0.8886920883811096,-0.8685597099830543,-0.8764682247347715,0.3032975721452751,-0.45208570853164315,-0.873768662014583,direct,,0.005272548686177547,0.04248489233306766,20200.192,21761.569
2022-09-17,-0.8783540026769724,-0.8539881402755437,-0.8728338656997628,-0.11753064675261778,-0.6105029731558318,-0.8627814707814322,direct,,0.01587203002218729,0.0427254058079406,20228.4055,21688.553
2022-09-18,-0.880741515559792,-0.8685956584085662,-0.8618356171633781,-0.2840796419382839,-0.6825757252201742,-0.8872715156186494,direct,,-0.034825420573754706,0.042810259142914225,20184.673,21603.986800000002
2022-09-19,-0.8958649551314407,-0.9060959169425993,-0.8863503083225015,0.9975247268220615,-0.21092744500599872,-0.8829525599072374,direct,,0.006363259950189715,0.04020755549353242,20171.061500000003,21528.6496
2022-09-20,-0.8974833686948345,-0.8903109988928097,-0.8820270060950474,0.6735939674764008,-0.3276022428459422,-0.9060688999900156,direct,,-0.033842716546715335,0.021552472241317303,20112.545000000002,21440.8172
2022-09-21,-0.8936795287752564,-0.9097427245445329,-0.9051666100290255,1.9519855660127592,0.15841851288610526,-0.9204665841720373,direct,,-0.02181679506566503,0.021249482564160857,20029.451,21350.3484
2022-09-22,-0.9017664325412885,-0.9034592245050508,-0.919578783770434,1.988734703826688,0.16991922241507487,-0.8876825784153975,direct,,0.05078554584809991,0.030855205866324193,20001.877,21281.962600000003
2022-09-23,-0.9021003745018271,-0.897259722766765,-0.8867617848051405,0.9459233871053905,-0.23052031768133813,-0.891696382917999,direct,,-0.0059172542868272116,0.030720817277869766,19974.694,21215.3254
2022-09-24,-0.9087000315982441,-0.8875568512035885,-0.8907796287253297,-0.34766343249362963,-0.7218205148511803,-0.9045155300335965,direct,,-0.019010809631162195,0.029903288680519526,19920.7405,21127.428799999998
2022-09-25,-0.9133972523297786,-0.8932747864100165,-0.9036116767902098,-0.38087226076266345,-0.7374604495760022,-0.9085160518948064,direct,,-0.006047751076785124,0.027537117328235505,19871.573,21044.4996
2022-09-26,-0.9084356321903125,-0.8919721008914651,-0.9076162247016063,2.079851147137072,0.203364889071813,-0.8937995843193883,direct,,0.02238284651625677,0.029179208461230805,19893.523500000003,20965.5216
2022-09-27,-0.8718982504666432,-0.8868870003440493,-0.8928849467491717,2.323831352503153,0.35497110350404826,-0.899027352336536,direct,,-0.00777704285173475,0.025906701319909083,19883.2175,20870.7952
2022-09-28,-0.8926391446466505,-0.8988944863150453,-0.8981179758940249,1.9094568192150743,0.1453378125595815,-0.8874480349318788,direct,,0.017360885469619447,0.024124935937860487,19887.7625,20795.9154
2022-09-29,-0.8972496093224575,-0.88631965588597,-0.886527005281458,1.0230967172404504,-0.18352746672195205,-0.8811286435182647,direct,,0.009312989918439873,0.015096574256120862,19798.949,20708.591200000003
2022-09-30,-0.8786800264260756,-0.8737551472820414,-0.8802012541508213,1.175939722239291,-0.11216358756621708,-0.886995026951789,direct,,-0.00856561321992122,0.015343781861330084,19687.474,20618.2366
2022-10-01,-0.902712830942856,-0.8741911554132505,-0.8860735414026313,-0.8718209840531426,-0.9201430749055934,-0.8908983758049241,direct,,-0.005748590907991291,0.013102737305656403,19561.3495,20516.2724
2022-10-02,-0.9057441288423841,-0.8834046300944577,-0.8899808185128598,-0.5008659919349709,-0.7789292367250932,-0.8998400402637805,direct,,-0.01324482395117299,0.014168944774164163,19394.231,20408.4382
2022-10-03,-0.8953161886519578,-0.8813085877396084,-0.8989314816951605,0.6213048303672751,-0.3400611231242396,-0.8797692700348007,direct,,0.030128842516193632,0.01618832949393799,19367.16,20314.811
2022-10-04,-0.8690817770860596,-0.8631265147806814,-0.8788405126193735,0.8750654794726077,-0.2098573625551109,-0.8548737550919474,direct,,0.03627838745743639,0.019495879798901026,19372.704999999998,20239.6688
2022-10-05,-0.8722807345059816,-0.8539553951750773,-0.8539199432971025,0.7006119155842977,-0.2770892701428019,-0.8612997571798883,direct,,-0.009036313357169368,0.020229587374530157,19395.7345,20165.710799999997
2022-10-06,-0.8694191617472222,-0.8500676263447126,-0.8603524123930495,1.2333913856588405,-0.05977545992505211,-0.8681375211509664,direct,,-0.00970301685354813,0.02091150702939488,19403.789500000003,20098.2526
2022-10-07,-0.8828835638881127,-0.8691028515407891,-0.8671970577615719,0.7074825014038602,-0.2895913936814614,-0.8832486229929906,direct,,-0.02165326329117967,0.022619921181512383,19374.5125,20024.8786
2022-10-08,-0.897788736240193,-0.8711672165701873,-0.8823233671331383,-0.7794608764039725,-0.8824214783202997,-0.8872155887075271,direct,,-0.005810223925794666,0.022622999017454,19374.592500000002,19996.5964
2022-10-09,-0.9000863946367234,-0.8693210335688962,-0.8862943251275848,-0.6942077739338176,-0.8493095198658124,-0.8864084934713949,direct,,0.0011890220666841422,0.02174981076193688,19369.648999999998,19962.6034
2022-10-10,-0.9012069936898708,-0.8790363625072501,-0.8854864176459408,0.1685754777823197,-0.5169246293473628,-0.8972810345367452,direct,,-0.015998531046305442,0.018993502323808063,19382.2195,19914.9348
2022-10-11,-0.9102385745071585,-0.8859377483555312,-0.8963699006327461,0.7731092788942358,-0.2927425748194759,-0.8998351466590573,direct,,-0.0038193834625452894,0.007636866516492549,19411.7315,19868.1074
2022-10-12,-0.9113423043272478,-0.881716833720422,-0.8989265831656053,-0.022516450341976173,-0.5961695103248935,-0.8964599575728326,direct,,0.005066561585535645,0.009369853114251247,19399.176,19820.792
2022-10-13,-0.9019468300539918,-0.9083421596495876,-0.895547997352373,1.724184255115633,0.058257549358991745,-0.8886280927565573,direct,,0.011697298595394923,0.011648987935746227,19403.565000000002,19780.9892
2022-10-14,-0.8867435198278637,-0.877853623715407,-0.8877082506942036,1.2103348690798632,-0.1000680771345991,-0.8955105982565332,direct,,-0.010160530184618266,0.009363059829479277,19416.446,19733.32
2022-10-15,-0.9115340627520107,-0.8812822492892333,-0.8945976826186594,-0.8582388325784112,-0.9169139846837993,-0.899435618787728,direct,,-0.0058539225034288656,0.009365611607998156,19429.435,19709.7546
2022-10-16,-0.9047037447137783,-0.8785654737255443,-0.8985266532169179,-0.8372671688627001,-0.9079104089916714,-0.8926356054816575,direct,,0.010201513184252109,0.010514919876189023,19431.1,19694.2714
2022-10-17,-0.8960463854543314,-0.8752340156781017,-0.8917197965049647,0.11051130527823712,-0.5344181870088137,-0.8826306306250902,direct,,0.014858084348944756,0.009749745451355851,19454.554500000002,19694.1996
2022-10-18,-0.8952862371565281,-0.8775243930857185,-0.881704752829307,0.7188957163443295,-0.29722236568410454,-0.8903275717682831,direct,,-0.011263144811204273,0.010965609792967198,19450.4355,19674.958
2022-10-19,-0.9069535495716337,-0.8782230738706681,-0.8894094400297395,0.33561842055827046,-0.4554401676986609,-0.8975421433030472,direct,,-0.010677542861488476,0.01183095064055766,19426.957000000002,19661.1656
2022-10-20,-0.9076265975436469,-0.8834932554207198,-0.8966312721740142,0.8969789506663755,-0.24234248273932607,-0.9003507228709651,direct,,-0.004201551044269669,0.010638773801640494,19407.8525,19641.0308
2022-10-21,-0.910760143651711,-0.8917229533879171,-0.899442678243745,0.8109719096734427,-0.2795854866696292,-0.896056235183169,direct,,0.006451531595491167,0.010481825430467034,19400.4745,19621.7602
2022-10-22,-0.9105518602639524,-0.8767591543248209,-0.8951438686640669,-0.8156854587641165,-0.8999116225784715,-0.894617165851356,direct,,0.002148029885633118,0.010177747007527743,19407.9455,19606.7628
2022-10-23,-0.8956408353208113,-0.8780031122175358,-0.8937033510798625,-0.2912999313937032,-0.6928259737362972,-0.8818577906220204,direct,,0.01900448625203488,0.011892872005616001,19404.958,19601.519
2022-10-24,-0.898901417081905,-0.8750663750007143,-0.8809311350545498,0.8394087257525771,-0.25408007674672595,-0.8903006569423055,direct,,-0.012340721212306893,0.011556486826390044,19354.282,19588.071
2022-10-25,-0.8706082705427896,-0.872259906335748,-0.8893824981171858,2.242491131157745,0.32862186309127617,-0.8638709969187315,direct,,0.039114254469232446,0.0182501701469029,19350.604,19593.948800000002
2022-10-26,-0.8500092156284954,-0.8432078837220244,-0.862926239779352,2.7934003072312477,0.6121311621139951,-0.839767197311452,direct,,0.034329358327052306,0.01943200607388938,19391.185999999998,19633.645
2022-10-27,-0.8547264040236495,-0.8379466002970997,-0.8387981825601231,1.7047996267131507,0.1595769050014717,-0.8565970030409003,direct,,-0.023173969377323522,0.02306387063239951,19429.3095,19653.8002
2022-10-28,-0.8590149761911022,-0.8442026941111913,-0.8556449254904783,1.363118065609795,0.0072206532676635325,-0.8459495677928167,direct,,0.015008908475271143,0.023110642555687417,19488.338,19679.3626
2022-10-29,-0.8482334706465798,-0.8252393657661387,-0.8449867748632134,0.6683153423733891,-0.26001536854773477,-0.8382491312176787,direct,,0.010694231862403036,0.022814533696005026,19557.227,19668.3718
2022-10-30,-0.8526549310581231,-0.8266879805367681,-0.8372785887130986,-0.03841283774896647,-0.5584628922012941,-0.8448743729264924,direct,,-0.009103663319114608,0.023789013069239983,19632.1915,19647.882200000004
2022-10-31,-0.8562043554015795,-0.8366716769289437,-0.8439104979409368,0.7703718100908145,-0.23105850870222522,-0.8497012148995328,direct,,-0.006693439130613932,0.023077671537428887,19703.905,19621.004399999998
2022-11-01,-0.8613239954996922,-0.8333466255315923,-0.8487421975572298,0.3195190361715124,-0.41726228157633166,-0.8501308034855902,direct,,-0.0005997298531760231,0.018812223597407907,19770.176,19582.5994
2022-11-02,-0.8572974128497342,-0.8431399020460563,-0.8491722184731849,1.812052394935207,0.19369532060598924,-0.8616636316453771,direct,,-0.016110139172969773,0.013759000939148542,19808.747,19582.130599999997
2022-11-03,-0.8716066537237811,-0.8438823616066295,-0.8607166530549772,0.5117174209706263,-0.3476585755803612,-0.8596481655858107,direct,,0.002861491598400656,0.011054236326915122,19860.046000000002,19581.6168
2022-11-04,-0.8402970128978212,-0.8388075828843606,-0.858699158668161,2.0525077705954047,0.3183869992743414,-0.8266998745277497,direct,,0.04664541104780806,0.020721798135547958,19964.09,19610.6258
2022-11-05,-0.8342337285586403,-0.8066725378767325,-0.8257177090677994,-0.22815520536305486,-0.6230861652963746,-0.8214228209201755,direct,,0.007137858973268019,0.02057212246671508,20065.9555,19640.5768
2022-11-06,-0.8379594191740511,-0.8135102131491062,-0.8204353447324256,-0.41823672217730995,-0.707398099500538,-0.8350892607392744,direct,,-0.018354515653071557,0.021774825058549194,20133.9605,19656.421599999998
2022-11-07,-0.8481718463054083,-0.8312409732016062,-0.8341155382002962,1.16216372096239,-0.05696707982622139,-0.8461648864006373,direct,,-0.01515308750255251,0.022566312159396324,20197.1325,19679.9418
2022-11-08,-0.8617491690267696,-0.9359761770431178,-0.8452023101636432,5.935471291935459,1.7244118595162157,-0.9177873355860893,direct,,-0.09949775975503217,0.04423277133477928,20168.173000000003,19660.0102
2022-11-09,-0.9337226125444561,-1.0038119237591518,-0.9168968388389482,7.244915447529416,1.858648009593175,-1.0130266707088633,direct,,-0.1469249974386213,0.06728774490010227,20006.997,19598.8116
2022-11-10,-0.9498468451875333,-0.9992617784943544,-1.0122320210427374,4.499624751818322,0.8822808885249296,-0.9522183888752779,direct,,0.10996509486081552,0.08606587261006439,19926.6605,19580.644
2022-11-11,-0.9659993079757282,-0.9740402207851795,-0.9513625428945433,2.2642744309780043,0.12737473289826545,-0.9715114254964645,direct,,-0.031432823054191594,0.08143868000107436,19816.667999999998,19532.679200000002
2022-11-12,-0.9858488869641538,-0.9661974132984918,-0.9706749956660178,-0.17442151782251328,-0.7105262284019989,-0.9796844444705851,direct,,-0.01374787449464121,0.08032234133717876,19676.733,19482.3346
2022-11-13,-0.9908686887441671,-0.9793228597104083,-0.9788562398131799,-0.14799356266967825,-0.7079480489865334,-0.9959881876922902,direct,,-0.027806890466737122,0.08015880282958643,19525.5535,19429.9962
2022-11-14,-0.982740816840708,-0.9948874601820606,-0.9951763908163486,1.5718869144419567,-0.14363396668880285,-0.9860412370060123,direct,,0.017450285053414172,0.08222715858333454,19350.796500000004,19385.638199999998
2022-11-15,-0.9850147206029322,-0.9695655316214564,-0.9852194297054173,1.2881238746301638,-0.2152744549207631,-0.9760058518915224,direct,,0.017303478053331434,0.07683935758412573,19155.9155,19338.6018
2022-11-16,-0.9885651777565758,-0.9744075353904104,-0.9751739451675238,0.8801411075958514,-0.36227085702040435,-0.9840834455735409,direct,,-0.01369086339706882,0.04890925772803993,18973.554,19289.9348
2022-11-17,-0.9974204923019091,-0.9732436606238358,-0.9832596679883591,-0.014876797975147345,-0.6626959314454354,-0.9829593146599847,direct,,0.0019317577734330182,0.019951198517284396,18777.57,19235.2856
2022-11-18,-0.9890295980707682,-0.9687604292599912,-0.9821344057705302,0.19206578166814944,-0.5898106353937059,-0.9830383114219446,direct,,-0.00013548990090639368,0.016869141469075647,18570.458000000002,19176.9754
2022-11-19,-0.9951021777016341,-0.9685027395563215,-0.9822134820333502,-0.7945998071429553,-0.9224105602849594,-0.9828366249987103,direct,,0.0003459657811661909,0.016152555371541515,18373.1115,19122.1372
2022-11-20,-0.9974690343807091,-0.9816652021687652,-0.9820115926366814,-0.38703394031839167,-0.7894686986539925,-0.997871176881136,direct,,-0.02578082106388746,0.015593456299794537,18161.163500000002,19060.93
2022-11-21,-1.0132204225461952,-1.0061709946927468,-0.9970612750102056,1.4517376812504854,-0.21073598696002674,-1.0151179876416392,direct,,-0.030356967071910268,0.016903065011471187,17925.1595,18994.9708
2022-11-22,-1.0130617140474238,-1.0019137757071208,-1.0143254426376596,1.2155730355127305,-0.2848360811087885,-0.9998058984627696,direct,,0.027795350182960865,0.01967553036845186,17727.5555,18926.2888
2022-11-23,-0.9993112234846698,-0.9825340151061378,-0.9989979436593606,0.9311978384309265,-0.35351101671132046,-0.9860782885846309,direct,,0.024245211674100542,0.022173301152237142,17546.704999999998,18851.216800000002
2022-11-24,-0.9954757107193499,-0.9715455424246533,-0.9852565185720498,-0.06852147644137134,-0.6805465909913768,-0.9861663734696483,direct,,-0.00015188976178626135,0.022152648442191128,17318.598,18779.771200000003
2022-11-25,-1.001742802935478,-0.9757031024088603,-0.9853446921040439,-0.17082210343775486,-0.7176511696953014,-0.988967263087287,direct,,-0.004830466480914897,0.022208059927641056,17078.936,18710.6354
2022-11-26,-0.9989421659777654,-0.9740694066355952,-0.9881484004844736,-0.6564661673505208,-0.8774680288775213,-0.9909526684321251,direct,,-0.0034406872166962144,0.022208890455951667,16855.983,18649.0098
2022-11-27,-1.0023858994120616,-0.9733824713758127,-0.9901358039040221,-0.7527271944306554,-0.9099239744200569,-0.9920243678665044,direct,,-0.0018636564501903763,0.019587707240774035,16647.34,18589.040800000002
2022-11-28,-1.0061508368145873,-0.9876604029541415,-0.9912085818766164,0.4917192280400416,-0.5088459700073606,-0.9994996986243755,direct,,-0.013023670487617212,0.015549802220110267,16530.4555,18524.3328
2022-11-29,-1.0044098631089753,-0.9842456584555129,-0.9986914356671908,0.39604010218094027,-0.5330135956185894,-0.9916426666980953,direct,,0.013869307170168987,0.012630406507368469,16561.044,18470.3414
2022-11-30,-0.9807168531437944,-0.9725691827392309,-0.9908264965713087,1.6451188664759078,-0.08997987434438341,-0.9661064390796984,direct,,0.044460159240107044,0.01915792456831721,16541.178,18432.4226
2022-12-01,-0.9793872821627634,-0.9568671952156222,-0.9652645697722718,0.6252588737912119,-0.4305657618842185,-0.9725278971061105,direct,,-0.010704245048026584,0.02002659857644206,16539.724,18388.898400000002
2022-12-02,-0.9846594338985241,-0.9582520994103444,-0.9716924902336317,0.2076863464891118,-0.5768967718230817,-0.9684784391976686,direct,,0.006823279131897619,0.019700866135759817,16555.7535,18343.21
2022-12-03,-0.9829239685139106,-0.9567696717642333,-0.9676389570266829,-0.5238331476251075,-0.826064689398011,-0.9756853207821533,direct,,-0.012061196327003643,0.020578012420200836,16584.7955,18297.336
2022-12-04,-0.9814811326823466,-0.9561912936309969,-0.9748530914816564,-0.34355529430862114,-0.7631660705978149,-0.9678747781007435,direct,,0.013231045616760806,0.020660605779546686,16610.7815,18258.1768
2022-12-05,-0.9740776049902,-0.9563973742089316,-0.9670346884165492,0.8168845045468909,-0.36026425218238234,-0.9729403580756368,direct,,-0.008469029486154467,0.020020319488408694,16615.1665,18212.2284
2022-12-06,-0.9846959265251396,-0.9550185207392956,-0.9721053662961435,0.28770339341353734,-0.548337953155998,-0.9687570251236961,direct,,0.007053758979279623,0.01977985034985201,16637.09,18162.949
2022-12-07,-0.9838046113335578,-0.9623000344929901,-0.9679178233163626,0.08932609014706823,-0.620136622960986,-0.9774491157416698,direct,,-0.014553577908199111,0.01129239348344261,16644.972,18113.1002
2022-12-08,-0.9783055856266685,-0.960713320820394,-0.9766186614913469,0.31993136279246215,-0.5370894295291777,-0.9638808975602292,direct,,0.02305341834022756,0.014138364791391541,16672.375500000002,18075.1428
2022-12-09,-0.977178445442335,-0.9493400932084303,-0.9630367885095491,0.06583367537410062,-0.6187212699081381,-0.9673473174202223,direct,,-0.005756988555685072,0.014245067114699682,16694.532,18036.809
2022-12-10,-0.9805567675647733,-0.9484392470206016,-0.9665066969094896,-0.7845544470678891,-0.9126720278514923,-0.9672655243127061,direct,,0.00013662757599908204,0.013179016044037086,16738.3115,17996.0648
2022-12-11,-0.9792351147951779,-0.9492326038568997,-0.9664248214869237,-0.614051760272809,-0.8538618596373749,-0.9684665547290552,direct,,-0.002005932563069024,0.012260302671292723,16805.0435,17953.81
2022-12-12,-0.9799412126931826,-0.9563037659325985,-0.967627060597763,0.13584828359526568,-0.599629029878738,-0.9644877045459052,direct,,0.006658738343698012,0.011861373923485536,16855.564,17906.531199999998
2022-12-13,-0.9556378119073471,-0.948669886423886,-0.963644206174397,1.4226556373361792,-0.12726244407138793,-0.9446804898855887,direct,,0.0329287695846161,0.01670939728470315,16914.781,17875.416400000002
2022-12-14,-0.9418928296655917,-0.9277379368757986,-0.9438170579046555,1.5947112334357574,-0.04500017962020002,-0.9437699298638804,direct,,0.001465515107463622,0.014397456628768367,16975.426499999998,17829.7002
2022-12-15,-0.9587827189274707,-0.9415278952721785,-0.9429055815124154,1.0167837574398348,-0.2737157014794892,-0.9592253317525006,direct,,-0.024838537708052777,0.017196860094844366,17017.9705,17761.3492
2022-12-16,-0.9702500104363155,-0.9659197917945382,-0.958376537427689,1.730493344956496,-0.05570849346245444,-0.9837202701944411,direct,,-0.0403687725420685,0.023397566886853106,17028.316,17688.612399999998
2022-12-17,-0.9952636403609048,-0.9665568975536111,-0.9828961271163678,0.049505259732873196,-0.6383105652313978,-0.9794519982462336,direct,,0.0073302181957013435,0.02375038352314538,17046.3,17612.2256
2022-12-18,-0.9939974150713575,-0.9637329885633964,-0.9786235596593069,-0.5066332874104221,-0.8242074268842766,-0.98077362106469,direct,,-0.0022532038580378444,0.02374938038753494,17073.086499999998,17530.6766
2022-12-19,-0.9945954121697652,-0.9752186884769618,-0.9799465125341857,0.8300177406902809,-0.3797015678584946,-0.9912581691841301,direct,,-0.017915227734528583,0.02394647637193111,17073.6365,17446.9194
2022-12-20,-0.9871863761566201,-0.973274626099277,-0.9904416121062554,1.3617839849385993,-0.192436971546607,-0.9752375559499813,direct,,0.027874223291789235,0.022607454015459907,17060.575,17375.0906
2022-12-21,-0.990827376336678,-0.9614273063805617,-0.9744048760273535,0.09458747633845328,-0.6194975979052983,-0.9780335519628967,direct,,-0.004732822440169482,0.02234237217724646,17052.6995,17301.9078
2022-12-22,-0.9929666705044993,-0.9673531017899497,-0.977203685878228,0.3186409071221178,-0.546616964120184,-0.9782125180784879,direct,,-0.00030437907560332267,0.02112307065519324,17038.775499999996,17235.221400000002
2022-12-23,-0.9913486012111681,-0.9605300194427837,-0.9773828321019621,0.25702375975031205,-0.5645077522528288,-0.979437317432064,direct,,-0.0020837285420262086,0.013991790037455404,17033.408499999998,17166.681
2022-12-24,-0.9930689187130353,-0.9599434550344305,-0.9786088640706411,-0.7800097070598443,-0.9151592789400557,-0.9774732342220912,direct,,0.0033484357578852375,0.013777038383438717,17019.678499999998,17080.4122
2022-12-25,-0.993305776515974,-0.9614782036562866,-0.9766428042441548,-0.7734191656005854,-0.9132424950497519,-0.9777549660368693,direct,,-0.00047870305918584766,0.01373286162137643,17012.7915,16990.9628
2022-12-26,-0.9906962094428994,-0.9593234336756009,-0.9769248195885485,-0.6667993117053965,-0.8765623178270168,-0.9747149888741832,direct,,0.005167834287038486,0.010981332344186015,17004.269,16911.0724
2022-12-27,-0.9895404948433859,-0.9661169742473462,-0.9738817830498491,0.11982031755667545,-0.6126492305664368,-0.9822486933455381,direct,,-0.012741139047071748,0.005878553848617819,16997.4035,16833.2086
2022-12-28,-0.99616115241361,-0.970910928140616,-0.9814230693001179,0.5159244190365964,-0.48492689923469073,-0.9878438312601198,direct,,-0.009584720015041404,0.006545441698095989,16963.126,16793.124
2022-12-29,-1.0002194079093099,-0.9703492784826175,-0.9870238380565812,0.05485143322429983,-0.6398618554005473,-0.9846710276835184,direct,,0.0054877521618188485,0.007186615108373197,16938.345500000003,16809.3484
2022-12-30,-1.0006621392095703,-0.9747047327696426,-0.9838478414299543,0.48156058368857113,-0.5000045335554545,-0.9857815264124886,direct,,-0.0019102604496117337,0.00718478648968824,16911.8595,16790.1444
2022-12-31,-1.0010680336131528,-0.9703521258826582,-0.9849594577440222,-0.4219726405969902,-0.7992944075493691,-0.9881640128262944,direct,,-0.004106155196521355,0.006887476232605855,16883.6835,16780.6162
2023-01-01,-1.0012622019283524,-0.9697897643746497,-0.9873443418474802,-0.6801552464418423,-0.8854036571230306,-0.9852781842123889,direct,,0.004994159567511369,0.007455001966128092,16853.944,16777.4156
2023-01-02,-0.9961583982531108,-0.9683197941037162,-0.9844556089897705,-0.331732567263386,-0.766511767823616,-0.983313401916027,direct,,0.0033833176737270154,0.007202734295450347,16798.682,16784.6678
2023-01-03,-0.996205563251661,-0.9661536345228684,-0.9824888493733476,-0.0669977677422816,-0.6779671068514729,-0.9833106055704709,direct,,4.799017161216668e-06,0.00545362683184105,16742.1215,16786.2302
2023-01-04,-0.9891163541264957,-0.9645160235745475,-0.9824860502136018,0.6773502911384145,-0.4219202714653304,-0.9771355754961909,direct,,0.010597378789405809,0.005011383742850739,16716.502,16785.5838
2023-01-05,-0.992654761827955,-0.9604720036669575,-0.9763048057048442,-0.2960328921715501,-0.7515557354510884,-0.9778678684886972,direct,,-0.0012435581314456101,0.005018754983673141,16724.873499999998,16789.1402
2023-01-06,-0.9876996828196748,-0.9632204565560977,-0.977037835663287,0.4538323220587479,-0.49761357087164443,-0.9736632134018912,direct,,0.007149110268889647,0.0051076473307031245,16733.154000000002,16794.459199999998
2023-01-07,-0.9891163541264957,-0.9554623592206162,-0.9728289490904439,-0.9836906142604576,-0.9831997841757228,-0.9737831067176095,direct,,-0.00020240573675689433,0.004365694430110893,16743.1535,16799.754800000002
2023-01-08,-0.9836221482004801,-0.9551815343916171,-0.9729489630645469,-0.648370915176414,-0.8684833650253084,-0.9677332131069654,direct,,0.010215590993895463,0.005050658421223184,16776.8045,16808.3966
2023-01-09,-0.9748301793466303,-0.9484218066953531,-0.9668929809544158,1.2028767530068996,-0.22304463517395104,-0.9655234010312495,direct,,0.0036936610069868703,0.005042913228719347,16790.7,16826.9052
2023-01-10,-0.97149867795268,-0.9468069749473568,-0.9646809449652636,0.6346477479663701,-0.41691703690382254,-0.9563160837445626,direct,,0.01533322894249567,0.00608004408687678,16821.7655,16860.5502
2023-01-11,-0.9542132223890908,-0.9405377119080776,-0.9554643616071077,0.843748357893716,-0.33519759971169133,-0.9389941211972389,direct,,0.028411162658435574,0.010324407015335855,16877.865,16895.3452
2023-01-12,-0.9161417732673183,-0.9198339102882391,-0.938124966561484,2.9220244004671367,0.47059044346410694,-0.9071507361770357,direct,,0.05078604080722493,0.0177420099951357,16981.2665,16940.505599999997
2023-01-13,-0.8851602218108361,-0.8909666127521462,-0.9062495349556985,1.93576973101889,0.1645911186667126,-0.8692934604952234,direct,,0.057459281659504535,0.022799643966236193,17136.011000000002,17007.3774
2023-01-14,-0.8416816670888378,-0.8490272575548968,-0.8683541604215096,2.374202045018389,0.45011371664621586,-0.8335537174857753,direct,,0.051297784221894016,0.02211090647948714,17342.282,17096.3012
2023-01-15,-0.8488163198622415,-0.8248361027353959,-0.8325784496048602,0.17140934376504144,-0.4688570402111727,-0.8361955649499104,direct,,-0.0036068590452085214,0.02474024677871085,17540.4255,17184.8494
2023-01-16,-0.8353581145824743,-0.8226845360797559,-0.8352229557747453,0.9443257973564722,-0.13302041596743164,-0.825360425006373,direct,,0.01484653914422851,0.023142407957010516,17764.8445,17280.2104
2023-01-17,-0.8313525324063235,-0.8144797528629133,-0.8243769115495406,0.5670342738646439,-0.2866669457867551,-0.8272060130734056,direct,,-0.0024918683915933215,0.025921996541910162,17994.627,17378.7926
2023-01-18,-0.828962609633067,-0.8306647306184001,-0.826224356981797,1.5069525079328348,0.10336774579398912,-0.8432028573703276,direct,,-0.021652507650410713,0.03201273543115578,18196.9885,17463.726199999997
2023-01-19,-0.8442351181417396,-0.8214548151872437,-0.8422373002028591,0.5298418497517415,-0.31554000781247227,-0.8290879536326676,direct,,0.01952804051750423,0.029214836828745414,18421.129,17542.1248
2023-01-20,-0.7910829189360574,-0.8138444267288658,-0.8281081914907492,1.5245661020265615,0.1454855157564861,-0.773373564772731,direct,,0.07560472586456513,0.03388787707900334,18728.3735,17656.075999999997
2023-01-21,-0.7703492544273606,-0.7575527516272281,-0.772337732714576,1.999569535691354,0.44197036596338796,-0.7693985595647207,direct,,0.005014949594729146,0.030940004784438434,19037.176,17769.9846
2023-01-22,-0.7791253868583393,-0.7619195955144155,-0.7683587271358604,0.8008294487900299,-0.11853072337160249,-0.7720176867212122,direct,,-0.0032878570876947455,0.030912612808942676,19339.4215,17886.518200000002
2023-01-23,-0.7762896343542608,-0.7532844989664449,-0.7709804901328103,1.1047549789146467,0.02452995664607801,-0.7649401361186976,direct,,0.00891393744835467,0.03091916489189724,19651.787000000004,18002.6324
2023-01-24,-0.7761164665128681,-0.7568700874675065,-0.7638958168160821,1.3536524958686238,0.14219224766146454,-0.7747158106396639,direct,,-0.012203354035153158,0.031863525887865195,19941.336000000003,18116.0516
2023-01-25,-0.7540342961697077,-0.7615113495336018,-0.7736813293925805,1.7069112174801646,0.2994279852239463,-0.7597385838411385,direct,,0.018927634310754504,0.028612468851463086,20253.3565,18235.646800000002
2023-01-26,-0.7723845790363338,-0.7431527377721606,-0.7586890297938462,0.8611220144827607,-0.07770054182495816,-0.7617355241113956,direct,,-0.002476775622250238,0.029368187804374276,20556.506,18359.072799999998
2023-01-27,-0.7648963609088343,-0.7529883693622277,-0.7606879797473461,0.8987707420319871,-0.06212177716411521,-0.7593376577970312,direct,,0.002981422607962525,0.00993310252267071,20863.257,18476.1074
2023-01-28,-0.7753607937258761,-0.7422522475093369,-0.7582877002652859,-0.6810833331535023,-0.7931720100388785,-0.7609710731449939,direct,,-0.0020248941079611393,0.009998442056811045,21159.0175,18594.190799999997
2023-01-29,-0.7489604439898958,-0.739214783516081,-0.7599227594518264,0.6369306724060825,-0.16321386925050602,-0.7359353913811407,direct,,0.03109892657815405,0.014610618780616817,21487.428999999996,18726.5522
2023-01-30,-0.7541864635372934,-0.7535952214958699,-0.7348618822472953,1.189837803155672,0.07944849049583405,-0.767880843014142,direct,,-0.03848528209149171,0.02226312532390747,21756.974,18841.3224
2023-01-31,-0.7722771667768616,-0.7483132944206511,-0.7668394831838041,0.3573510590872187,-0.3132580708264617,-0.7575217809015322,direct,,0.012979266283425828,0.022054957770812036,22016.559,18959.7432
2023-02-01,-0.7540735429568225,-0.7459314442867315,-0.7564699959053292,0.37240309163902185,-0.29795550850230723,-0.7365205266887568,direct,,0.025976125933323768,0.023027571058378136,22260.635,19078.8472
2023-02-02,-0.7392947177176472,-0.7234828982920467,-0.7354476064241129,0.6425421140478471,-0.14758412287661965,-0.7455988625366681,direct,,-0.01094455578723097,0.023656284369311647,22437.572500000002,19192.2358
2023-02-03,-0.7571709407083335,-0.7303273361395168,-0.7445350785389917,0.0480980016408946,-0.44275151893222753,-0.7467729781270398,direct,,-0.0014311399696644855,0.023718151855892076,22561.707,19313.7958
2023-02-04,-0.7615662365951336,-0.7289726855702257,-0.7457103757372775,-0.8892667626194011,-0.8855865867059813,-0.7504470266445739,direct,,-0.004484748824625462,0.02381357799410994,22684.364999999998,19447.269
2023-02-05,-0.7668191092073992,-0.7457659391593747,-0.7493881217483468,-0.43366378901062524,-0.6777664664635256,-0.7641250013890916,direct,,-0.016771315055224223,0.020778432599056307,22771.9585,19570.4738
2023-02-06,-0.7765189182158264,-0.750801566131086,-0.7630798617501688,0.01842737202961797,-0.4731374484394691,-0.7703940585826958,direct,,-0.007817952215246393,0.014869843576542453,22853.2245,19690.8478
2023-02-07,-0.7697932582765669,-0.7473455343318695,-0.7693552280053804,-0.089974774239062,-0.5196414684997721,-0.7532196032634569,direct,,0.021586507707772373,0.016430358055969967,22981.94,19827.0476
2023-02-08,-0.7675727163740166,-0.7496287932393848,-0.75216348863635,-0.25209372095117955,-0.594868290308027,-0.7634140305314506,direct,,-0.0125425863058094,0.012633396776610921,23075.8825,19948.2478
2023-02-09,-0.7815886391548895,-0.7833452130445331,-0.7623681753847883,1.1643674871344285,0.027658781449598494,-0.8037366343641685,direct,,-0.05024055871814681,0.021515562001453117,23032.45,20047.976199999997
2023-02-10,-0.8181043318646269,-0.7920924259691001,-0.802731359129906,0.4503493582811009,-0.3169289458045339,-0.8097728957902265,direct,,-0.00791881710691933,0.021210276900069124,22974.697,20144.353199999998
2023-02-11,-0.8195781520018082,-0.7879587129602329,-0.808773695336276,-0.7911777072777864,-0.8598252317257086,-0.8018267303493454,direct,,0.010507578972084763,0.022702304109022072,22932.057,20245.9776
2023-02-12,-0.8132360089120744,-0.7862449340608274,-0.8008195330234953,-0.4256381961120714,-0.6971825211918681,-0.804345189065817,direct,,-0.003295644214966531,0.022506780785096523,22875.690499999997,20345.0372
2023-02-13,-0.819640809153167,-0.79522776933875,-0.8033405262695951,0.6732692426716765,-0.22324411415300782,-0.8044280308029167,direct,,-0.00010876478994625849,0.022654102175754462,22833.189,20444.210600000002
2023-02-14,-0.8054345050277808,-0.7887983400471898,-0.8034234513770656,0.40320199042554233,-0.3293068949911839,-0.7897196027209723,direct,,0.019313128420210157,0.022204514684046196,22790.303,20550.060400000002
2023-02-15,-0.7355304688552463,-0.7720001035079698,-0.7887002210089004,1.0857591055600735,0.03478458878797962,-0.7154888622180586,direct,,0.09562303904440439,0.0440490565898483,22856.456,20702.693799999997
2023-02-16,-0.7047286263713425,-0.7199403767165985,-0.7143947760806605,1.7524166669569072,0.4299569769457319,-0.7434170139165132,direct,,-0.03283672136645199,0.0404869066023075,22879.229499999998,20842.5488
2023-02-17,-0.7123335520499995,-0.7254070288694479,-0.7423510341472978,1.556886950439557,0.30935285860718825,-0.7068876528306586,direct,,0.04440786258744023,0.041105761847070765,22956.5925,21001.4896
2023-02-18,-0.7177578711533458,-0.6867706577192356,-0.7057849105974161,-0.6070291905793128,-0.733483908365116,-0.7047907432067705,direct,,0.002440772910065281,0.04149758942202499,23001.143000000004,21162.2656
2023-02-19,-0.7067233271129514,-0.693937919546303,-0.7036858906830021,0.13862832195596927,-0.3632875799915269,-0.717050621211146,direct,,-0.014235577416758627,0.042621207098405146,23073.8525,21317.39
2023-02-20,-0.70935630455027,-0.7074609341888815,-0.7159581067987137,0.5209377759892702,-0.17356081518071878,-0.6978061710939967,direct,,0.02266842284909165,0.04201848892755601,23159.272,21481.8744
2023-02-21,-0.7053094099666298,-0.6969465536141485,-0.6966942894278231,1.0325285127874144,0.07955602318899518,-0.7113541157701554,direct,,-0.015604662033191774,0.04408369417873193,23195.271,21637.4828
2023-02-22,-0.7309423817334961,-0.7172641766034873,-0.7102558685014636,1.1131330899652412,0.08521388033617992,-0.720567375291149,direct,,-0.010780147645242488,0.026236978699919485,23231.076999999997,21787.818
2023-02-23,-0.726697876134032,-0.7161419450625057,-0.7194784000740794,0.9898794454228649,0.030183504986006242,-0.7291598460986861,direct,,-0.010163344485366488,0.022757421460868277,23256.2715,21929.703600000004
2023-02-24,-0.7428699623157844,-0.7445582856171767,-0.728079518183118,1.02248455997044,0.01658229548774209,-0.7554217253888936,direct,,-0.03138201669931617,0.016858448538238768,23249.1555,22056.981799999998
2023-02-25,-0.7740997324872649,-0.7453313547281859,-0.754355230717345,-0.5228311798636187,-0.7198647552129809,-0.7561592615293176,direct,,-0.0009098835780243508,0.01655238362513712,23260.55,22181.432200000003
2023-02-26,-0.7585042986600509,-0.7361118293218926,-0.7551061053191672,-0.44030006635787333,-0.6753509556111191,-0.7425756634473185,direct,,0.016773074685307865,0.01879891416342679,23300.3425,22313.723400000003
2023-02-27,-0.7511747890313227,-0.7332555311562167,-0.7415088369587673,0.19322043693261787,-0.37442131077082114,-0.7448277702495707,direct,,-0.0027350344627926626,0.014767355258197268,23312.346500000003,22441.2644
2023-02-28,-0.761118341243937,-0.7371642995618806,-0.7437632102390755,-0.16626786443758926,-0.5465887220831475,-0.7572585748760634,direct,,-0.015137790801119988,0.014727383343980615,23321.1515,22560.428399999997
2023-03-01,-0.7478725505926773,-0.7372507893381123,-0.7562065249942518,0.20175088367166888,-0.36574589604011487,-0.7395867195910314,direct,,0.021850930297187654,0.018335255378815713,23412.913999999997,22684.4356
2023-03-02,-0.7542487764185897,-0.7310516435248317,-0.7385168850854296,-0.17103987662748862,-0.5472445365609064,-0.7457236494571094,direct,,-0.007425939398040815,0.01818811494139404,23504.532499999998,22795.0202
2023-03-03,-0.7651824493306977,-0.7693310218949599,-0.7446599910426499,0.6928920495062261,-0.18290161789322695,-0.7843939626093608,direct,,-0.047142760351349566,0.02273602126980529,23529.469,22865.258599999997
2023-03-04,-0.8019002285670704,-0.7678258150485247,-0.7833692212729427,-0.9762402381069999,-0.935522089335765,-0.7846627613259418,direct,,-0.0003439035603185481,0.022753828680431885,23557.623499999998,22913.682199999996
2023-03-05,-0.794042608662604,-0.7654816929651426,-0.7836382905035119,-0.658352596822818,-0.7911849115443235,-0.7818363550551036,direct,,0.0036173743123477653,0.021154353600737422,23589.9395,22943.2736
2023-03-06,-0.7955432818646531,-0.7630393355803615,-0.7808090397904012,-0.43973399679037495,-0.6928141043975069,-0.7826507906983207,direct,,-0.0010385979551654767,0.021217766255553508,23600.051,22973.9106
2023-03-07,-0.7974188651646678,-0.7758626016629748,-0.7816242950663779,-0.024449671145831662,-0.5107364796351407,-0.7899684774754662,direct,,-0.00934148238415522,0.02093650914781031,23493.5125,22994.161
2023-03-08,-0.8069875072793165,-0.7873725044768849,-0.7889493462262804,0.05782496957265048,-0.48084643704083674,-0.8073302879469644,direct,,-0.0223724226896993,0.017656488315460413,23402.0885,23005.5334
2023-03-09,-0.8221350457553339,-0.841261329869304,-0.8063286292982822,1.2539785161009183,-0.0017865019614909097,-0.8539684382181568,direct,,-0.061473208156375136,0.025426848192099453,23191.6985,22999.3736
2023-03-10,-0.8721116979053379,-0.859573315455081,-0.853013715329386,2.3135703301254913,0.36522691939928165,-0.8596929071147086,direct,,-0.00803957491428775,0.02253053361659686,22970.120499999997,22981.862199999996
2023-03-11,-0.8557027539206469,-0.8490429182551198,-0.8587439452240946,1.0500457097018405,-0.12089669471735526,-0.8454703440731384,direct,,0.020136380439962798,0.025724296221714016,22786.424,22940.6102
2023-03-12,-0.8083267178220949,-0.8294720259264151,-0.8445070688617696,0.8573269912232176,-0.1662916520251344,-0.7905882175593391,direct,,0.07616864594248463,0.042100116482558195,22653.704999999998,22928.486
2023-03-13,-0.7266662032882903,-0.7778038166406193,-0.7895697100049529,1.931911029330685,0.43241996526643633,-0.7198619971246202,direct,,0.09121062256944401,0.05461106305910671,22641.534999999996,22958.3282
2023-03-14,-0.6603456741953909,-0.7003908398881976,-0.7187723120281905,2.499805458759846,0.8457235287738806,-0.7006210424394159,direct,,0.022739609453424903,0.05383010442111312,22670.067,22995.13
2023-03-15,-0.7033773663763797,-0.7048687323769663,-0.6995119936069821,1.2146502260189156,0.16898324982139745,-0.7140941848719486,direct,,-0.01556898175749144,0.053058527231741405,22691.6175,23029.8162
2023-03-16,-0.7054856762385842,-0.6951010824628674,-0.7129986951574213,0.5565480901922655,-0.1516198911609169,-0.6904049434933623,direct,,0.02780719437094281,0.039903642931980496,22784.62,23069.487200000003
2023-03-17,-0.6169514656386834,-0.6692805029701621,-0.6892856133705134,1.9996391949669075,0.6841974101853128,-0.6068088921798416,direct,,0.09547290340892522,0.04229082196377098,22998.2565,23158.1324
2023-03-18,-0.6180865240344522,-0.6084415300037673,-0.6056054325584777,0.3255762268139112,-0.1781293377157077,-0.6231657659671128,direct,,-0.017052695178564115,0.04795373267390355,23169.065,23236.046599999998
2023-03-19,-0.5942802492187381,-0.5996701141788556,-0.6219787675968173,0.301668319089287,-0.17640774018278196,-0.5858754493468017,direct,,0.0395510994881636,0.045287924078373606,23396.4365,23336.231999999996
2023-03-20,-0.5908988286657382,-0.58805378978843,-0.5846509227010979,0.9233671507781116,0.1776992385780673,-0.5940281948156406,direct,,-0.008318030947611521,0.03996616084476675,23629.927499999998,23417.427799999998
2023-03-21,-0.5924397814650894,-0.5813349934677491,-0.5928118729401028,0.21486934360509347,-0.2157744444498493,-0.5807085018454994,direct,,0.013703719020895733,0.0400337230698654,23857.193,23524.523200000003
2023-03-22,-0.5783897759480379,-0.6076773590178851,-0.5794787752807168,1.4663172268979068,0.48829857998288984,-0.6111862216047373,direct,,-0.030932545672625822,0.042606944942079374,24049.6405,23608.252800000002
2023-03-23,-0.58166584986194,-0.5894027455576402,-0.6099871672456264,0.8304796731589731,0.1285581423447796,-0.5752000506431572,direct,,0.03768901801057112,0.04317777804040216,24348.8795,23700.5564
2023-03-24,-0.5949505430302522,-0.5942209023512546,-0.5739647804763746,0.44477169083354395,-0.09222113041880697,-0.6050052492961506,direct,,-0.030081811350575305,0.029975813532522384,24605.8685,23781.0006
2023-03-25,-0.6156890273198227,-0.589515929709252,-0.603799974522409,-0.6021182116528305,-0.6853804021026688,-0.6050115410736517,direct,,-6.547118703847943e-06,0.028973520155275777,24858.805500000002,23862.113
2023-03-26,-0.6019832918651821,-0.5801949656765141,-0.6038062726318371,-0.46418510613850295,-0.6030043409629762,-0.5874529377836424,direct,,0.01827130928318388,0.025406715236140246,25138.023999999998,23955.3742
2023-03-27,-0.6079160978507092,-0.6121346078563598,-0.5862299986927215,0.2232080514291125,-0.23420968676434348,-0.617134398145778,direct,,-0.030332028822125046,0.02785876101847889,25385.2525,24039.4786
2023-03-28,-0.6257434344925332,-0.609040551787298,-0.6159413299200024,-0.09545322999113469,-0.4170521305457594,-0.6129374330092512,direct,,0.004423117798895815,0.027137369581554556,25663.3195,24129.5714
2023-03-29,-0.587332879359286,-0.5871038259499017,-0.6117401410364605,0.3511985267090884,-0.1346967222729804,-0.5748505074486434,direct,,0.03996247352021265,0.02877525650541997,26062.5805,24231.6298
2023-03-30,-0.5691581742244894,-0.5700026972313683,-0.5736148855081442,0.6722229462802906,0.05628236652551602,-0.5858607685326322,direct,,-0.011108524917388785,0.02545422709962159,26454.2805,24333.221400000002
2023-03-31,-0.5870364628355502,-0.5765001081988965,-0.5846362271124322,0.20218537460756747,-0.2181577773555711,-0.5706937397794858,direct,,0.01547428720599453,0.022513117938660877,26847.3315,24466.562800000003
2023-04-01,-0.5813587609662695,-0.5511909929384748,-0.5694539345459488,-0.8408007939316584,-0.8064146137444925,-0.5709080097577227,direct,,-0.00021527943129695526,0.022521362867632556,27161.5705,24603.2354
2023-04-02,-0.5909831748310288,-0.5646599069802828,-0.569668420161474,-0.8170065222979613,-0.7962131543224268,-0.5807175899685568,direct,,-0.009857916594803728,0.022311140210555302,27360.608,24729.7486
2023-04-03,-0.5923144671623719,-0.5857662597808538,-0.5794878725498909,0.27701843453566694,-0.1827044655290924,-0.5939586357199323,direct,,-0.013438768831251724,0.01900104252917121,27513.182,24850.126600000003
2023-04-04,-0.5942757737079267,-0.5722557025134529,-0.5927422438414249,-0.25277588931126616,-0.47818100743387737,-0.5810888048411305,direct,,0.013239939242778664,0.01935322623192437,27703.438000000002,24977.915800000002
2023-04-05,-0.5831048987228177,-0.5661633342016927,-0.5798594610061514,-0.06128641077598636,-0.3642042858222283,-0.580989884117083,direct,,0.00010043570641982136,0.011627331056935876,27859.9495,25097.3458
2023-04-06,-0.602893886180259,-0.5699610540057752,-0.5797604407301422,-0.4747610025142451,-0.6059512759212985,-0.5857635955245573,direct,,-0.0048463346068106095,0.010924301825492415,27890.0535,25171.5714
2023-04-07,-0.6056614732119803,-0.5681650564301989,-0.5845389563112642,-0.879997505382061,-0.8345033173506484,-0.5898074607418871,direct,,-0.004125378118058909,0.00857598258637641,27937.770499999995,25259.463000000003
2023-04-08,-0.603666428200309,-0.5648659875582176,-0.5885868911987212,-1.0669475211271409,-0.9389905091400879,-0.5888941043746225,direct,,0.000935626866419792,0.008643105047387101,27933.452500000003,25326.976000000002
2023-04-09,-0.5909064026071112,-0.5667911859106339,-0.5876726156467353,-0.8183121059927946,-0.797677135398439,-0.575375521326803,direct,,0.013835263950364052,0.009866268378756557,27960.134000000002,25401.0242
2023-04-10,-0.5483053922741984,-0.5541804070560464,-0.5741404277504262,0.07961213935266298,-0.265961952812049,-0.5294081444458826,direct,,0.04640220347571056,0.018016620318549333,28033.516000000003,25508.3886
2023-04-11,-0.5213955228458499,-0.5031898789799014,-0.5281267901633565,0.2660590603298606,-0.11808394787835506,-0.5094597143349825,direct,,0.019244160070138294,0.018371385900660044,28179.029499999997,25616.155799999997
2023-04-12,-0.523422240703263,-0.49968188212994474,-0.50815828432645,-0.11144355187576424,-0.3483035342023639,-0.5206762059037344,direct,,-0.010616198726611903,0.019750106369752878,28257.0225,25725.256999999998
2023-04-13,-0.5198311596822548,-0.49359592046827583,-0.5193860639619939,-0.2692299027372028,-0.4384221113529263,-0.5031221466752537,direct,,0.016792863935669367,0.018955802816585578,28402.76,25849.6738
2023-04-14,-0.5054960985535271,-0.4888307965004168,-0.5018143386574655,0.3225956541751005,-0.06786685802887356,-0.5001877315573107,direct,,0.0027608084252177534,0.01815446913466813,28552.704000000005,25980.685999999998
2023-04-15,-0.5194428230518553,-0.4809388713630296,-0.4988769703991716,-0.9144401471832371,-0.8302490528466713,-0.5061355585551567,direct,,-0.005580533200663429,0.01900906252073252,28669.0235,26123.3214
2023-04-16,-0.5212602247113225,-0.4838581682546026,-0.5048307831785793,-0.7847475932410132,-0.7516398088570341,-0.5061068960132066,direct,,2.7043472381915734e-05,0.019477465684901177,28827.8415,26266.3952
2023-04-17,-0.5292163058536385,-0.5155205448554997,-0.5048020917911845,-0.16260969702749078,-0.38881792334078746,-0.5367279284821951,direct,,-0.02889055176096056,0.016496808993669825,28936.854500000005,26384.176199999998
2023-04-18,-0.5239166125128851,-0.5201703491217166,-0.5354539406930685,-0.109747102245884,-0.34802760757910733,-0.5035496380021439,direct,,0.03223456633320132,0.019582023139448578,29038.845999999998,26522.2296
2023-04-19,-0.5261722699618012,-0.5386599412850228,-0.5022422602036112,0.5254800532956541,0.009294837121033682,-0.5585544541772176,direct,,-0.051771428233032935,0.02800433977349588,29077.906,26635.923200000005
2023-04-20,-0.5717797907497485,-0.5603250963435517,-0.5573024321942767,0.06011880026257574,-0.28766025167761416,-0.5786112426784169,direct,,-0.01990846546949865,0.026665742733639825,29066.5805,26728.0294
2023-04-21,-0.5969039313643716,-0.5899967843910998,-0.5773794054713346,0.1329729034988303,-0.2684531910610545,-0.6131090587177576,direct,,-0.03493826666633637,0.027417338036068446,29006.214500000002,26803.908199999998
2023-04-22,-0.6134781249790199,-0.5908132763527273,-0.6119119394658616,-0.7791255971635587,-0.7833103429204437,-0.5935500197255458,direct,,0.020525898191456893,0.030590881581978393,28987.858500000002,26913.104400000004
2023-04-23,-0.6155850577609746,-0.583631421600452,-0.5923332166235636,-0.7493606812601195,-0.7659458454917323,-0.6013755927643198,direct,,-0.008047236718806472,0.03021981538588663,28977.249,27017.9768
2023-04-24,-0.6098636335937678,-0.5962254719798012,-0.600166665172305,-0.1882963789803761,-0.457681007827072,-0.6040293246970682,direct,,-0.002751038614914325,0.0295319516850241,28944.434,27119.7136
2023-04-25,-0.5958990070521942,-0.5890162110021355,-0.6028230677711098,-0.2777487395969953,-0.5028820938892481,-0.5765153816841124,direct,,0.028601504382300913,0.028701905205012705,28950.834499999997,27237.6592
2023-04-26,-0.540053238878209,-0.5868731865466172,-0.5752814352418254,1.3919577093177578,0.48865948339218596,-0.5721523835301917,direct,,0.0044093433427288,0.022087750300687242,28970.3045,27362.288200000003
2023-04-27,-0.5443972385257099,-0.5464137675204435,-0.5709140462483742,0.8353808012788114,0.18612810823954887,-0.5354136460708234,direct,,0.0369659925529906,0.024603545460995257,29048.111500000006,27517.8722
2023-04-28,-0.5543621354821935,-0.5278255841307332,-0.5341383356125223,-0.15560436624562152,-0.39392783091430095,-0.5404453203558488,direct,,-0.004882318984504641,0.017896386897007403,29117.414500000003,27697.262400000003
2023-04-29,-0.559298968177166,-0.5221944946255419,-0.5391750736801982,-0.9941648362390543,-0.8876669126077867,-0.5435489143799366,direct,,-0.003026245066886535,0.017952614737886667,29162.940499999997,27878.1522
2023-04-30,-0.5420355458975711,-0.52094021490768,-0.5422817911031157,-0.5747899631356523,-0.6374396307860695,-0.5440519070368418,direct,,-0.0004919456295809921,0.01708036588319954,29141.9935,28050.616400000003
2023-05-01,-0.5633289935277479,-0.5719471155340583,-0.5427852899623992,0.1531227284888257,-0.240943657508885,-0.5842507725787018,direct,,-0.03933534472468103,0.02487908625820581,29035.009499999996,28168.677600000003
2023-05-02,-0.5786324863420376,-0.5641665949232576,-0.5830246108887632,-0.2437923054665979,-0.4666110279386295,-0.563000993154627,direct,,0.021644710303107217,0.02381020296499722,28974.4665,28258.4296
2023-05-03,-0.5654751730968175,-0.555168454870117,-0.5617534460851351,0.023504407410953648,-0.3088790449975653,-0.5508735920209723,direct,,0.01209108302230022,0.024105086654346644,28906.161000000004,28344.111399999998
2023-05-04,-0.5620885884928815,-0.5355665970659712,-0.5496138401623828,-0.422705470248388,-0.5573588685232705,-0.5570231054420528,direct,,-0.006057851396184422,0.019036883606030824,28824.8615,28433.9836
2023-05-05,-0.5509146150772107,-0.5302369760400732,-0.5557695423384594,-0.1464490969137317,-0.3877399853834599,-0.5331566456638481,direct,,0.02365400897673764,0.021437109241118187,28786.209500000004,28523.957199999997
2023-05-06,-0.5456789559680656,-0.5445626015690813,-0.5318790638026589,-0.5298864683077534,-0.6178212384327078,-0.5542875804017882,direct,,-0.020458899619642423,0.02296925970716396,28717.29,28554.008599999997
2023-05-07,-0.5677490768590415,-0.5411005190447785,-0.5530312643170887,-0.80862172677143,-0.782586386764613,-0.5672615751525552,direct,,-0.012823737440393446,0.023368261111405365,28673.613499999996,28585.995600000002
2023-05-08,-0.5824167028680584,-0.5820603686280791,-0.5660183158528949,0.035768309868024206,-0.3190463276990572,-0.5948541653842767,direct,,-0.0276273142193576,0.02059156519037168,28543.008,28580.858200000002
2023-05-09,-0.6107205217791085,-0.5780135013204485,-0.5936386747500312,-0.5862348413831913,-0.6736460092263585,-0.5984618006948531,direct,,-0.0037148054487172733,0.017926290562306,28485.923,28578.3214
2023-05-10,-0.5981033682618112,-0.6018426804097946,-0.5972499407171367,0.08291778861072092,-0.3006320841387018,-0.60026124906021,direct,,-0.0018598124797463145,0.016423114560069396,28454.954000000005,28567.1338
2023-05-11,-0.6217822631544333,-0.6057147885399364,-0.5990512000135866,-0.35478486206808735,-0.555098138031061,-0.6225309955258759,direct,,-0.023059691849752095,0.017486116467387482,28441.4765,28560.6426
2023-05-12,-0.640704378594724,-0.6376957180203701,-0.6213433583345109,0.10335821239670996,-0.3280445517137121,-0.6289811160942381,direct,,-0.006836566312062753,0.010124165133546645,28390.7945,28529.8704
2023-05-13,-0.6424061055132211,-0.6066537187033075,-0.6277999701832656,-0.9529497648702313,-0.8850488753269056,-0.6296176342514477,direct,,-0.0006792979021594814,0.010690145041504938,28350.396,28515.7878
2023-05-14,-0.6373780412517098,-0.6099826852757148,-0.6284371289204131,-0.9749117864681721,-0.8964008628160991,-0.6246345464704597,direct,,0.005321611056527953,0.012245002630671947,28320.921499999997,28504.56
2023-05-15,-0.6208998989844742,-0.6047374184760179,-0.6234490262533212,-0.4091546302662032,-0.5821832917959476,-0.6160766804391793,direct,,0.009090861832861563,0.010325272538575873,28264.3315,28488.182200000003
2023-05-16,-0.6334044761913631,-0.6008165486201816,-0.6148825477461373,-0.5486374787543221,-0.663329779958813,-0.6209597988665365,direct,,-0.0051405141323662695,0.010353320682260272,28194.5155,28485.9934
2023-05-17,-0.6271015798887443,-0.6116388043242992,-0.6197705804523154,-0.3656256747796444,-0.565044646963798,-0.60803928422453,direct,,0.013671852605563473,0.012212948874147294,28090.628999999997,28488.795999999995
2023-05-18,-0.6274933592197679,-0.6182504672184543,-0.6068370628466485,-0.41800874636640944,-0.5926538835119324,-0.6284141570327367,direct,,-0.021268902194064743,0.011683322980289495,27964.794999999995,28458.1482
2023-05-19,-0.6377550169700498,-0.6079539127468234,-0.627232440544796,-0.8136889113461219,-0.8095030342408069,-0.6261382812932579,direct,,0.0024273663466587436,0.011411643766860198,27846.656,28435.102400000003
2023-05-20,-0.6382404377580491,-0.6018565614849923,-0.6249542744066482,-1.1333148681884204,-0.981689810645792,-0.6180945933011072,direct,,0.008558331058500457,0.011782136070771164,27740.7425,28407.980799999998
2023-05-21,-0.6342617086467662,-0.6071658947856013,-0.6169024913977311,-0.9715649749109241,-0.8941870159320989,-0.6307959443601536,direct,,-0.013399320169891205,0.012921471386944279,27674.1625,28373.7144
2023-05-22,-0.6410090575999575,-0.6122481479329767,-0.6296166248583177,-0.7706162592958872,-0.787069175454202,-0.6272924729215421,direct,,0.003746191857499026,0.012381717207395811,27582.1975,28347.0654
2023-05-23,-0.6273673563769254,-0.6030026400013134,-0.6261096275917447,-0.6457168264149422,-0.7133015000495969,-0.6143838427481492,direct,,0.013751424294555337,0.013497484553366825,27491.35,28335.3786
2023-05-24,-0.6361269638449085,-0.6284858025892135,-0.6131880064149977,-0.27275191792690223,-0.5261423042337984,-0.6457913474047937,direct,,-0.03300422043218121,0.0172436512229089,27364.372499999998,28298.3574
2023-05-25,-0.6574851342468188,-0.6359527532705488,-0.6446271189954,-0.5841608947701378,-0.6950740351567164,-0.6404069840365039,direct,,0.005851211930941735,0.016147863933050798,27210.9575,28264.3604
2023-05-26,-0.6459462345649924,-0.6196980142140686,-0.6392373369047796,-0.676623732260022,-0.7387526158940628,-0.6320357740710938,direct,,0.009044112565572693,0.016618197388029256,27099.7435,28237.8846
2023-05-27,-0.6472727071154616,-0.6109287339391871,-0.6308577023106308,-1.1314766373057732,-0.9820045191506341,-0.626691608170173,direct,,0.005721995381684719,0.016385539516814995,27014.732500000002,28216.7804
2023-05-28,-0.6008867917164035,-0.6036593216356649,-0.6255081581413569,-0.6967003798292346,-0.7379510999065512,-0.5845723523176545,direct,,0.04484048616080538,0.02271347321800179,27029.440000000002,28219.2532
2023-05-29,-0.5939542254696349,-0.5767133072769326,-0.5833465142595352,-0.6312941900447766,-0.6952349010819955,-0.5961597092157855,direct,,-0.011806577278589248,0.023833388915208968,27032.733,28207.361
2023-05-30,-0.6076630593548372,-0.5759185267406144,-0.5949455324563715,-0.5619585838529915,-0.6580042189300586,-0.5976456173356635,direct,,-0.0015321088716346853,0.023587663512764926,27036.4745,28168.3172
2023-05-31,-0.615094472922039,-0.6013817575282308,-0.5964329359663187,-0.3953149505606397,-0.5778771260486105,-0.614542185815264,direct,,-0.01744866002780876,0.02014084296653767,27047.902000000002,28108.191600000002
2023-06-01,-0.6319251477331834,-0.6094025275174527,-0.6133465088356062,-0.5491557015466932,-0.6661284182419777,-0.6283295675796645,direct,,-0.014490725076294453,0.021416723867969327,27048.833999999995,28046.595
2023-06-02,-0.6334034433811758,-0.613281754147696,-0.6271477659624843,-0.5559569799052257,-0.6676570019265144,-0.6134596505418548,direct,,0.015858282328197637,0.021936331958953077,27071.946999999996,27983.462600000003
2023-06-03,-0.6325131609997813,-0.5980794853312038,-0.6122628841189967,-1.1080767497523534,-0.9670286273995425,-0.6195011551158306,direct,,-0.006342486956508964,0.022161481292299643,27079.289999999997,27915.1944
2023-06-04,-0.6283715921489781,-0.5974452269721715,-0.6183104687498902,-1.0709765010444756,-0.9465167993951853,-0.617860399360783,direct,,0.0017334913934774487,0.011441693711886143,27076.7385,27851.2682
2023-06-05,-0.6392525917415373,-0.6526990247590289,-0.6166680617690168,-0.08335468035987151,-0.4343428293132519,-0.6662644418506589,direct,,-0.05105134553648194,0.021018798756987006,27011.933,27759.63
2023-06-06,-0.6308255491538429,-0.6538080870748227,-0.6651208171796203,-0.04406825620610543,-0.40983367299380913,-0.6128346673100642,direct,,0.05938355414005825,0.03396072169443234,27005.0735,27716.0836
2023-06-07,-0.6293403681046024,-0.6270507129687768,-0.6116372719158008,-0.3162755961956162,-0.545084250065723,-0.6449964861804695,direct,,-0.03374195332285501,0.035727193473559384,26981.353499999997,27635.1512
2023-06-08,-0.6502268885210095,-0.6237452374467042,-0.6438314578376442,-0.8595845231288657,-0.8384637484033995,-0.6393975032907481,direct,,0.006079188854491546,0.03557506155431017,26962.387,27588.8948
2023-06-09,-0.6515495741007923,-0.6214292334387225,-0.6382268402365303,-0.8093513900921209,-0.8113761804842932,-0.6402811484864788,direct,,-0.0009536351493015793,0.03479401168933607,26930.6505,27553.608799999998
2023-06-10,-0.6599611245356779,-0.6522619488528045,-0.6391113747162166,-0.2894370734944465,-0.5502607334811058,-0.6622195280037457,direct,,-0.023698629464567245,0.03563392801748901,26885.701,27525.509000000005
2023-06-11,-0.6709564217889574,-0.6440084039102676,-0.6610718326072587,-0.9293609529179631,-0.8812762196451196,-0.6593742464004037,direct,,0.003148183529044113,0.035689303250522185,26839.810000000005,27487.846
2023-06-12,-0.6749051994048106,-0.6449501814736792,-0.6582236875658635,-0.7925719482324142,-0.8104737350384901,-0.6604906873636807,direct,,-0.0012314178886388971,0.02962068738218755,26773.857,27454.021800000002
2023-06-13,-0.6636916349319625,-0.6418137703290143,-0.6593412520943913,-0.5819571285980993,-0.6985397525988856,-0.6596762517204636,direct,,0.0008994180417853936,0.015276492981572251,26753.9955,27422.182
2023-06-14,-0.6757782682830846,-0.6731750343756233,-0.6585259968184146,-0.45130517645166895,-0.6387412219398589,-0.687751910647003,direct,,-0.03097735580397809,0.014487414792176294,26686.271500000003,27358.5352
2023-06-15,-0.6872486582224913,-0.6756924919364738,-0.6866299105616451,-0.23867797774582475,-0.5396442185221464,-0.6720703543115324,direct,,0.01785540161420185,0.016726237858910864,26629.0045,27301.3646
2023-06-16,-0.6618308552446316,-0.6600406898385799,-0.6709325726019265,-0.4200939510441987,-0.6165766936692346,-0.6456368493128186,direct,,0.0295698504283195,0.021306650433230368,26601.904500000004,27238.297599999998
2023-06-17,-0.651450424322818,-0.6256793339242472,-0.6444724654194423,-0.9524836106272634,-0.8879698679720028,-0.6393506645026832,direct,,0.0068300786271784375,0.018772329865889358,26523.547500000004,27181.706400000003
2023-06-18,-0.6546872514496053,-0.6224820596037155,-0.6381799543107874,-1.0628312912081035,-0.9466358977195146,-0.6453778378056839,direct,,-0.006504232485101125,0.019172244048877875,26453.144,27123.442400000004
2023-06-19,-0.6426532914180321,-0.622318334101384,-0.6442131932479835,-0.7610564032625536,-0.7846467881566371,-0.62775771491344,direct,,0.019139266459108573,0.020063523878162282,26410.0705,27075.548
2023-06-20,-0.5954604069926827,-0.6086881860322799,-0.6265753377944594,0.22504487505366752,-0.22757960391744098,-0.5761210969607009,direct,,0.055035207765118166,0.02724969298781099,26465.029499999997,27080.1996
2023-06-21,-0.5137406780081435,-0.5507329174569515,-0.5748867537176616,0.64709248308826,0.08675930131363159,-0.5173558950990482,direct,,0.05936576934145732,0.024174384190374355,26623.770500000002,27106.316600000002
2023-06-22,-0.5234143224918276,-0.503219064830317,-0.5160624116587739,-0.1832527659787248,-0.3912404537205561,-0.5211218734767394,direct,,-0.0035912674934291955,0.02660094869886101,26755.854,27123.3398
2023-06-23,-0.4918650697024297,-0.4958628068255581,-0.5198321800464877,0.059994257921435604,-0.22876216930976628,-0.4927186925769407,direct,,0.027183125306720957,0.02651539430435333,26937.2085,27160.133200000004
2023-06-24,-0.512689621507603,-0.4795343912930286,-0.4914004147180253,-0.9338033148998165,-0.8401238943818863,-0.4982131620515024,direct,,-0.005119296644660709,0.028033117694782495,27108.3565,27180.127
2023-06-25,-0.5044171561779313,-0.4787997620825669,-0.49690041372363825,-0.9216044981295001,-0.8322555061455428,-0.500819356109797,direct,,-0.00244073300554537,0.027408915738104455,27345.015499999998,27210.7202
2023-06-26,-0.5179497237911791,-0.49185224386844456,-0.49950923060676383,-0.6300033825599093,-0.6582352569784224,-0.507870690972723,direct,,-0.0066198196211545435,0.029413782996129807,27495.160000000003,27244.702200000003
2023-06-27,-0.5057436287284005,-0.48111149499048783,-0.5065676618008749,-0.607810218820361,-0.6393728229348073,-0.49301230886033215,direct,,0.014042060775154352,0.024390588468484912,27712.564000000002,27302.973599999998
2023-06-28,-0.5160259426824271,-0.4942988723532864,-0.4916943264913387,-0.7209706565125434,-0.7140618944167773,-0.514617224170033,direct,,-0.020135198923412312,0.015431774797823082,27891.0545,27350.947399999997
2023-06-29,-0.5119108826264295,-0.4878594771615844,-0.5133209845826889,-0.6382555440112718,-0.6599088669887575,-0.501744596945675,direct,,0.0122434663501656,0.015890291653554194,28089.222499999996,27407.3162
2023-06-30,-0.4968229028712091,-0.508409519179233,-0.5004354025876696,0.27125641627806063,-0.10512542323601726,-0.5009095382539814,direct,,0.0007846377840701191,0.011701936345271243,28319.966500000002,27476.905
2023-07-01,-0.5181325311943193,-0.4779576435205745,-0.4995995035085672,-1.1373188692746223,-0.9657210462526534,-0.4967255062156519,direct,,0.003928317557708727,0.01167526185854569,28552.625500000002,27552.5784
2023-07-02,-0.5134683603887764,-0.4829381021165002,-0.49541126073884995,-1.088101776580286,-0.9354536976474398,-0.49578523502240984,direct,,0.0008793504966859711,0.011614658458564792,28788.2265,27629.154000000002
2023-07-03,-0.492832124307742,-0.4689018436166128,-0.4944700432743102,-0.7025563325644806,-0.6932308993289273,-0.47681972037448245,direct,,0.017721145247546755,0.012644837082783121,29049.7915,27713.73
2023-07-04,-0.4947899881526728,-0.4666602279346905,-0.4754854420880674,-0.9257105254273706,-0.8315011609983731,-0.4903068445347958,direct,,-0.012382767270085249,0.013154225511708395,29332.2245,27785.692399999996
2023-07-05,-0.5104243244969393,-0.48223621800650474,-0.48898613943723584,-0.8341606466246574,-0.7800348260625433,-0.499790650488343,direct,,-0.00881642170649033,0.01066438833602586,29578.660000000003,27855.0224
2023-07-06,-0.4882553980980513,-0.4940486570747232,-0.4984794897152619,-0.30911018980578414,-0.45627535291216503,-0.5205916164506621,direct,,-0.019509183829693244,0.012242711207007054,29757.529500000004,27905.057800000002
2023-07-07,-0.5251139837899502,-0.4991761126977422,-0.5193013893796823,-0.7113900434223531,-0.7088491227028593,-0.505151944005795,direct,,0.014768968014556627,0.013894693701970934,29949.4925,27975.5854
2023-07-08,-0.5274140520769175,-0.4873928594799394,-0.5038461787379791,-1.1690103215059802,-0.9865070126390956,-0.5070859665010395,direct,,-0.0018230828716866432,0.01375946362953936,30147.3105,28043.7042
2023-07-09,-0.5254403518091157,-0.4867343982205624,-0.5057821475971976,-1.1416141727858642,-0.9696171864513293,-0.5113808037320301,direct,,-0.004055870465657585,0.013755092333315408,30313.7805,28104.7632
2023-07-10,-0.5046326692370005,-0.49067270840164706,-0.5100813070718441,-0.6119852017647384,-0.6454329732095567,-0.5026579533129393,direct,,0.0082710532360184,0.011823466281949926,30418.864999999998,28178.0806
2023-07-11,-0.5128775929616793,-0.4782128417492088,-0.5013496781396555,-0.7712889286638529,-0.7411546768425301,-0.4954720443201256,direct,,0.006757822875220532,0.011601278719287799,30450.1685,28253.505
2023-07-12,-0.5069678530703338,-0.48176888847484967,-0.4941565373827758,-0.5240565498472092,-0.5880787437555853,-0.5039100170356876,direct,,-0.007882032036182873,0.01149628108332154,30474.788999999997,28316.7154
2023-07-13,-0.477106900666999,-0.4801707852020914,-0.5026030019158566,0.09695237356202335,-0.1932527559234177,-0.4657902344147955,direct,,0.0358911339131327,0.014815858143055359,30513.308499999996,28419.707599999998
2023-07-14,-0.4842732262861444,-0.4919088359442505,-0.4644448562605268,-0.22727004002320023,-0.4000630576623839,-0.5058020943475906,direct,,-0.036367327513408654,0.02162808783531277,30502.452999999998,28496.7252
2023-07-15,-0.5267444468055282,-0.48017719185218266,-0.5044969833788876,-1.2195224434594598,-1.0168375747639886,-0.5069430033344834,direct,,-0.001076123541883911,0.021618783664178937,30493.6935,28568.3002
2023-07-16,-0.5251077869288268,-0.486405523515879,-0.5056390405551915,-1.1320578348977604,-0.9636716654147148,-0.5087005065164987,direct,,-0.001659490832039312,0.02155868271977512,30492.506499999996,28635.811799999996
2023-07-17,-0.5289161023592162,-0.5009546699480701,-0.5073983124554537,-0.7398251004288726,-0.727344048002214,-0.5122130660781673,direct,,-0.003322184449505494,0.021311660232576645,30465.040999999997,28677.214000000004
2023-07-18,-0.5322179965277992,-0.5058304865925057,-0.5109144069912005,-0.7328144924291583,-0.7258968636950689,-0.5221362478272183,direct,,-0.00941664499556849,0.02119497657652998,30454.285500000005,28719.5684
2023-07-19,-0.5339500192117885,-0.49775454822749793,-0.5208475752442921,-0.868825987018889,-0.8067636722948891,-0.5202204015780886,direct,,0.00183533302370531,0.02117106279276504,30427.857,28763.8692
2023-07-20,-0.5262356156532848,-0.5044167524723729,-0.5189298009234217,-0.7148705444983392,-0.7142640487113144,-0.5240300728550938,direct,,-0.0036428843595621707,0.013112748773055825,30394.784499999998,28815.658000000003
2023-07-21,-0.5385556641067215,-0.49875007046667497,-0.5227433061821642,-0.9264753702003611,-0.8424921201686024,-0.5204699754189713,direct,,0.0034166834118258826,0.004172748993105458,30360.819499999994,28877.372600000002
2023-07-22,-0.5406123334595644,-0.5023680481431979,-0.5191796259307381,-1.1777785948625759,-0.9934041639030946,-0.5246592506052187,direct,,-0.00400682547759279,0.004213679787158935,30319.517000000003,28928.181999999997
2023-07-23,-0.5287143601026434,-0.4986970376409197,-0.5233731171249789,-1.1064007053648068,-0.9496737760801656,-0.5143802338841527,direct,,0.009870899894299123,0.006292207318385677,30265.789,28988.329600000005
2023-07-24,-0.5372563888911829,-0.5299344397857649,-0.5130837557942288,-0.4978970291754191,-0.5959740517188862,-0.546001309432645,direct,,-0.03006879020185016,0.01283361407047302,30186.1215,29029.4456
2023-07-25,-0.5623946445783647,-0.5230455113126611,-0.5447366542002199,-0.9656404183436941,-0.8717417019001069,-0.5444077420088568,direct,,0.0015623158050570574,0.01281389417636274,30122.2995,29099.168999999998
2023-07-26,-0.5515367110799873,-0.5214680516901968,-0.5431414830400576,-0.8093696844473166,-0.7784261382357368,-0.5400234217200708,direct,,0.004291634033756209,0.013000796233667707,30094.5035,29140.8298
2023-07-27,-0.5555298995338912,-0.522064937923697,-0.5387527504535442,-0.9450226800381158,-0.8584997667175412,-0.5447426043892011,direct,,-0.004599677160649129,0.013017945863877275,30037.8715,29198.1926
2023-07-28,-0.5568567163544229,-0.5206697119038278,-0.5434766824196223,-0.9809119831578459,-0.8799206275351898,-0.5412552119375373,direct,,0.0034147869138054787,0.013017795167955691,29988.9945,29254.347199999997
2023-07-29,-0.5610526798750871,-0.5157970985844381,-0.5399857803215881,-1.2172701268832482,-1.0189787620865747,-0.5397892277797467,direct,,0.001430578077704192,0.013095137303158304,29948.358,29311.8462
2023-07-30,-0.559563023315035,-0.5234391643682671,-0.53851832082483,-1.1232568427905263,-0.9638740889880505,-0.5424254825527693,direct,,-0.002568909586099677,0.01201280516200839,29891.472999999998,29380.3894
2023-07-31,-0.556975833796017,-0.5211117707601232,-0.5411572286752233,-0.8807919025749831,-0.820890107049085,-0.5442385631027121,direct,,-0.0017713143377769969,0.0032918570759731987,29821.715500000002,29446.267200000002
2023-08-01,-0.5502112713397053,-0.5405000735612278,-0.5429721338754341,-0.3964812157043669,-0.540894355257757,-0.5278705039332164,direct,,0.01601937911435858,0.006856530968556855,29787.441500000004,29522.1492
2023-08-02,-0.5396222127600705,-0.5280295291586374,-0.5265876021981112,-0.3898474010587799,-0.5297094186068354,-0.5466077668751265,direct,,-0.018048979553356492,0.01017865012595463,29671.837,29586.8442
2023-08-03,-0.5613811135146272,-0.5269208227678486,-0.5453437219700996,-0.8500492941121417,-0.8040064013289838,-0.5461163091436401,direct,,0.0004821063452533636,0.010049109053721054,29614.170000000002,29667.8846
2023-08-04,-0.5644134442243423,-0.532298849594436,-0.5448517696447677,-0.9389422696371995,-0.8567064484079209,-0.5495851758059946,direct,,-0.003401221821422218,0.009976207801602887,29553.173,29737.967599999996
2023-08-05,-0.5712158763875194,-0.5266229135386061,-0.5483241273094858,-1.247321067993882,-1.03755064313989,-0.5505698389849398,direct,,-0.0009687566522492697,0.009914894268822111,29493.2815,29792.362600000004
2023-08-06,-0.5693802284147444,-0.52630578435909,-0.5493097814349907,-1.2393644307418348,-1.0328568335138704,-0.5507159480402466,direct,,-0.0001438881610336118,0.009912275675963388,29438.2055,29843.077199999996
2023-08-07,-0.566605755981775,-0.5366461176063445,-0.5494560375317109,-0.8162198650245454,-0.7864547396639114,-0.5459621605948595,direct,,0.004682202397838564,0.010139012063118206,29404.124,29899.960399999996
2023-08-08,-0.5333805965285608,-0.5210028577085721,-0.5446974659637781,-0.45830874816092343,-0.5660961184822669,-0.5253967867456427,direct,,0.020161290322580516,0.011297756700995507,29396.7195,29958.5288
2023-08-09,-0.5364618135871384,-0.5122987117096183,-0.524111395507945,-0.76188422283516,-0.745715544334656,-0.5325288660865013,direct,,-0.006853762330574664,0.008758828895748945,29384.5625,29983.4712
2023-08-10,-0.5506908395366437,-0.5136102953532962,-0.5312506524397171,-0.94521582621124,-0.8571747471981314,-0.5373654952689882,direct,,-0.004679963485664795,0.00911730693570822,29360.394500000002,29972.022199999996
2023-08-11,-0.5566174486610473,-0.5171702572539929,-0.5360921491151207,-1.0216155162102345,-0.9032178500391701,-0.538223274268325,direct,,-0.0008338968536873992,0.008948791477682549,29340.992000000006,29962.237200000003
2023-08-12,-0.5588304166222247,-0.5123111690847956,-0.536950791367158,-1.269803423271332,-1.0497354004226545,-0.5377506918693423,direct,,0.00045980826811442554,0.008895959524205962,29307.561999999998,29936.471
2023-08-13,-0.5596515007210746,-0.515833402934955,-0.5364777333701104,-1.2545754834580314,-1.0408585117078588,-0.5424880507845873,direct,,-0.004607187389095158,0.00921502973031525,29312.5875,29911.138
2023-08-14,-0.5521691351846361,-0.5220524805485196,-0.5412198598745366,-0.9589028184138236,-0.8660988047309556,-0.5380254328202302,direct,,0.004360083397224601,0.00919546651803286,29321.716999999997,29889.8496
2023-08-15,-0.5591836377062582,-0.5229643604115055,-0.5367527508151395,-1.033423115230981,-0.9109967417959491,-0.546344211306463,direct,,-0.008092360151000344,0.004414768906025938,29312.6755,29867.836
2023-08-16,-0.5671927364381856,-0.5357975923942608,-0.5450799011640539,-0.8120575474029957,-0.7836291989636603,-0.562717863167071,direct,,-0.016057944762699394,0.006614083471319836,29286.963,29827.952199999996
2023-08-17,-0.583586876810193,-0.6556784729764585,-0.5614700311608686,0.3875156362887799,-0.13636295732377826,-0.6351827114513012,direct,,-0.0722274481932077,0.02657435426652424,29152.605499999998,29758.967600000004
2023-08-18,-0.6499927848785702,-0.6449451985236083,-0.6340078067096088,-0.2017874104936519,-0.4944684176486403,-0.6554555176467101,direct,,-0.021779466287039972,0.02603737240267773,28987.152000000002,29671.017999999996
2023-08-19,-0.6691644961141088,-0.6389738447135715,-0.654301015077033,-1.0342755618201969,-0.9349443136102538,-0.6538437739768072,direct,,0.0017700786458496598,0.026186825964673102,28827.775,29583.512800000004
2023-08-20,-0.6683010667975822,-0.6323372670690615,-0.6526876493785229,-1.1339080274741893,-0.9864835659807317,-0.6505157732218416,direct,,0.0036484798320035594,0.02699370361308467,28675.751999999997,29495.5178
2023-08-21,-0.6697859035767604,-0.638171945677152,-0.6493562993860016,-0.8118552540522738,-0.818368061027247,-0.6527818617518742,direct,,-0.0024752768220850374,0.02627020888864487,28497.074,29405.688199999997
2023-08-22,-0.6735935304670251,-0.654192842005302,-0.651624668465039,-0.6933764362159812,-0.7586535277677113,-0.6556890125006453,direct,,-0.00318339688389202,0.02659430697610418,28341.04,29303.3436
2023-08-23,-0.6505198623441213,-0.6387926788859916,-0.6545347449158109,-0.49270882040481695,-0.646805168632163,-0.6421830130078281,direct,,0.014836610668275352,0.028991725253131866,28203.622500000005,29216.443799999997
2023-08-24,-0.6588491322340907,-0.6367696011571814,-0.641015153238358,-0.789957262697518,-0.8048225741030912,-0.6513822908010412,direct,,-0.009957849970109067,0.01143359089423793,28058.008,29129.706799999996
2023-08-25,-0.6683079521988303,-0.640319597157736,-0.6502236890122446,-0.7310716032822427,-0.7764800470654547,-0.6553995907355877,direct,,-0.004392304276276793,0.007866310596751762,27908.055500000006,29052.572999999997
2023-08-26,-0.6745716017143345,-0.6324892470462257,-0.654245031882116,-1.2670986732185492,-1.0566611658859115,-0.6568306205739272,direct,,-0.0015715152685338296,0.00784484490780919,27756.265000000003,28965.786200000002
2023-08-27,-0.6725197521423654,-0.6329458988277289,-0.6556775018820512,-1.2472165790805525,-1.0461255309587234,-0.6540003693279492,direct,,0.0031129915591294743,0.0078007941249284155,27601.722999999998,28881.7254
2023-08-28,-0.6702909477583172,-0.636679908055904,-0.65284440232429,-0.9835171697006213,-0.9082269510346758,-0.6534872399184031,direct,,0.0005626392225459576,0.007758187915454444,27418.497499999998,28800.4156
2023-08-29,-0.6041721609219906,-0.6348985034055354,-0.6523307565109279,0.009900795250319665,-0.35237855555311165,-0.5969168197751022,direct,,0.061993794529993096,0.024489475392503256,27326.394500000002,28746.482999999997
2023-08-30,-0.6175184784314742,-0.5948711773355149,-0.5957034049575585,-0.723237045669675,-0.754606514318199,-0.6115626796252287,direct,,-0.015113035768840488,0.025920378730549795,27220.260000000002,28680.0588
2023-08-31,-0.6244978654067306,-0.6430388641964606,-0.6103640041264105,-0.41299081582493674,-0.5982795365920638,-0.6593843831530446,direct,,-0.050104356609184775,0.03319013474864413,27046.9465,28591.1002
2023-09-01,-0.6736093668898959,-0.6558429103288003,-0.6582338345199421,-0.5200437533979322,-0.6701079337030245,-0.6642255563970602,direct,,-0.005339802269242466,0.033209213211230576,26866.032,28477.560400000002
2023-09-02,-0.6790085542786861,-0.6413845247729015,-0.6630798798299327,-1.145894348272617,-0.9942488777549838,-0.6617867935289377,direct,,0.0027043903997048258,0.03323460655235018,26695.3825,28388.3098
2023-09-03,-0.67434679336358,-0.6386737999342986,-0.6606386626365894,-1.1750214244458668,-1.0089201051598138,-0.6581931399461418,direct,,0.0039743224980439695,0.0332509906926273,26523.49,28301.7682
2023-09-04,-0.6752542892480953,-0.6447081524702326,-0.6570413924682131,-1.0820593621478531,-0.9608984760356768,-0.6636156035226336,direct,,-0.0059731157809540525,0.0333180651818154,26355.740500000004,28213.1296
2023-09-05,-0.6825097808134051,-0.6471540691050643,-0.6624693131103706,-1.0097298143653834,-0.9243467171238313,-0.6647072269191001,direct,,-0.001209703659402095,0.018736005528901787,26209.851,28125.876199999995
2023-09-06,-0.6776545401232241,-0.653835137375208,-0.6635620350961541,-0.8586149223034923,-0.8466500216967896,-0.6658712057568309,direct,,-0.0012914480157268926,0.018853926950300148,26165.953,28043.6346
2023-09-07,-0.6636506667945357,-0.6459709743882162,-0.6647271853403612,-0.7260216576191776,-0.7746589030395746,-0.6479382417054972,direct,,0.019922560482391383,0.008793759763221692,26176.706,27970.557599999996
2023-09-08,-0.6630585222871889,-0.6441877901128221,-0.6467761738902709,-0.7399573826895186,-0.7813346386907503,-0.6604386054276981,direct,,-0.013615968170266224,0.010338554373872821,26167.2725,27892.507999999998
2023-09-09,-0.6805126701813594,-0.6388848634623043,-0.6592891177441249,-1.2487494349572401,-1.0475345925523643,-0.6607434070933141,direct,,-0.00033658687782089913,0.010301392649265616,26152.642499999998,27812.246999999996
2023-09-10,-0.6776132277157347,-0.646390254044187,-0.6595942261564218,-1.096068264638977,-0.9685855884888309,-0.6630063497345963,direct,,-0.0024997673602357162,0.01019719960636736,26138.017,27733.088200000002
2023-09-11,-0.6821390019561885,-0.6704949190874564,-0.6618594461807452,-0.531492853419747,-0.6842887034415411,-0.6866564422753969,direct,,-0.026190626418933105,0.014064554215480612,26093.719999999998,27634.515999999996
2023-09-12,-0.6595597056429068,-0.6627859394026745,-0.6855333397312112,-0.12234346942718441,-0.4593811327693595,-0.6627732044238555,direct,,0.027160158158322956,0.018314566535630145,26064.267,27567.702
2023-09-13,-0.6634379078959657,-0.6399967731781387,-0.6616260662369355,-0.7259206868510781,-0.7721421544957979,-0.6492406396482554,direct,,0.014982388002634739,0.01907385463839304,26067.3305,27507.7192
2023-09-14,-0.6492143902674591,-0.6269079870417442,-0.6480798825418972,-0.5312448241810358,-0.6631635202622451,-0.6385386756618278,direct,,0.011673629462827018,0.01806604073551591,26091.449,27451.351199999997
2023-09-15,-0.648049724646323,-0.6237573388968766,-0.6373671482995883,-0.782785171831749,-0.7976598620283015,-0.6360279068956354,direct,,0.002707127475063853,0.016783188632914243,26121.206000000002,27399.12
2023-09-16,-0.6517640543496743,-0.6153902538777226,-0.6348538527427896,-1.144313293806279,-0.9897132962788379,-0.6372988459508875,direct,,-0.0013666352320517161,0.01683125816574244,26145.096500000003,27344.1662
2023-09-17,-0.6569194985342776,-0.6170488644013427,-0.6361260708472752,-1.1923204963560368,-1.015577771851473,-0.6385575509943315,direct,,-0.0013553322972940096,0.016765512778368102,26166.452500000003,27287.6534
2023-09-18,-0.6292481037278762,-0.6177101730607601,-0.6373860426278728,-0.35364357575549266,-0.558797755858632,-0.6303537722190937,direct,,0.008845548506922762,0.010222808852227832,26118.623,27237.342999999997
2023-09-19,-0.6269019032525459,-0.6076805623429307,-0.6291740077235063,-0.5236801083076049,-0.6482348731517902,-0.6145823832826329,direct,,0.0168560607475694,0.0075581513747731395,26114.3035,27197.093999999997
2023-09-20,-0.6305040009155511,-0.6027876612982519,-0.6133867467569525,-0.6385208121616097,-0.7113987235287519,-0.6178198523502193,direct,,-0.003402767623522096,0.0077084865776483715,26173.759,27145.6272
2023-09-21,-0.6383265052736519,-0.6184668696215362,-0.616627473952702,-0.6558117923377508,-0.7269308214073157,-0.6373568701211767,direct,,-0.02060465081986551,0.011612717478829604,26212.193,27093.702800000003
2023-09-22,-0.6529221788396246,-0.6147182674681532,-0.6361841534120014,-0.8525915058553011,-0.8335073325946539,-0.6368084368489847,direct,,0.0005905718534733317,0.011565228495793684,26247.923,27041.811
2023-09-23,-0.6562684838462586,-0.6131657225960435,-0.6356351682068481,-1.2080483646065123,-1.0237239080234317,-0.6367297896302191,direct,,8.464005031760813e-05,0.011550951868180465,26278.625,26991.949
2023-09-24,-0.6530987893816413,-0.6265378250364728,-0.6355564418389963,-1.046317117498735,-0.9379183401992379,-0.6480539405028812,direct,,-0.01218600728745578,0.012473900457180897,26300.885000000002,26936.171000000002
2023-09-25,-0.6632165422458355,-0.63186317496231,-0.6468919891247552,-0.6960533929214475,-0.755520065028975,-0.6467784573861005,direct,,0.0013894896852573169,0.011750332910016602,26326.531,26881.206400000003
2023-09-26,-0.6647175597179471,-0.6285324287648776,-0.6456152223856826,-0.9388821093537673,-0.883236126432787,-0.6497614590080809,direct,,-0.003245122334723738,0.00814353721614651,26349.575,26821.815
2023-09-27,-0.6498079118550555,-0.6283178059868212,-0.6486012260445604,-0.5418235350729618,-0.670909800972019,-0.6446018519138633,direct,,0.0056312634501207715,0.009154634136935649,26354.347499999996,26753.6088
2023-09-28,-0.6333672950246227,-0.6200692439943553,-0.6434364264185121,-0.30806389341439816,-0.537089872493579,-0.6212873208397959,direct,,0.025303298154035314,0.011468746718127818,26410.351000000002,26702.823399999997
2023-09-29,-0.6358498264446678,-0.6077652724941369,-0.6200984320375472,-0.6285947172098387,-0.7085559599949837,-0.6254049396711678,direct,,-0.0043585721051384585,0.011755737608315898,26460.9005,26652.449399999998
2023-09-30,-0.6406196881593709,-0.6001886969112405,-0.6242201947633008,-1.137351588025261,-0.9839063909196063,-0.623486996162871,direct,,0.00203906441615187,0.011731315685760305,26517.4305,26603.6636
2023-10-01,-0.6073941844360943,-0.5976377823999136,-0.6223003210726209,-0.7995966288130482,-0.7942019640161995,-0.5874756580912858,direct,,0.03820759842562027,0.01614747630179098,26659.3025,26575.212199999998
2023-10-02,-0.5893323998817686,-0.585036257595458,-0.5862527418656566,0.10950159759724233,-0.2750390205232976,-0.6045085484167465,direct,,-0.017406627227981364,0.018990914451652033,26742.646500000003,26539.7256
2023-10-03,-0.6208702917591068,-0.5901167311178079,-0.6033027737725536,-0.5969479454229012,-0.6836091564309227,-0.6072545597528466,direct,,-0.002855977448829816,0.01895784651864956,26802.704999999998,26500.114400000006
2023-10-04,-0.6151041124837865,-0.5882338878409947,-0.6060515486429713,-0.7573760715375066,-0.7708369936054233,-0.5946311568261768,direct,,0.013166519983112579,0.01910363753662582,26865.512,26472.485799999995
2023-10-05,-0.6050572792524491,-0.5832495140700134,-0.5934154417603001,-0.5087631725326318,-0.6302573152614179,-0.6077463670275275,direct,,-0.013501716457117285,0.018781095959673845,26905.966999999997,26446.7216
2023-10-06,-0.5998357352158629,-0.5897052818119485,-0.6065438508632714,-0.5034595685984875,-0.6263017545755665,-0.5891499699930066,direct,,0.01940645473815228,0.019534103454234078,26974.840999999997,26473.060400000002
2023-10-07,-0.6082700074748677,-0.5654141120660232,-0.58792873876348,-1.1341747028826192,-0.977204104938924,-0.5882034070222634,direct,,0.0009689905144130151,0.01957057893268044,27046.8695,26511.5404
2023-10-08,-0.6058494446660565,-0.5707444449419314,-0.5869812231895122,-1.0920994450050745,-0.9536608691846286,-0.5896057743186526,direct,,-0.0014342047831372717,0.013203630929054874,27105.157,26548.2958
2023-10-09,-0.6094835594448661,-0.5861011852106234,-0.5883850018020523,-0.6227493189102827,-0.6953746396170374,-0.6013084804709731,direct,,-0.011985578642472072,0.012145274722477433,27124.144500000002,26576.450999999997
2023-10-10,-0.6185750432530133,-0.5855455862777112,-0.6000994853384046,-0.7383879381024394,-0.761032371569165,-0.6084171404177993,direct,,-0.007368806653339943,0.012470855169981861,27137.5945,26601.8354
2023-10-11,-0.6275270976858841,-0.6128432545414515,-0.6072152993073054,-0.3198848613870183,-0.5416282712148324,-0.626739845131016,direct,,-0.01913423421450322,0.012714429934229277,27152.7815,26618.3994
2023-10-12,-0.646038843211781,-0.6121944032572113,-0.6255564436469726,-0.8158075384035957,-0.8123520979028597,-0.6307588927815351,direct,,-0.004278929009895682,0.012116716670222323,27161.434999999998,26624.936
2023-10-13,-0.6400853810225091,-0.6077385781187568,-0.6295795359916853,-0.7416918282878822,-0.7711651829782261,-0.6270303155256568,direct,,0.00398673505198599,0.007971153078276816,27175.309500000003,26638.869600000005
2023-10-14,-0.6444965133321802,-0.6029318109253047,-0.625847206365572,-1.186449767410825,-1.0109394670968244,-0.6273232327226593,direct,,-0.0003119544055184553,0.00780807519971358,27204.9635,26654.9342
2023-10-15,-0.633669908409482,-0.6028236097237638,-0.6261404183489491,-1.0065504665210807,-0.9123519276825268,-0.6160368325150047,direct,,0.01202367422690842,0.010313947885518924,27248.9375,26678.2754
2023-10-16,-0.5403076544543306,-0.5914902457123679,-0.614842659719759,0.9545270112652247,0.21006942565389192,-0.5691644883034882,direct,,0.049340978408170644,0.021856220808655156,27364.2265,26726.816399999996
2023-10-17,-0.5878279397090328,-0.557226769174429,-0.567923144059941,-0.4767125176732963,-0.5993663243975991,-0.5729713632349375,direct,,-0.0038189419661782686,0.02156349377710103,27466.6895,26772.885599999994
2023-10-18,-0.5754355945424898,-0.5550001023427196,-0.5717338501589379,-0.548457349718549,-0.639576162559515,-0.5758162952950849,direct,,-0.0028648907793389355,0.019228616755713534,27531.733,26784.9588
2023-10-19,-0.577556986667066,-0.5557546633534651,-0.5745816453053647,-0.49389760167801594,-0.6061967838549083,-0.5616349783504674,direct,,0.014321836962419177,0.018567114068997984,27622.952,26813.5262
2023-10-20,-0.5322527678041028,-0.5393301480695671,-0.5603860565492909,0.08539034107832727,-0.24490584752876168,-0.5284077518231842,direct,,0.03308266437621499,0.02009095778112816,27758.957000000002,26888.467800000002
2023-10-21,-0.5280358038096316,-0.5078927160718734,-0.5271253907642813,-0.8426348030400295,-0.7917795618624097,-0.5200288519074949,direct,,0.008075293496206948,0.019291871626663175,27855.4355,26970.973599999998
2023-10-22,-0.5326135628295093,-0.5009749576733591,-0.5187380584808313,-0.9056771510444864,-0.8293930636362876,-0.5173247857547366,direct,,0.0025852089688302993,0.019914469879205525,27980.146500000003,27053.6312
2023-10-23,-0.37746722639384733,-0.4930136271599836,-0.5160312710066014,1.1842242506267695,0.5099472988601795,-0.40957320244114803,direct,,0.10274973467940218,0.03776684824856065,28262.9175,27195.8854
2023-10-24,-0.36217991427249097,-0.38767619820989585,-0.4081712485200382,1.24977644343827,0.6877075572998814,-0.38023114852088546,direct,,0.025372928610981393,0.03600911486002188,28569.603500000005,27358.031000000003
2023-10-25,-0.36377560601176545,-0.3577393460335716,-0.37879966530690923,0.12010704639291614,-0.07512953880048776,-0.35996183775742163,direct,,0.01709374498872762,0.03406275520599706,28924.044,27532.398800000003
2023-10-26,-0.37411610160633946,-0.3560572444596171,-0.3585099558891671,-0.10997191172607783,-0.2396428801947918,-0.37206791675621115,direct,,-0.01003785134218671,0.03693986350141671,29234.566499999997,27700.5058
2023-10-27,-0.3944187399968979,-0.3681597624069667,-0.37062821821885744,-0.30947466965160664,-0.3837745908454725,-0.3807841258546062,direct,,-0.007300394120571263,0.03868157572304697,29531.267,27853.3648
2023-10-28,-0.385893924711479,-0.35143342271877037,-0.37935319914664967,-1.0097065946068657,-0.8596114407220536,-0.37441020570264766,direct,,0.005377834533159209,0.03883089229073873,29839.090999999997,28017.0232
2023-10-29,-0.3767125864170427,-0.34888037265741284,-0.3729728644009689,-0.912939658242665,-0.7904298110984788,-0.3588439986213668,direct,,0.01306334252956498,0.03827235158819183,30185.921500000004,28189.762600000002
2023-10-30,-0.3732344259765051,-0.34381128873522515,-0.35739099178076655,-0.5502396420920398,-0.5386890787255338,-0.3602708339413719,direct,,-0.001181976280556385,0.013129685931518328,30540.879500000003,28362.9804
2023-10-31,-0.37791890871573025,-0.3449438421013536,-0.35881926304108286,-0.6194116545306324,-0.5876390111099427,-0.3545673376364908,direct,,0.004730311098329887,0.010017034697589317,30930.2055,28552.9936
2023-11-01,-0.3470134409430409,-0.34357353083183934,-0.3531100268444679,-0.18697812996271512,-0.28031144623794185,-0.32723201119593154,direct,,0.022564374527702658,0.011407140519760293,31364.382,28744.982000000004
2023-11-02,-0.3349832678821543,-0.3355193038921408,-0.3257471906439493,-0.2949503588842956,-0.34673923774421106,-0.3444508585008737,direct,,-0.013899924830190757,0.012254841664458017,31768.594499999996,28919.3752
2023-11-03,-0.37020175099672753,-0.3428122072459975,-0.34298336667394497,-0.4143308773430234,-0.44347968427870504,-0.35196149312139086,direct,,-0.0061484269818855575,0.012094890444864918,32162.482500000002,29083.3476
2023-11-04,-0.35891451273052355,-0.32543986367360184,-0.35050155985631076,-1.0114150059305278,-0.8553994314793808,-0.33959430535629975,direct,,0.010186777257352508,0.012353094538395466,32557.9165,29252.9596
2023-11-05,-0.3549288982179926,-0.32961699953308754,-0.33812192598535257,-0.8576681894221138,-0.7455419911791925,-0.3412238757291227,direct,,-0.0013287316996563048,0.011815665964822655,32883.9715,29422.366400000003
2023-11-06,-0.3585602588363027,-0.32002054954642645,-0.3397531363272423,-0.7764018491265342,-0.688467303367911,-0.3406953664190181,direct,,0.00043151337620095376,0.011755834142471168,33216.227999999996,29592.7958
2023-11-07,-0.33647636714283025,-0.32787830588332695,-0.3392240951352782,-0.37919129097179505,-0.406654233223061,-0.3278580430573058,direct,,0.010476802039333544,0.012143025256033549,33570.917,29765.8764
2023-11-08,-0.33029327682193044,-0.30714247101303255,-0.32637385253205,-0.4638427906076292,-0.4594382921051683,-0.3202911319824719,direct,,0.006111482037217231,0.008934876526398156,33916.144499999995,29934.2626
2023-11-09,-0.2655333239219396,-0.2915771586913703,-0.31879932625979907,0.8071198924611743,0.5014226896752392,-0.28303646876800137,direct,,0.02990628348746971,0.011783230873318468,34267.132999999994,30125.817400000004
2023-11-10,-0.28116559464583163,-0.2636551979687397,-0.2815071706508394,-0.24780545373039783,-0.2696446265530048,-0.26145672056830555,direct,,0.016820173419129336,0.010622969395508492,34637.004499999995,30340.8982
2023-11-11,-0.28526757243945766,-0.2508575584864911,-0.2599057049972017,-0.8678715142180046,-0.7312590934930351,-0.2677236805027427,direct,,-0.00480393210242569,0.012077925542761634,34994.0435,30552.0794
2023-11-12,-0.2915966332668199,-0.24924806561357066,-0.2661789718826038,-1.0648746299576564,-0.8780871860057747,-0.26990692729567556,direct,,-0.0016816442312818092,0.012125122829199642,35193.8275,30761.9664
2023-11-13,-0.2848465301531293,-0.2630953279357666,-0.2683644158541706,-0.5354760974490924,-0.4876935278120839,-0.29078339458800967,direct,,-0.01610717005719564,0.015126505293659031,35321.776999999995,30966.387799999997
2023-11-14,-0.3081608430496582,-0.31896950300645877,-0.28926189283172876,-0.20026299816551602,-0.25990179000744223,-0.32333635229307583,direct,,-0.025527300616103532,0.018922932063164796,35374.167499999996,31151.4534
2023-11-15,-0.2659877604043222,-0.29811051808441036,-0.3218476112230221,-0.020509348488291605,-0.1069684473910983,-0.2417886240994055,direct,,0.0656230828711597,0.031175139417310222,35560.524,31384.8854
2023-11-16,-0.2668887151576515,-0.293193058214382,-0.24021781492481592,-0.02361270439562762,-0.11247097615238578,-0.3019719227012006,direct,,-0.045448246352898236,0.03552970379246083,35673.26,31580.929799999998
2023-11-17,-0.3071858702329105,-0.2803327759312415,-0.3004616808698144,-0.39879052623330385,-0.396224168121813,-0.2857566139077074,direct,,0.012828234393605253,0.035215619774588855,35800.0735,31772.9122
2023-11-18,-0.3046788956384343,-0.26826157938433814,-0.28423005329360806,-1.088510936870529,-0.8989682556223625,-0.2869845591500341,direct,,-0.0009591463188219906,0.03519748058979853,35902.864,31966.548000000003
2023-11-19,-0.2814182888716414,-0.26118721398359357,-0.2854592343170012,-0.9822664690713753,-0.8182450347057473,-0.25911023710353476,direct,,0.02179349728718849,0.03629091494194011,36047.568,32175.0354
2023-11-20,-0.27312103609747607,-0.24853621560343334,-0.2575568600754714,-0.29803929039618854,-0.3005780004869166,-0.25603355790542454,direct,,0.0023541910056104065,0.03543827709151523,36188.5145,32364.678399999997
2023-11-21,-0.27672967489166717,-0.28459568971694865,-0.25447708456510765,0.11273406943451732,-0.0056763658258836185,-0.3160829814637208,direct,,-0.04584026431384236,0.0389528283752326,36204.4625,32529.708400000003
2023-11-22,-0.2697981414550861,-0.288066670366378,-0.31458694073727383,-0.11702508928307438,-0.17835020033189986,-0.2578672615038439,direct,,0.04657549263508298,0.03408647880690545,36328.315,32729.6192
2023-11-23,-0.27739170622168347,-0.24407683121492843,-0.25631263356844436,-0.8019675068835093,-0.6793205391519754,-0.2622372505216548,direct,,-0.0033406191715520395,0.028190642651003975,36456.66,32919.8068
2023-11-24,-0.25033173504612377,-0.2309058264023629,-0.2606870204612602,-0.16315184320742565,-0.18722726366567358,-0.2469318026634809,direct,,0.011739400169119119,0.028141750368633554,36589.208,33126.256
2023-11-25,-0.2683794045278908,-0.21831889452311515,-0.2453661694873574,-1.1017912314845308,-0.9015227932969379,-0.24466431596067031,direct,,0.0017190002928155756,0.028071415833946782,36727.3305,33323.362199999996
2023-11-26,-0.2710777932770674,-0.2345672269295042,-0.24309640082844722,-0.9441885278040955,-0.7842921355693636,-0.2566085564603998,direct,,-0.00903948794135323,0.027408355522685675,36847.6115,33513.092599999996
2023-11-27,-0.28007322573780197,-0.24995101749858123,-0.25505266178784675,-0.524721831110192,-0.475620888634118,-0.26408598447743803,direct,,-0.005710592652844126,0.0274914780051103,36938.8335,33699.346999999994
2023-11-28,-0.25107742400130567,-0.24451639859618818,-0.2625376149482305,-0.2140045216191641,-0.22742020100150925,-0.2434510515325131,direct,,0.01584963227210001,0.019190250990093125,37048.7485,33904.1042
2023-11-29,-0.24947450259072054,-0.21927668871175474,-0.2418819153937197,-0.42763720623172696,-0.386021574712294,-0.2425677558799767,direct,,0.0006678713194068209,0.00910795069233452,37106.63650000001,34113.434199999996
2023-11-30,-0.26005013463792126,-0.22224581510403763,-0.24099773080900144,-0.7991230864650974,-0.6718277210463147,-0.2471929114297827,direct,,-0.0034948061243624817,0.009122341767043742,37127.04,34330.6016
2023-12-01,-0.23138724205177646,-0.21795976619300073,-0.24562754102862552,-0.23382821454634356,-0.22540009825435517,-0.2132781334388912,direct,,0.02571616222603046,0.012570182255002673,37204.920999999995,34569.4738
2023-12-02,-0.20624967490471938,-0.181180967644242,-0.211678631841107,-0.7841790609718537,-0.6436121558579903,-0.1863804350778631,direct,,0.019884061536171727,0.013903929390506642,37324.400499999996,34821.6028
2023-12-03,-0.18935599867215358,-0.15877691227519045,-0.18475386414081266,-0.8268101857957304,-0.6708076076598173,-0.16849850433292832,direct,,0.012961449833858385,0.012256084927065267,37499.321500000005,35084.131
2023-12-04,-0.11374775183553297,-0.13416647779971866,-0.16685393735608395,0.31613880223457974,0.3005270229732981,-0.09846822439848624,direct,,0.05011089036698246,0.01772000431784525,37820.9815,35380.271
2023-12-05,-0.03663952033698779,-0.08475874822111379,-0.09675318026106812,0.4395894629098327,0.45775361075587745,-0.0249016159651488,direct,,0.05012932181254892,0.021548205641169493,38131.225,35691.6848
2023-12-06,-0.04877538430703471,-0.012945183648432433,-0.02311253577246607,-0.017878479485337672,0.09068293371657188,-0.03601883726665865,direct,,-0.007213807688347118,0.02302140613664438,38511.6545,35998.915799999995
2023-12-07,-0.05690497756080583,-0.03179497191686815,-0.034240945237032444,-0.3239437455388075,-0.18870357690031733,-0.053006286976832864,direct,,-0.011103010874092378,0.024510629985735808,38844.5895,36298.0548
2023-12-08,-0.03332282255572124,-0.02334353267151313,-0.05124549079805979,-0.35484678142413434,-0.20846468200352644,-0.02150685246003111,direct,,0.020819211819701255,0.024392196261485668,39224.339,36607.1028
2023-12-09,-0.04580261231811659,-0.005420929041281094,-0.01971435584101274,-0.8627417066582197,-0.653642783988635,-0.03769699414351927,direct,,-0.010482463068769432,0.02686085170027263,39541.057,36887.8754
2023-12-10,-0.05699827474771915,-0.005885767097900669,-0.03592079097950646,-0.9882944591083656,-0.7661996699485117,-0.03529668102679337,direct,,0.0015705692656038384,0.027347794562717343,39856.8075,37165.2272
2023-12-11,-0.06522357507884047,-0.12703338477313794,-0.03351806223266866,0.6719893414370222,0.6077006790597227,-0.12464306743325988,direct,,-0.05836932000994699,0.03319229915001045,40130.6505,37389.91
2023-12-12,-0.12472342569525499,-0.110397094111224,-0.12295436516706207,-0.2852712377276669,-0.1990625368637182,-0.11634631016828136,direct,,0.005756194044075569,0.02471014722392073,40333.0875,37557.6872
2023-12-13,-0.07717491029543512,-0.11282984152086818,-0.11464925820114627,-0.11909833226708184,-0.049358631918155454,-0.0668995803291709,direct,,0.03410922881281153,0.02951796709530351,40612.506,37736.967800000006
2023-12-14,-0.0787186172552855,-0.08245520158830943,-0.06515276610031161,-0.19077491229487356,-0.0895397744579532,-0.061899364931651775,direct,,0.0033354668196245996,0.029322758945950878,40877.1835,37907.5118
2023-12-15,-0.089929083297572,-0.07430914599730337,-0.060147518579776495,-0.5077246160607516,-0.3693715641340042,-0.10004990735366098,direct,,-0.02536427565499888,0.02892841360210812,41084.0455,38063.1538
2023-12-16,-0.10412746921152252,-0.0750658425580794,-0.09833645499231049,-0.917996992010713,-0.7191882963101779,-0.08942029880849771,direct,,0.0072509797525748265,0.029352482035191817,41323.198000000004,38229.865000000005
2023-12-17,-0.11469001899635146,-0.08975379974224737,-0.08769614900842536,-0.7433158041260255,-0.5758920125111606,-0.12066386770691541,direct,,-0.021159351811389615,0.029818654809239755,41528.3545,38375.0524
2023-12-18,-0.10187077895241893,-0.11521952200489909,-0.1189711608487278,-0.23670887186062364,-0.15889795760044992,-0.07519354124859352,direct,,0.03145993341623643,0.022957076200191353,41769.0365,38537.3502
2023-12-19,-0.07742657171105741,-0.06952409022916034,-0.07345507390648175,-0.30427696188888365,-0.1902610534108066,-0.08855273259971458,direct,,-0.008961021817681214,0.023548504141187105,41989.345499999996,38692.8206
2023-12-20,-0.04820906005436862,-0.05532339437693144,-0.08682770969727763,0.06656861591263642,0.1545587759820545,-0.03955271896319268,direct,,0.03316521592653365,0.023342137725377056,42286.362,38873.0642
2023-12-21,-0.0502044493361022,-0.015793295538991666,-0.037778383365841314,-0.3418226077828725,-0.1985017879133961,-0.03238358804371559,direct,,0.0046965977259856295,0.02335283238609349,42545.120500000005,39041.7692
2023-12-22,-0.0442616595187653,-0.01150938217798536,-0.030602037567436725,-0.5223935225970134,-0.35588598109355,-0.027733614927099137,direct,,0.0030320221009636494,0.01979768573819371,42772.05500000001,39222.987
2023-12-23,-0.05779698129251235,-0.014647572947675854,-0.025947384805068318,-1.006739390919929,-0.7833443817135913,-0.03735618952886836,direct,,-0.006255447868162345,0.02042524072758849,42959.646,39402.9964
2023-12-24,-0.05984263400335815,-0.039676575229108446,-0.03557964338548187,-0.8903647757456673,-0.6830281213019997,-0.062160823241147925,direct,,-0.016226512167654583,0.019427392397255015,43011.5815,39561.737
2023-12-25,-0.0652473297131469,-0.03509582041387475,-0.06040924001601266,-0.8739747925629158,-0.6702460265982687,-0.04221344175983148,direct,,0.013264263493675044,0.016412102861365213,42986.81800000001,39732.8234
2023-12-26,-0.07226011088445695,-0.07592896069537088,-0.040441783864010886,-0.3187217625739979,-0.20476226854697357,-0.0798407180196538,direct,,-0.024693195980436733,0.019202177595985456,42924.1335,39882.078
2023-12-27,-0.06915066368076166,-0.05794834128931275,-0.07810692750910425,-0.42811074857967774,-0.28886321745974647,-0.04656350681555532,direct,,0.022391345456392653,0.0164250594113997,42933.3495,40043.027799999996
2023-12-28,-0.06492371585448059,-0.0521773732571294,-0.04479622674363785,-0.3685925266520582,-0.23903098168649056,-0.07733728966054619,direct,,-0.0202533555834985,0.017752386700718152,42853.4875,40182.04000000001
2023-12-29,-0.08843804965727044,-0.08730895088243072,-0.07560097974663835,-0.18718394145866693,-0.09680337216481735,-0.0953509981898128,direct,,-0.012100559441019287,0.01765944642276873,42771.017,40289.429
2023-12-30,-0.1069866320798452,-0.07901269493928566,-0.09363281693439003,-0.6359880994105713,-0.48190850970964716,-0.09281890728875507,direct,,0.0017217451612758783,0.017915894118107515,42688.735,40385.9194
2023-12-31,-0.09778429331160159,-0.06333704586605192,-0.09109817778452924,-0.636070072194429,-0.47694850082286083,-0.08813118350713108,direct,,0.003182031617212866,0.017406625346800004,42740.963,40488.677800000005
2024-01-01,-0.05138426283998452,-0.05561525288108764,-0.08640573636559189,-0.7067724778080484,-0.5285478393115131,-0.02110732458870188,direct,,0.045351552762124214,0.024842294341300794,42877.196500000005,40631.0348
2024-01-02,0.007420162250360076,0.015375413079875161,-0.019314425892325435,0.6281444565088141,0.7137259838933286,0.00590292668095944,direct,,0.017483524561622055,0.022198534897830535,42981.335999999996,40800.7914
2024-01-03,-0.006531382028841895,-0.12582679900595517,0.0077230079877388625,1.4940595611086498,1.3757831992582308,-0.06806950140120849,direct,,-0.04705901712106231,0.029232489309394878,42972.509999999995,40946.8488
2024-01-04,-0.031205217401831686,-0.03888250654280011,-0.06632386455897865,0.35005548132387887,0.4103815119122358,-0.021220227040529935,direct,,0.03127590185111884,0.03024280640744298,43085.27099999999,41073.0526
2024-01-05,-0.04566042878234072,-0.044198602418505505,-0.01942744196706395,0.5129582707932286,0.5521752469138088,-0.02176166944883167,direct,,-0.000350497054150245,0.0294050440141226,43182.0525,41233.382
2024-01-06,-0.050092905835881135,-0.01085483609366413,-0.019969429272852703,-0.8175046916625219,-0.6154003558423287,-0.02842256456348572,direct,,-0.0043133722916079975,0.02968546539200821,43313.998,41380.622200000005
2024-01-07,-0.0415525983976538,-0.003926044019992758,-0.02663702778745032,-0.6871827415386604,-0.4972511235604675,-0.029733001999717974,direct,,-0.0008522715001911818,0.02979978707609025,43379.0265,41527.8152
2024-01-08,0.05482477276409217,-0.019222632962828067,-0.027948784023346118,0.9312073374230475,0.9990831138412237,0.07643375246994522,direct,,0.06910675654890786,0.03578783936477441,43615.029500000004,41719.8052
2024-01-09,0.0764184238886913,0.04056707308862412,0.07832481467726056,0.9390981853592942,1.0580055906535706,0.04619337253978215,direct,,-0.018411880104213574,0.036976310976538494,43737.684,41892.732
2024-01-10,0.06893640262231501,0.020517105703096866,0.04805400139577941,1.429693335054164,1.4782591776898995,0.06522530039466724,direct,,0.011804956312468917,0.029265771489025354,43877.3075,42110.907199999994
2024-01-11,0.11535123670661601,0.06514262691359932,0.06710508262598604,1.335486201159272,1.450620620242991,0.05423810916151629,direct,,-0.0067355254665562025,0.02874666047793756,43994.563,42289.4862
2024-01-12,0.027841918082512445,-0.08169565762749305,0.05610683408960115,1.6691080433553436,1.6036229073180186,-0.07078405384980244,direct,,-0.07716260922936202,0.04315101208468827,43946.746499999994,42399.030999999995
2024-01-13,-0.08468963721774034,-0.04668011155384418,-0.06904114888225574,-0.5827532848636361,-0.4250171866039503,-0.06858997121783945,direct,,0.001467397224919731,0.04319472872465176,43937.55,42501.0738
2024-01-14,-0.0909890908197352,-0.0728701412018108,-0.06684485816667364,-0.6282823059134196,-0.4684599651894066,-0.10825613293126057,direct,,-0.026489763228483176,0.04406350479130268,43843.08,42579.1232
2024-01-15,-0.08185250763341219,-0.07339833390933256,-0.10655093916145475,-0.5287012051797845,-0.3827569420013234,-0.08075162758455656,direct,,0.01886779785053805,0.032153066966108895,43841.777,42679.7442
2024-01-16,-0.0737170617885799,-0.06058040670179532,-0.07901875379631249,-0.11116280388641465,-0.01564025541742992,-0.05839414577706788,direct,,0.015052977953583735,0.033800217104087045,43824.85400000001,42797.435999999994
2024-01-17,-0.08676489715395323,-0.05613775078852842,-0.0566387718383625,-0.23493115307593174,-0.13036591598823902,-0.0720826068174211,direct,,-0.00907957361407885,0.03255358892752975,43832.3705,42895.4888
2024-01-18,-0.09732847974896962,-0.11186777623216766,-0.07034100868923157,0.1967164178476155,0.21107316952410463,-0.12285690170929464,direct,,-0.03398724404979303,0.03343508623369901,43793.025,42963.984399999994
2024-01-19,-0.12228048533238722,-0.12469104231478098,-0.12116640187940499,0.19709321120174275,0.19564416740446128,-0.11101472782236307,direct,,0.008205794217408746,0.020392234323888033,43766.996999999996,43041.902200000004
2024-01-20,-0.13278485347666888,-0.08245377788828938,-0.10931231025072867,-0.9320551485350561,-0.7373026450300616,-0.10921073539547756,direct,,0.0012398658801930917,0.020382787423547082,43736.844,43101.44699999999
2024-01-21,-0.13222093911443966,-0.08030683825771529,-0.10750650231969176,-1.0699382963871185,-0.8519291615482697,-0.11294770168802425,direct,,-0.002565198905489674,0.017771121998759586,43605.471999999994,43143.46340000001
2024-01-22,-0.13886294142853328,-0.1549364814704999,-0.11124722942504264,0.5812138063994202,0.48299641479303795,-0.18448311461804248,direct,,-0.04923097499962115,0.023295203355420947,43333.1365,43134.3174
2024-01-23,-0.19166742787118063,-0.18641698039380694,-0.18285463425325832,0.22581394160093382,0.15440819097450745,-0.1721508811724025,direct,,0.008926558618224112,0.022288121976640995,43184.2545,43092.157999999996
2024-01-24,-0.1782353871161566,-0.1537797252040268,-0.1705099898791229,-0.09073610086682239,-0.07871131442193753,-0.16508381686572335,direct,,0.005070161729582745,0.023110111457811534,42978.4665,43011.9492
2024-01-25,-0.18668170882734567,-0.15041160688106198,-0.1634358134114415,-0.36606509111886465,-0.29921296990832064,-0.1698683641122278,direct,,-0.0034152872529045197,0.0202978388702776,42766.609000000004,42935.3638
2024-01-26,-0.1196592130771906,-0.1400566807085997,-0.1682251757365788,0.11084060367176013,0.12477225430622957,-0.10433565646159416,direct,,0.04693861609434147,0.028122252750849806,42658.020000000004,42905.9944
2024-01-27,-0.12089445406112084,-0.08387925753358917,-0.10262651719778293,-1.0187309889362015,-0.8080841395445589,-0.09358825185987993,direct,,0.00735283039849044,0.02822585254633933,42566.679,42864.7512
2024-01-28,-0.09917204593317987,-0.07537407361246871,-0.09186829660960433,-0.8082333235380439,-0.6258640854602661,-0.09691240763970568,direct,,-0.0022576192870480405,0.02821803919695458,42318.718,42830.8696
2024-01-29,-0.08245360316238161,-0.06925679055035372,-0.09519579775747498,-0.4153240497414373,-0.284755213967497,-0.052402975423102044,direct,,0.030297233428791426,0.018547793282454466,42177.68199999999,42821.0818
2024-01-30,-0.0636099812963207,-0.03770937772609387,-0.05064157208289412,-0.17903415803349612,-0.06275671308810035,-0.06493899255114337,direct,,-0.008282242874971035,0.020279554481109564,41991.49,42855.242999999995
2024-01-31,-0.06778907558392668,-0.0524297240857232,-0.06319020522350766,-0.003437196945453513,0.07677179243170142,-0.07852084291716979,direct,,-0.009048138443783493,0.02160487061818366,41801.5865,42876.885800000004
2024-02-01,-0.08386614322845351,-0.0674120312490831,-0.07678572410906635,-0.3718837515146731,-0.24954290687073485,-0.06041031092302323,direct,,0.012175279661088556,0.02092901998261521,41816.4255,42880.5988
2024-02-02,-0.07748440908154246,-0.043197385379247485,-0.05865696601511522,-0.4506690957940946,-0.30754388954473294,-0.05661741771935439,direct,,0.002519199873703526,0.013716456238243921,41833.551499999994,42883.621
2024-02-03,-0.08082382868692824,-0.031161425407845847,-0.05486025571484753,-1.1269442108060332,-0.8921175384261175,-0.06298574518020059,direct,,-0.00421914741217988,0.014034221901874254,41898.308,42904.828199999996
2024-02-04,-0.0898426715119068,-0.05402426810843087,-0.061234992141036504,-1.0554301690878651,-0.8322412061982563,-0.07799198406387056,direct,,-0.009984064938399206,0.01480190778917057,41902.2555,42911.36720000001
2024-02-05,-0.0752142922900051,-0.06471732303570836,-0.07625633302213392,-0.5179332180744873,-0.3708833509648218,-0.07469404402363333,direct,,0.0022163386086184733,0.00813322982605624,41878.93949999999,42937.67
2024-02-06,-0.08067613683015393,-0.04352803970895629,-0.07295507399688055,-0.6018135402759172,-0.4391901096040989,-0.05977029733386837,direct,,0.010007134727277212,0.008728017193020016,41896.5515,42946.49480000001
2024-02-07,-0.04480491767724967,-0.03499011068736932,-0.05801630832828526,-0.32568065383883205,-0.18932636985096168,-0.01616373518869382,direct,,0.02895071442147179,0.012696875470457508,42049.1695,42987.914000000004
2024-02-08,-0.0027994945523078726,0.0207858290819238,-0.014365861356643472,0.002312859618371092,0.13997421463129,0.0175871070439709,direct,,0.02177697126505218,0.01393909394563136,42233.1265,43020.608
2024-02-09,0.08623356336802618,0.05365016442493766,0.019418947090775174,0.3870477229731971,0.5604124827436212,0.08223931538762431,direct,,0.040826308845832715,0.01850893685444319,42506.984,43086.1924
2024-02-10,0.08478315359508913,0.11192896882987352,0.08413622020459871,-0.8139749365533165,-0.5705067979907936,0.10369742255562925,direct,,0.013018768411656723,0.016948738128043643,42816.8815,43161.394
2024-02-11,0.09963220992699631,0.13675224645837647,0.10561592240929213,-0.6941296711097127,-0.4457514829200736,0.12267901619050428,direct,,0.011368251461435053,0.013142535055205337,43256.258,43252.96220000001
2024-02-12,0.15959510377735342,0.14125647739752012,0.12461661876407351,0.2647024635291933,0.5174618645133107,0.1797178242144534,direct,,0.03377708173432392,0.012071554285581878,43759.5845,43391.3592
2024-02-13,0.16144452255262484,0.1632611849108846,0.18171282957487145,0.08577628161005244,0.3450388516611115,0.1723823107343877,direct,,-0.004201992792979725,0.015337592153411204,44242.308999999994,43514.145599999996
2024-02-14,0.21972049309716873,0.19656686726018363,0.17436993377158913,0.15337849764704295,0.47058251067135687,0.24617367544179775,direct,,0.04244817989464167,0.017262471564100018,44837.4315,43700.683000000005
2024-02-15,0.24587778816908676,0.27078541709211384,0.24823556072476358,0.11965883469062077,0.4613050122139289,0.249332846833813,direct,,0.0017433004546891784,0.019015798056286903,45343.332500000004,43869.9876
2024-02-16,0.23736054682504112,0.279579256192345,0.25139791144762946,-0.2566043349504939,0.06602300293559214,0.25732724923553707,direct,,0.004403810409906228,0.01721907745208411,45845.2955,44061.47439999999
2024-02-17,0.22372194403257056,0.24549801325700132,0.25940035926602595,-0.7701923227956786,-0.4787574518478937,0.24004233826683183,direct,,-0.009479848659823542,0.01952051688536405,46327.2885,44253.37820000001
2024-02-18,0.23032160112898753,0.26496568733423653,0.24209805308703475,-0.8750555667775554,-0.5832500904837404,0.2564900932846767,direct,,0.00910704684724517,0.01954054271022229,46769.140999999996,44453.2442
2024-02-19,0.23355808398571254,0.28265338046112304,0.2585623608171143,-0.7250397432854995,-0.42292334573062795,0.24397260194594458,direct,,-0.006868327613722691,0.017629207508114725,47211.020000000004,44643.2658
2024-02-20,0.25071478254595997,0.24974882559253625,0.24603227210981696,-0.002977023549376452,0.32746983981335026,0.26104324293641273,direct,,0.009431411619888364,0.017150113763575423,47696.7455,44804.70539999999
2024-02-21,0.22969606242558696,0.2450050571249813,0.2631200926732828,-0.24357945768018616,0.06292921634398344,0.24652916087061819,direct,,-0.007944007213371962,0.00810811391922845,48135.8035,44942.385800000004
2024-02-22,0.21869973236212034,0.25502363416765383,0.2485914039074538,-0.3197114168271819,-0.00988874621962124,0.22588199391388505,direct,,-0.011391327556641406,0.009110461941937268,48539.9015,45110.5776
2024-02-23,0.1998877833418012,0.24107493321901333,0.2279234580290547,-0.46520466462614146,-0.17119203123552265,0.20771972952695034,direct,,-0.01013583303731469,0.00911240023019891,48927.129,45241.57139999999
2024-02-24,0.2060261185545875,0.24323148282472443,0.20974291547980536,-1.0161008235622935,-0.7347256592532216,0.23675069000409585,direct,,0.01636723266383644,0.011418268091157107,49377.349,45389.4858
2024-02-25,0.21532106596961975,0.26832099235701856,0.2388030921712095,-0.9567335300650387,-0.6697348454245607,0.24209939996654523,direct,,0.002966963783148202,0.010802966488799427,49830.5025,45544.271799999995
2024-02-26,0.31798239858055194,0.2552215284704719,0.24415718497507036,0.2945507594745821,0.6811457555009659,0.3396551578393621,direct,,0.05395472400340018,0.022975675579325002,50401.856,45755.6266
2024-02-27,0.41000819615342404,0.38202550632626014,0.34181112113332224,0.8125149681712972,1.3854776573383374,0.4288942344851129,direct,,0.046828439038580916,0.02739370354381537,51038.484,45957.29579999999
2024-02-28,0.6328590273328772,0.4618637560632193,0.4311400063124689,2.202104934805097,3.241673118386584,0.6188884378630649,direct,,0.09524001429782936,0.03940536637719047,51898.608499999995,46284.97779999999
2024-02-29,0.6179411169884879,0.5915866748855756,0.6213254162940799,1.587392084099377,2.5964096462179898,0.5724858797049749,direct,,-0.02123790737372233,0.041169238553886614,52599.876000000004,46575.21979999999
2024-03-01,0.6032755565998456,0.6066860813756029,0.5748761594715636,0.4629313010669586,1.1879497550483105,0.6162371527326781,direct,,0.020458950519111063,0.03817346862316301,53333.032499999994,46896.7818
2024-03-02,0.5775344840333821,0.636435716999261,0.6186714629600527,-0.6798607776860959,-0.23344280357148847,0.6025049987930107,direct,,-0.006292681950145207,0.04047813694153646,54019.39399999999,47282.0212
2024-03-03,0.604241922665033,0.6279415667532977,0.6049254892381548,-0.6785608230236306,-0.22776132072049982,0.641340645876267,direct,,0.017908910917900922,0.039352222496755275,54679.717000000004,47688.225999999995
2024-03-04,0.7869525859176867,0.6625221724707526,0.6438002197884205,1.3927711044949218,2.569183498690802,0.8227259499165398,direct,,0.08217350497067044,0.04349594977294374,55609.993500000004,48220.91099999999
2024-03-05,0.810449706217356,0.552353061576858,0.825368066597486,3.070784597926625,4.720984216548895,0.6642245397346936,direct,,-0.06635382266899081,0.05676445993940873,56207.9895,48647.168
2024-03-06,0.7554153825804734,0.6798663979677478,0.6667071435685256,1.00066009785099,2.058419955836763,0.7450200509737704,direct,,0.03622744678987,0.04678455189219096,56917.0395,49106.8618
2024-03-07,0.7698719710412321,0.7780899538415285,0.7475839658951001,0.07781084899493049,0.8605367007889005,0.7734232318735689,direct,,0.012290297126682725,0.04485119222670514,57655.282999999996,49590.63940000001
2024-03-08,0.8416639842360278,0.7981210572017869,0.776015731223562,0.6956421836324752,1.7386709072834168,0.820305363294532,direct,,0.020039998117384217,0.04484106212271561,58485.313500000004,50130.293600000005
2024-03-09,0.7904603535835915,0.8640768080410486,0.8229450439424908,-0.7965727829879093,-0.30311154982297384,0.8264898310350641,direct,,0.002591644659488024,0.0443029339111281,59300.662999999986,50666.7106
2024-03-10,0.835660258617644,0.8708885007880526,0.8291357356153908,-0.4187278552514105,0.23490457458352995,0.8466658137655924,direct,,0.008433031900034749,0.04434336703616697,60162.77849999999,51213.63960000001
2024-03-11,0.9353584588014058,0.8335957465319744,0.8493320230766149,0.8134233532696694,2.042983177993062,0.9540570180456373,direct,,0.04451134272616897,0.03617257568440749,61154.092000000004,51824.153399999996
2024-03-12,0.9396349815166741,0.8857747082000436,0.9568313038509325,0.666937284886819,1.8283512412079648,0.9314639441250461,direct,,-0.008965285940135792,0.01875739878505876,62133.849,52462.6708
2024-03-13,0.9628783747803462,0.9816349220401683,0.9342154926843951,0.060704571443361874,1.0047371169895216,0.9897883720184167,direct,,0.023353417448687575,0.017047939362682785,63226.57000000001,53127.5038
2024-03-14,0.9673710990948086,0.8807020650278055,0.9925986171883443,0.7426829516875667,1.9363969950002824,0.9285788145975298,direct,,-0.023949340033362354,0.022499845009489414,64257.7145,53753.270599999996
2024-03-15,0.9189092352194126,0.7769808915257345,0.931327459616622,1.1880776750971298,2.4246405250336895,0.8632292675808212,direct,,-0.02619657611869708,0.025458461510955658,65153.853500000005,54344.3836
2024-03-16,0.83794586756199,0.7486524644473156,0.8659121460411787,-0.19815668461634722,0.5009759195913265,0.7151334087564551,direct,,-0.06096401605873247,0.03507324817629083,65830.4995,54813.26359999999
2024-03-17,0.797688647813971,0.7395916815932829,0.7176672463214679,-0.35978133192365724,0.2654276123810502,0.8236281209015797,direct,,0.04756165861305184,0.040502026427847525,66522.79299999999,55338.072199999995
2024-03-18,0.7994547532341385,0.8127410327099872,0.8262711455104885,-0.036814544371001776,0.7180999577360321,0.7972372601725968,direct,,-0.011043897815311787,0.03528099290268855,67049.685,55849.6826
2024-03-19,0.7716153546372808,0.6328088411976115,0.7998537255141284,1.2756784358792281,2.316847016243153,0.5985072732773568,direct,,-0.0840921031145947,0.045389126831793095,67020.53099999999,56222.1174
2024-03-20,0.7724002903795778,0.6062443784443128,0.6009237404865041,1.0583372743797785,2.03609778904788,0.8059010377918148,direct,,0.09581548484739866,0.06197845063736371,67354.417,56720.3906
2024-03-21,0.7755004422915881,0.7402604646778067,0.8085262221966861,-0.04764233994520794,0.6755442554180917,0.7232662302632067,direct,,-0.03483899300443727,0.06255079061876333,67507.51550000001,57179.153399999996
2024-03-22,0.7209081614148409,0.6610034404741247,0.7258082525472835,-0.07900308652495089,0.5716968785179043,0.6646747513692273,direct,,-0.025593946976496196,0.06252605562749662,67596.4455,57594.02920000001
2024-03-23,0.6989461413234622,0.6860851196563074,0.6671578082876062,-0.7116669214519499,-0.2380545969721236,0.6712262394639986,direct,,0.0029369921708937152,0.058454203659669114,67639.195,58010.483400000005
2024-03-24,0.7546514473119834,0.7137344418250554,0.6737158896771478,-0.7200963974229018,-0.23614250458712585,0.7832167330974555,direct,,0.05005763664446938,0.05880862907614263,67582.6795,58494.659600000006
2024-03-25,0.8778612271380353,0.8061909448417088,0.7858190884434405,0.22908968662453702,1.1293784734098946,0.8770316797025858,direct,,0.039934484311691554,0.06048513868639507,67887.087,59041.1006
2024-03-26,0.8901241267611121,0.9092038275836929,0.8797284486516906,-0.23214865201356694,0.5175193829087303,0.8804558048360427,direct,,0.001401585812220274,0.04611016981908377,68080.8195,59587.61380000001
2024-03-27,0.8971200386993639,0.876815363972456,0.8831560197604755,0.030318702906837063,0.8701517050984624,0.8610295922577464,direct,,-0.007940537978020301,0.031482069460905454,68206.13500000001,60114.4728
2024-03-28,0.8913318261400491,0.8939061708658422,0.8637102570061053,-0.289998217658623,0.4432398303152215,0.9083965400895,direct,,0.019516389988486926,0.026735330010844403,68332.144,60643.4834
2024-03-29,0.868303945935446,0.900816098914245,0.9111248740459693,-0.7812410578903255,-0.26260145941559493,0.8774322562034987,direct,,-0.012513849144725753,0.024033415363633535,68405.014,61135.4656
2024-03-30,0.8487160121944531,0.9195726348313525,0.880129428285283,-1.133468962949492,-0.7576164663277531,0.8678642103400739,direct,,-0.0039158144945647955,0.02465930198795947,68435.337,61584.9808
2024-03-31,0.8843035528159306,0.9201200474891483,0.8705517533199134,-1.0210110988597298,-0.5951824429029754,0.9266895336311828,direct,,0.024169470654814118,0.019456119620843454,68396.18950000001,62055.8766
2024-04-01,0.8820943718254399,0.8657891632404339,0.9294362773133368,-0.3763271689400956,0.29595465715909725,0.869834934870742,direct,,-0.022808492880181275,0.016939116404329452,68308.033,62483.3808
2024-04-02,0.8262362099292082,0.741101159539779,0.8725244611507958,0.3277761230261967,1.1644834545207878,0.7223430866864957,direct,,-0.06055072175520115,0.028286370792975357,67925.469,62793.857599999996
2024-04-03,0.7306265610066381,0.7390780818109689,0.7248841799361871,-0.41500284308194324,0.17513328617508225,0.7404948647775952,direct,,0.007932263692090658,0.029025942656486427,67656.4265,63118.91760000001
2024-04-04,0.8138500616237887,0.7592430129731331,0.7430542256363897,-0.10256938234774732,0.6280082700837922,0.8291977421629617,direct,,0.03845779058653398,0.03256425014188536,67607.7465,63452.5096
2024-04-05,0.7941929296002503,0.7917471522110174,0.8318463719342709,-0.2351577216287401,0.44722722276448384,0.8060139402436426,direct,,-0.009679266135162568,0.032460741809332914,67737.74549999999,63771.0288
2024-04-06,0.8251686284656716,0.8447504361908262,0.8086392382714244,-0.9947266840322766,-0.576300652174151,0.8428299267489983,direct,,0.01552095157523814,0.03326753897970502,67765.2125,64106.039000000004
2024-04-07,0.8468917251337376,0.894349653422158,0.8454922756952549,-0.911100723730972,-0.44964716002313815,0.8583332160552674,direct,,0.00643601229884494,0.03166874017722139,67852.60650000001,64459.809799999995
2024-04-08,0.9311494130183697,0.9010075865669721,0.8610111672211763,-0.11010419398672362,0.7213229282396897,0.9377508280215705,direct,,0.032758474520065084,0.03296780032737345,68337.8735,64849.6104
2024-04-09,0.896667667837356,0.8707123179105437,0.9405087035829863,-0.17767439490212175,0.582921573297425,0.8503692239114655,direct,,-0.034900214102150384,0.02500873087671657,68401.4825,65196.575600000004
2024-04-10,0.8760658587625626,0.8446393875892445,0.8530391602650155,-0.08607139210643622,0.6905026186128017,0.9027678460282446,direct,,0.02168481521920884,0.025530385443984626,68658.2485,65563.75460000001
2024-04-11,0.8811373010519375,0.9185774685171809,0.9054905153725554,-0.5136664115396081,0.12122762945752537,0.8817215007433767,direct,,-0.008525024020034966,0.0228492626000476,68968.72050000001,65927.196
2024-04-12,0.8793773924928932,0.7655126319374175,0.8844229894404373,0.3427458309796189,1.2588370104195765,0.7814679684953032,direct,,-0.040957821211219714,0.02823948640705901,69126.41449999998,66245.0886
2024-04-13,0.7821524284374917,0.6168036055696844,0.7840685639173841,0.6095809632030015,1.48644624037845,0.671818365635505,direct,,-0.04670963976157827,0.031703131326992956,68967.066,66510.63440000001
2024-04-14,0.6944420560969403,0.6577467266777466,0.6743086117533301,0.04851877181039617,0.7358252990006484,0.7327884859681504,direct,,0.027245281887170236,0.03436812398425397,68760.735,66794.455
2024-04-15,0.7298350841331558,0.6612444017025562,0.735340091271815,0.04887586355123579,0.7573346390954677,0.6517514403816647,direct,,-0.0352519948106641,0.03064805299743654,68433.5875,67028.8478
2024-04-16,0.6431657844613349,0.6377408939928477,0.6542214915221933,-0.1423578458258269,0.4575820683667627,0.6649442491721973,direct,,0.005948719306599015,0.030510012157060982,68153.0995,67214.9702
2024-04-17,0.6472388435697183,0.5670922719617559,0.6674275773081118,0.06738130746075426,0.6897346541894159,0.57612672161903,direct,,-0.03981154631357453,0.028326510173932017,67677.808,67299.213
2024-04-18,0.6361354455168418,0.6078983619428665,0.5785206654606508,-0.28623978310947107,0.27252265074531623,0.6539860700241911,direct,,0.03634667205363118,0.03546156423015199,67358.182,67319.295
2024-04-19,0.6812585783269769,0.5644121566735889,0.65645837005409,0.22760467752297664,0.9446796503282733,0.6657677729384719,direct,,0.00530709544143404,0.03371898739797891,67069.09550000001,67372.6686
2024-04-20,0.6799204005943856,0.6901672235394398,0.6682519298532626,-0.919112244048606,-0.5100137828572611,0.705299360522005,direct,,0.017713090380223395,0.029508806075401725,66752.4105,67423.6278
2024-04-21,0.6892552833366574,0.7304255449377498,0.7078233012852749,-0.9301377593847353,-0.5183443537294757,0.7044817789900374,direct,,-0.0003599612860790691,0.027421350737704762,66515.883,67481.9764
2024-04-22,0.74204772032712,0.7398451001968916,0.7070048969545841,-0.5892607980954682,-0.05455104774023085,0.770839758122918,direct,,0.029226326447730155,0.02488422493613224,66585.25450000001,67556.07260000001
2024-04-23,0.7404458317267221,0.7860979105305678,0.7734296575133719,-0.7744612402176957,-0.2956241240178285,0.7554885201062627,direct,,-0.00656921685146683,0.02547936529070497,66606.70199999999,67517.60100000001
2024-04-24,0.7355010808203145,0.7049840255754427,0.7580629702986308,-0.38006555006143666,0.20582537982140828,0.6802979339912141,direct,,-0.03238888890561875,0.023318945844703724,66393.71,67526.7978
2024-04-25,0.6739517905223676,0.6766054130713091,0.6827967137876303,-0.45237785893227955,0.08887630663361333,0.688146576880826,direct,,0.0034940273668206956,0.019416922580500758,66225.10800000001,67494.2562
2024-04-26,0.6572701846482474,0.6961069000240253,0.6906532554042747,-0.6921788595797074,-0.22027118453465777,0.6623551827304339,direct,,-0.011441731695066792,0.02001400456035712,65966.95,67430.7058
2024-04-27,0.6266198209918044,0.6641238349935615,0.6648359052784295,-0.9465249280513031,-0.5569936223728661,0.6513029764631036,direct,,-0.0049597941228187725,0.018433018587121718,65670.806,67334.0068
2024-04-28,0.6414313518869088,0.6769385588760533,0.653772576277954,-1.0373011667179508,-0.6680348893807917,0.640009235848364,direct,,-0.005093447660293182,0.018394587528113085,65244.905000000006,67227.3072
2024-04-29,0.6365241264173037,0.6413282621189348,0.6424674698544309,-0.6240865659121854,-0.15331477629642795,0.6657426058284669,direct,,0.011665098538551133,0.013716510844025498,64980.808000000005,67123.78739999999
2024-04-30,0.6547218976462817,0.5462528629149864,0.66822673741555,0.05713048770425912,0.6583139586668443,0.5534144534691099,direct,,-0.050331931347707415,0.021521575649763522,64481.07950000001,66894.5496
2024-05-01,0.5193339086325064,0.45438150060666604,0.555785540109947,0.43853050119561887,1.0091241793713983,0.4710435510523598,direct,,-0.03886484754338204,0.02261907448858644,63893.62999999999,66631.1084
2024-05-02,0.4793834335100953,0.4693371133946458,0.4733317411615585,-0.35593248104209585,0.09711382968848696,0.4992310638011434,direct,,0.01383743005869853,0.0242075789323576,63489.90750000001,66350.42360000001
2024-05-03,0.6077187060253209,0.5369443562574261,0.5015476212946226,-0.15509845696155505,0.3957373561341361,0.6332319428499369,direct,,0.06488405884179849,0.03790468225178818,63434.712,66181.4334
2024-05-04,0.6484565267804657,0.6704902655592243,0.6356833563154126,-0.8226140939799731,-0.39469432428151247,0.6677339534076118,direct,,0.01568817553794699,0.038369893811147644,63341.65550000001,66069.5758
2024-05-05,0.6517370762051793,0.6824361765043436,0.6702200890495584,-0.9496641690399842,-0.5539520680476118,0.6723825283514502,direct,,0.002081073777108866,0.03825434633943236,63371.167,66045.11480000001
2024-05-06,0.6821326800154383,0.6750482411741336,0.6748733422320539,-0.5455372891776934,-0.03496602835810019,0.6420051274890378,direct,,-0.013571110677337406,0.03845818306497004,63338.35400000001,65941.1946
2024-05-07,0.6437747982017399,0.6593231185251954,0.6444653701230265,-0.6572517691803679,-0.18452655690270392,0.6124659312070693,direct,,-0.013378199619936804,0.032637036332699085,63390.335,65835.473
2024-05-08,0.5956269086232625,0.6092597750872542,0.6148964461478154,-0.7386535580673004,-0.3051760889317176,0.5724939191984486,direct,,-0.018348657710367422,0.02880192157230031,63273.765499999994,65820.5888
2024-05-09,0.6102714685380978,0.6005901538137921,0.5748842070558327,-0.7440310430512737,-0.31589901171093715,0.6388151962959052,direct,,0.031013009030266714,0.03015038623467304,63235.2115,65724.98640000001
2024-05-10,0.6116192858324363,0.5848333538394028,0.6412722286429562,-0.49952698586045335,-0.01515772174751082,0.5588970384750581,direct,,-0.036247023091393715,0.022629572326540254,63025.791999999994,65630.9384
2024-05-11,0.5434679285476358,0.5952793968131628,0.56127364268664,-1.100856812111457,-0.7649224041482295,0.5600285097956992,direct,,0.0005324817135219373,0.021024062564388938,62819.1605,65571.0624
2024-05-12,0.5554819209155892,0.5997701026021139,0.5624062526988018,-1.1037983333382153,-0.7668738353995027,0.5822605055963576,direct,,0.010457031273762407,0.021839332075683598,62549.409499999994,65520.1584
2024-05-13,0.6108133496163325,0.6053752095819349,0.5846606223631573,-0.6451901600740193,-0.1835954508646434,0.6337506649505954,direct,,0.023968250817371306,0.024065326918991985,62375.27100000001,65434.637599999995
2024-05-14,0.5988103738903762,0.6173481708274392,0.6362026004482666,-0.4642860769066024,0.03474819135523481,0.5853805281505874,direct,,-0.021988870896005763,0.02504613741434257,62239.4975,65267.762
2024-05-15,0.7148369588642244,0.6255597166193784,0.5877837848495815,0.039382852277271146,0.7337570714257279,0.7495497812314741,direct,,0.07630862695553153,0.03709725075310469,62327.33099999999,65192.860799999995
2024-05-16,0.7249326784444242,0.7421098510041436,0.7521182547883972,-0.5387328444884539,0.006566271379699626,0.7147831664755523,direct,,-0.015014379918472653,0.0372456812510772,62402.326,65109.182199999996
2024-05-17,0.7500196378923073,0.7606300527178858,0.7173166515633009,-0.5716443894855572,-0.02482198936239406,0.7777296040299787,direct,,0.02759854977423193,0.03290258587052882,62583.17150000001,65034.4178
2024-05-18,0.7468681897409976,0.8144679808345798,0.7803264372321604,-1.0848798591787012,-0.707954018798926,0.7734026088250926,direct,,-0.0018461969818655,0.033083291455546365,62773.9825,64974.8946
2024-05-19,0.7571449953740259,0.7876016936769829,0.7759950874204367,-1.0506342335104022,-0.662583204801099,0.7503568764676063,direct,,-0.009851098710307093,0.034334227501862505,62895.018,64907.6598
2024-05-20,0.8896955105334101,0.7944909780750921,0.7529261622700409,-0.046736769363019785,0.7334998506563384,0.9307903743892179,direct,,0.07789522131639193,0.04268269516181577,63434.83099999999,64910.0062
2024-05-21,0.90409942567462,0.9043739252649114,0.9335412450806151,-0.31105115052914567,0.4118345085176062,0.8857321593572278,direct,,-0.01804642096210518,0.04207312963455799,64028.0175,64919.102199999994
2024-05-22,0.8586247931307637,0.897015175785117,0.8884376843059126,-0.584275938119157,0.011235396613814107,0.8501622943403134,direct,,-0.014508027168637194,0.03508584889159656,64530.003000000004,64992.2372
2024-05-23,0.8377575518378512,0.8051067972762694,0.8528320224438232,-0.40177743153352835,0.2368137488410975,0.8090137199389599,direct,,-0.01703051752542828,0.03530050975226615,64781.448,65031.441999999995
2024-05-24,0.8111251640798061,0.8137682322746153,0.8116420368887776,-0.7511000522618051,-0.24420909208830532,0.8300555211622987,direct,,0.008859637051879865,0.034107947843657345,65013.639,65031.932799999995
2024-05-25,0.8226802444545657,0.8808786038303192,0.8327050141863085,-1.182692740119765,-0.8309627905007131,0.8559433892343764,direct,,0.010804347822915616,0.03410402368834172,65276.2115,65060.5012
2024-05-26,0.8196410283436022,0.868676782806556,0.8586189353233851,-1.199197414837013,-0.8543344371193432,0.8279568638224379,direct,,-0.011555377877713546,0.03423725512017298,65542.204,65051.991200000004
2024-05-27,0.8575919829435309,0.8712134603176804,0.8306042447970531,-0.9315450174767139,-0.4790137951737114,0.8593647180222772,direct,,0.01311961504660153,0.014213847219823725,65895.37749999999,65052.5814
2024-05-28,0.8203987667509685,0.8348752969251961,0.862043707272424,-0.6109297581957545,-0.05153996008860336,0.8224533062248189,direct,,-0.015218882315275128,0.013783493496739045,66252.929,64986.611
2024-05-29,0.7971550292172341,0.8310654756709415,0.8250951485222662,-0.8174610666616704,-0.33856631922825214,0.7960967007288983,direct,,-0.011034988008342905,0.013384105460625913,66477.9105,64955.5576
2024-05-30,0.8199649864723311,0.8313463004999406,0.7987120182327926,-0.6600145686294447,-0.11487867305477006,0.8229898550283977,direct,,0.011385266632147895,0.012767863121883733,66855.679,64909.910599999996
2024-05-31,0.8024719360611082,0.8134742382204283,0.8256322372985,-0.6919100732841394,-0.16809163976856636,0.7927914202815762,direct,,-0.012640646098926678,0.013117621895535716,67188.632,64859.027
2024-06-01,0.7617960839171969,0.8411815761650028,0.7954034114132064,-1.2379719488598222,-0.9119209796831644,0.8011577366422632,direct,,0.0035468586183775574,0.01217482817246002,67501.751,64870.293
2024-06-02,0.7817041888162325,0.8374945490374966,0.8037781474778002,-1.1559748897999826,-0.799586337954251,0.8017568536776597,direct,,0.00025309502433490394,0.011630018194415597,67742.0735,64944.6406
2024-06-03,0.8462338250444703,0.8483381602419178,0.804377867453347,-0.5912411620454051,-0.008322660113162466,0.8388384930108461,direct,,0.015661053039959016,0.012189168383143,68104.6295,65005.3198
2024-06-04,0.8740171076211555,0.8828244458330295,0.8414968250530328,-0.3462695433535249,0.3515668513553207,0.899970451842551,direct,,0.025420351281111975,0.013925691745698706,68319.79699999999,65147.3446
2024-06-05,0.8978133986050594,0.947524493254409,0.9026903059418079,-0.6280353321182773,-0.02982125615928333,0.9198654018446903,direct,,0.008067782012688873,0.012088956209875159,68613.1545,65293.2042
2024-06-06,0.8929960276217438,0.9383590684488864,0.9226052778485752,-0.8271349106004543,-0.31523353047644925,0.9077946267085473,direct,,-0.004855754574671023,0.012734492679002682,68799.20449999999,65482.9764
2024-06-07,0.9033630320111231,0.8787530197000493,0.9105223549106767,-0.39652061893094237,0.28636028224864957,0.8573960907507755,direct,,-0.020372928128004952,0.014708591268880194,68919.352,65599.3626
2024-06-08,0.8208934828306532,0.9041486247367029,0.8600730988113503,-1.1903967745443018,-0.8402345479287827,0.8564547709279502,direct,,-0.0003884292788267629,0.014801926971356466,69071.11850000001,65708.469
2024-06-09,0.8308549370865126,0.903378047100729,0.8591308316619062,-1.2120460330313005,-0.8699129518689269,0.8681938295725,direct,,0.004845925708311105,0.01474096311847896,68981.57800000001,65801.67319999999
2024-06-10,0.8423790331556554,0.9046451401187736,0.8708817042749545,-0.9665206582802269,-0.5260137400547206,0.8635151939139337,direct,,-0.0019220435781917011,0.013908024717863857,68949.798,65892.6682
2024-06-11,0.8209878128277536,0.7938873292664954,0.8661983601251914,-0.27399452682211933,0.39204635748377425,0.7870994589021144,direct,,-0.031453018801227084,0.014242110719075638,68859.59049999999,65901.9716
2024-06-12,0.837196735906184,0.8238565706182808,0.7897057217505434,-0.2965475968186913,0.39033701857788466,0.8195227360820158,direct,,0.013778938347795977,0.015342347044639802,68874.62299999999,65938.6104
2024-06-13,0.7823531378838768,0.7999320036275763,0.822161629108623,-0.5818111255710565,-0.025908977419375336,0.766935360640199,direct,,-0.022044338945301667,0.016503780344629442,68784.3335,65988.1822
2024-06-14,0.7441171276722719,0.757292543945357,0.7695213307182384,-0.5243520740465246,0.03268262007473598,0.7411946502530119,direct,,-0.011033592668184156,0.015716515694209208,68620.1925,66018.535
2024-06-15,0.7131910036958379,0.7859672860537076,0.743754715362787,-1.1767956250853286,-0.8351783909971019,0.7475801053303889,direct,,0.002767621734526715,0.015977157434062163,68505.21849999999,66067.29860000001
2024-06-16,0.7303132752498446,0.7923664617198372,0.7501465966424189,-1.1636926449909162,-0.816251750831512,0.7630571788970689,direct,,0.006689650410696357,0.016207699167045564,68367.4565,66131.24160000001
2024-06-17,0.7422897421809953,0.7585706706385585,0.7656392460457226,-0.3734215327946828,0.2332484771349167,0.7578189245840858,direct,,-0.0022490833552073486,0.01619386584159796,68275.001,66198.64940000001
2024-06-18,0.7183960227694285,0.7219516824170755,0.7603957200518225,-0.15218683996925153,0.49936722052865995,0.7115495423831054,direct,,-0.019910883787169764,0.013571808159218874,68154.0615,66224.859
2024-06-19,0.6887161564189218,0.7441311491079283,0.7140797732122018,-0.9185897994819591,-0.5014707421459643,0.7043070073927805,direct,,-0.0031799615764873668,0.011024741626751862,67984.293,66311.196
2024-06-20,0.7146727420444547,0.7395418520925733,0.706829949470469,-0.5991109011102723,-0.08081232221815168,0.7007091592916505,direct,,-0.0015847374983102291,0.008871610040204468,67852.575,66442.605
2024-06-21,0.6649556695215084,0.6976484112209779,0.7032284805624739,-0.6078651018859482,-0.11276069668497897,0.6752431898553506,direct,,-0.011234752587940822,0.008898206118996888,67672.462,66543.3148
2024-06-22,0.6471090537561894,0.718071743936822,0.677736882652051,-1.1968180932180001,-0.8691867944816009,0.6798166130123687,direct,,0.002040569974675499,0.008808469819101121,67498.034,66569.9694
2024-06-23,0.6472756804663962,0.6906726370466372,0.6823149084163772,-1.1639515804798404,-0.8281073384144788,0.6424448528277359,direct,,-0.016640575948581038,0.00840403267268057,67217.10500000001,66555.4996
2024-06-24,0.6070198377986267,0.5229999264088465,0.64490553799306,0.30214889772769754,0.9551100009646079,0.5407253364218714,direct,,-0.04605924374123749,0.016358343704332964,66703.227,66480.16859999999
2024-06-25,0.574308673548592,0.5866414528651517,0.5430836529732483,-0.2776453061272348,0.25393090605667956,0.5940519957200845,direct,,0.02531252618384139,0.021623525030736394,66237.171,66452.731
2024-06-26,0.5772755929464493,0.6027523982195842,0.59646397922144,-0.5687190517268567,-0.10647182826638438,0.5600718531518188,direct,,-0.015731134548589765,0.0217415997648146,65739.775,66422.7524
2024-06-27,0.5727914753835472,0.5983951643075336,0.5624496396748624,-0.5990088748986039,-0.14277577335487418,0.5882334997042086,direct,,0.013245829019688182,0.023268201748576186,65354.7545,66431.7582
2024-06-28,0.5668263080121533,0.5751052116008665,0.5906396275802775,-0.5382983535525554,-0.07478257342924366,0.5425901493646025,direct,,-0.021187698867923266,0.023865845355094548,64905.7905,66376.7006
2024-06-29,0.5310662880894077,0.5888545945466686,0.5449503426287575,-1.0686253245873023,-0.7259590242683198,0.5628986089658516,direct,,0.009631276285012813,0.024582643436212342,64469.0845,66378.9902
2024-06-30,0.5937389316010012,0.6010727881206651,0.5652792402829413,-0.9485738958332238,-0.5717720505003454,0.6251375710945818,direct,,0.029235222550418438,0.027619652817704354,64128.1,66416.244
2024-07-01,0.6230438878535424,0.6660184237955419,0.6275808385361021,-0.48832626689187264,0.025262489248909805,0.630569122794131,direct,,0.002478867649301497,0.019158159356668047,63904.19300000001,66443.885
2024-07-02,0.6030335347459707,0.6301013196840543,0.6330178564474337,-0.6711976968718756,-0.2182654038741715,0.6027178705984697,direct,,-0.01267940638373466,0.018178052898386816,63594.067,66426.1288
2024-07-03,0.567883217103755,0.5560685627047697,0.6051385752738072,-0.43002356414119974,0.046446614899905675,0.5367492825842773,direct,,-0.030418177410786673,0.021018178210386273,63264.8,66398.3032
2024-07-04,0.5069370879551521,0.46194633066439517,0.539103597709628,0.026839257274419947,0.5337625169630605,0.42782847728504053,direct,,-0.05179911963987682,0.02699912245316687,62816.549,66214.2222
2024-07-05,0.40594684222716254,0.34803110909215307,0.43007317655433464,0.6297905966619062,1.139449208221205,0.4140260651632758,direct,,-0.006922551121463116,0.026609103350800252,62339.42050000001,66042.1364
2024-07-06,0.44037763543893965,0.43725937231283357,0.4162568739438224,-0.7325478170207282,-0.3638738813304359,0.47028189643151425,direct,,0.028411594485353353,0.029543270084392184,61920.6235,65866.2224
2024-07-07,0.4389079465425074,0.4265495889103178,0.4725693200257845,-0.7453774372307742,-0.3776788461165792,0.3867742795462053,direct,,-0.041009756135241826,0.0274536969694841,61389.867000000006,65645.00319999999
2024-07-08,0.4290804133409257,0.37568612606098234,0.38897766264071076,0.1354686757249544,0.6036153419169447,0.4162463635348273,direct,,0.015092380778497505,0.029224847649510097,60967.454000000005,65453.833399999996
2024-07-09,0.4333011643060834,0.44655150642016084,0.4184794067820218,-0.35661113125695254,0.07437300494384487,0.46299566854187485,direct,,0.023583947454547394,0.03256078047013372,60622.273,65186.17279999999
2024-07-10,0.47371984671337347,0.4774845926856724,0.46527575941302257,-0.40545459692786845,0.031541279115454915,0.4517606511838138,direct,,-0.005537217988120013,0.03116215685910572,60266.1675,64937.865
2024-07-11,0.47477124748397637,0.47419015083875676,0.45402943534416246,-0.34564964616400834,0.10040064675953682,0.43858182412106167,direct,,-0.006531397237074965,0.02375944689225495,59927.638,64702.3688
2024-07-12,0.4420542306428807,0.45574291375105364,0.44083734535697333,-0.43435827087901674,-0.0138131290422288,0.4583285678087273,direct,,0.009850781403256459,0.023671460942673386,59610.813,64501.7154
2024-07-13,0.4876049468705301,0.4995149267994016,0.4606039617972109,-0.9015472003590523,-0.5431999597161202,0.5043766891675804,direct,,0.02274730253715518,0.022753317775638257,59413.315,64315.37
2024-07-14,0.5412442882145236,0.5507129591535016,0.5066984251219417,-0.6863222032154156,-0.2683304200035804,0.5598740117037239,direct,,0.02680536191653493,0.013744465109376188,59440.706000000006,64145.9664
2024-07-15,0.6621450487319858,0.6028744804963228,0.5622515991228438,0.14390624342993485,0.8242077059627525,0.6978310206280243,direct,,0.0648941108148029,0.024285637423013737,59589.15549999999,64071.5116
2024-07-16,0.6780754573299257,0.6650403418816133,0.7003474453940652,-0.02596880625612256,0.6403186525728208,0.7090884087505342,direct,,0.004972705396619093,0.024765501682514138,59802.3145,63985.5272
2024-07-17,0.7032825670295897,0.716215595035389,0.711616162740892,-0.4017123458467744,0.172239394621679,0.6744497268038046,direct,,-0.015225171119357395,0.026432713383304968,59925.64149999999,63900.8432
2024-07-18,0.6684038784666161,0.693527155587288,0.6769426210741682,-0.6221723430925714,-0.1285320982802598,0.6704226396598115,direct,,-0.0017974421124102857,0.025833058992379553,60108.498,63828.9356
2024-07-19,0.7493039004325548,0.6960246813478546,0.6729114811451863,-0.20518277245507333,0.44378164386497115,0.76574516606288,direct,,0.04262267973691758,0.027444759016432715,60398.65750000001,63796.1816
2024-07-20,0.7547561054109566,0.8023131419114854,0.7683299383514144,-0.9506974482940195,-0.5278716507835176,0.7816623145114527,direct,,0.006826267541057973,0.027904331375853363,60622.55649999999,63789.813799999996
2024-07-21,0.7803615355728301,0.786263415657925,0.7842631055197201,-0.7551920069787558,-0.26042159759201855,0.8170752346340303,direct,,0.015084302778309633,0.02766956059360011,60889.34199999999,63798.9214
2024-07-22,0.7844931205918231,0.8130976695650656,0.8197116645410739,-0.45299458979108914,0.15427787199313814,0.7957786164218911,direct,,-0.008936594140720122,0.018971695328123084,61165.503500000006,63795.5008
2024-07-23,0.7598526794148874,0.7729269057180025,0.7983936138117033,-0.3561513096753986,0.26241131669276463,0.7388771788733856,direct,,-0.02409257321285574,0.022196919401177503,61454.634999999995,63738.3054
2024-07-24,0.7373418928440257,0.7603474482638611,0.7414349117234196,-0.6337210066243938,-0.11359617580566375,0.7191524564069742,direct,,-0.008557801862698167,0.021462029724810726,61871.35599999999,63634.84579999999
2024-07-25,0.704061994450888,0.700433168460635,0.7216903386661804,-0.3558765425329397,0.22289182586138778,0.7337797904677914,direct,,0.0064010188521608224,0.02137877859993708,62328.74399999999,63528.3722
2024-07-26,0.7751578935794888,0.7824785091540251,0.7363323934017163,-0.5284595086024871,0.047123480351328025,0.8082733874529795,direct,,0.032391555460984156,0.018464681488050368,62812.219999999994,63471.42860000001
2024-07-27,0.8163701184806365,0.8159795943311065,0.8109009593460653,-0.4632767210401308,0.15133891745799477,0.8075526293858922,direct,,-0.0003035693543349538,0.018397646624345298,63414.11749999999,63442.909400000004
2024-07-28,0.7781637154943989,0.8294855245734417,0.8101794759215746,-0.9712979476879711,-0.5480025108200636,0.8197237234188611,direct,,0.005127785987831368,0.017557213265888976,63991.26699999999,63421.8928
2024-07-29,0.8373888386010094,0.8074911388852245,0.8223628187153554,-0.21337231092134268,0.4982410962185718,0.7683419224549225,direct,,-0.02153715418060076,0.019227351993891476,64428.045999999995,63364.76
2024-07-30,0.7328040691513872,0.7668074871058571,0.7709293080703975,-0.5351921831290357,0.019195721052770388,0.7472735559488002,direct,,-0.00902538049479229,0.01699130378896026,64850.759,63298.24939999999
2024-07-31,0.7272089920970854,0.7388677301329731,0.7498397387552808,-0.5377168041460453,0.009864991355698686,0.6926675685586671,direct,,-0.02360545566306682,0.019162429902874208,65214.213,63244.21779999999
2024-08-01,0.6846358676392277,0.6580542458821259,0.6951787969233664,-0.08949630648778932,0.5494692728236311,0.7165196970658966,direct,,0.010560243202224484,0.019509848888598733,65583.5395,63185.28199999999
2024-08-02,0.6831981958585999,0.6198521032380975,0.7190549297654694,0.047652956269306324,0.7169792269780307,0.5809699921222128,direct,,-0.05938587333792644,0.023771003573049242,65693.1015,63078.87720000001
2024-08-03,0.5663660189387101,0.5726340242906748,0.5833688101404508,-0.47188421515971785,0.006186925483957589,0.5549982336834516,direct,,-0.012096909428660374,0.023043268772990996,65686.127,62972.3402
2024-08-04,0.5291975901906413,0.4778326873406295,0.5573709142109986,-0.4044448892468738,0.05543882679622149,0.46609576713401746,direct,,-0.04191529629224344,0.022812295457810373,65354.64400000001,62811.2818
2024-08-05,0.4328074810365863,0.1940835784998195,0.4683789778862577,2.728827566051764,3.276039366892084,0.32264079330321044,direct,,-0.07059442970598717,0.02914811667771803,64801.8545,62559.2864
2024-08-06,0.3915890592743156,0.3643922697251488,0.3247796336597412,0.16418553616439255,0.6267318965903781,0.39345300136377964,direct,,0.037493647261928276,0.038409335622135596,64399.906,62350.805199999995
2024-08-07,0.4148630925735425,0.3854769111004109,0.39566310579868824,0.0036226650874802784,0.4561216357789037,0.36104265728207513,direct,,-0.016540466273393117,0.03847716185949218,63957.356999999996,62150.2538
2024-08-08,0.5857336198397605,0.3915778216122925,0.36322014455443297,0.30350056912504314,0.8816181819043355,0.5909749669787799,direct,,0.11931845286951215,0.06589975086677052,63707.359,62085.407999999996
2024-08-09,0.5525256738896667,0.563189198356173,0.5933838538161083,-0.2318654413225564,0.29219300459424763,0.5616255726514323,direct,,-0.013606708829395298,0.06189721573449086,63392.61,62005.8278
2024-08-10,0.543073395056113,0.5880042897095595,0.5640049228086462,-0.972881816670493,-0.6095273181288849,0.5641401863927644,direct,,0.001181884733216787,0.06165719073519131,63030.802,61942.2574
2024-08-11,0.5556237601813024,0.5189847364266669,0.5665220672100955,-0.7519950684083034,-0.34906494838114643,0.4866877062660174,direct,,-0.036360193381053896,0.06102741947825516,62588.66649999999,61831.7538
2024-08-12,0.5165752726224079,0.4957204103203647,0.4889916403596763,-0.22176836451261,0.26878803296715326,0.5089148084619526,direct,,0.010828267347807508,0.051714974826008016,62259.71950000001,61755.351200000005
2024-08-13,0.5474056895214917,0.5228853185572143,0.5112411114944765,-0.37999553897136085,0.09928209046212787,0.5525671607656086,direct,,0.021038094273856167,0.05086881532071764,62021.429500000006,61762.126800000005
2024-08-14,0.553769177355095,0.5236327610678585,0.5549373947069567,-0.3030899396882998,0.19168194967323507,0.4857456873568029,direct,,-0.031540810361636695,0.052571992854133665,61666.632000000005,61700.1566
2024-08-15,0.48769721124725623,0.4407456577374812,0.4880486734202956,-0.1722627839094181,0.3083397622095549,0.44571844752344897,direct,,-0.019508825250583395,0.02154033922680312,61148.01950000001,61634.7264
2024-08-16,0.48707924648522877,0.4754077702810966,0.44798115092333246,-0.36595919494744333,0.08546750058173871,0.4925834513278808,direct,,0.02329595092655601,0.024710200221996388,60697.4755,61579.99779999999
2024-08-17,0.48215859448318965,0.5362218284971366,0.4948933187888177,-1.051828995630492,-0.7160506682494376,0.5137052979427637,direct,,0.010260355654521103,0.02528585730767754,60259.735,61563.47060000001
2024-08-18,0.5018542847537175,0.5226336795786308,0.5160364220340736,-0.9032200784158918,-0.535480264033376,0.4766984608532033,direct,,-0.017794229514500826,0.02197805160095788,59842.55700000001,61514.149
2024-08-19,0.47953732222799306,0.5010806408966986,0.4789923419575892,-0.5406171630736132,-0.11783056120291524,0.5125332796115591,direct,,0.017542841947582488,0.022689318523259283,59506.7755,61449.7196
2024-08-20,0.5418619087064889,0.5281551441822607,0.5148632242055974,-0.29186389007406355,0.20510207080584447,0.49726313561603114,direct,,-0.007346579239582152,0.020863893551126157,59227.2615,61373.445199999995
2024-08-21,0.5559208652451632,0.5359086144926763,0.4995777126234859,-0.04153519164054397,0.5123339304417895,0.5721789807801919,direct,,0.03630931658183334,0.02146356160732893,59020.791000000005,61355.971600000004
2024-08-22,0.5413134864970683,0.5697133036990815,0.5745689516894573,-0.3751901044017769,0.11834384715856483,0.5447919219468446,direct,,-0.012808562255193667,0.02024558664872457,58969.04049999999,61360.57340000001
2024-08-23,0.6637255925885144,0.5908855026255901,0.5471543310336405,0.08555217575890475,0.732933122128537,0.6741407306198545,direct,,0.06127961695250783,0.02866161996057793,59139.4665,61501.5072
2024-08-24,0.6479046618704211,0.7062141023929599,0.6766333139222527,-0.8549929917892626,-0.42959463587747954,0.6773904336992487,direct,,0.001450666117420063,0.02896771540975234,59441.7105,61652.1978
2024-08-25,0.6663420450628372,0.7146545079631579,0.6798862874418902,-0.9441135913106977,-0.5428470193918481,0.6803213533852467,direct,,0.0013064660956858543,0.02657880241882019,59953.3505,61772.37720000001
2024-08-26,0.6472508930219029,0.6786138978749114,0.6828201567505019,-0.441566246826131,0.09372944145085091,0.6308837116691934,direct,,-0.022008221631124703,0.029710151695566924,60292.980500000005,61912.0506
2024-08-27,0.6030717487228984,0.5088106201567795,0.633332761918841,-0.012231504576750764,0.5772544494580001,0.5117405156464019,direct,,-0.05423270258027524,0.0379665333763233,60508.5445,61966.69
2024-08-28,0.5001945587828346,0.5025160864421404,0.5140696624176508,-0.054386976165538295,0.4697014923848519,0.4978206570112805,direct,,-0.006699502184744688,0.034760673646920405,60375.293000000005,61986.61600000001
2024-08-29,0.533209713497978,0.5333868858317647,0.5001357950978133,-0.18446019342164244,0.3328579942964746,0.5092279991642369,direct,,0.005527280733696349,0.034723727741474704,60300.3415,62019.49739999999
2024-08-30,0.4896512881215006,0.49743525699478547,0.5115546173860109,-0.160628629448508,0.3367591739726994,0.5008109990403458,direct,,-0.004055930745993086,0.020960925628139695,60209.753000000004,62055.1034
2024-08-31,0.4734819561002476,0.5342136996185394,0.503129146551024,-1.1100863143076987,-0.7866187446932431,0.4959215888354872,direct,,-0.0023656730490343447,0.02062259127395739,60222.9615,62076.6132
2024-09-01,0.46070884824467806,0.4793620970874095,0.4982348157354176,-0.6064019052848134,-0.20451091455806203,0.4373475871012337,direct,,-0.028407417836189164,0.020535549056918824,60120.589,62038.260800000004
2024-09-02,0.4725999362003508,0.4764196650705068,0.43960186622415204,-0.556663775281922,-0.14404521973923137,0.5014663925300591,direct,,0.03200575641594705,0.027035953583669795,60047.49249999999,62004.841400000005
2024-09-03,0.486177947461837,0.4862634829356905,0.503785199616456,-0.4580814759790688,-0.027146512265010116,0.44323389449684514,direct,,-0.028166051822722138,0.02071388860464869,59986.68199999999,61859.167199999996
2024-09-04,0.44166486120229403,0.4226860229802978,0.44549409748915103,0.12096230749831605,0.6160285499173642,0.46049014292360024,direct,,0.008588451587492774,0.021253868836666523,60007.812,61716.9254
2024-09-05,0.4346920153582235,0.4236124957684914,0.46276771228074737,-0.028301336543577176,0.43194209184081883,0.3972885388371792,direct,,-0.031187646096145327,0.02339126304661888,59871.4985,61558.340599999996
2024-09-06,0.3890538545347217,0.3132914048974326,0.3995025032850801,1.0530670928253187,1.5701488189848376,0.3199321830889234,direct,,-0.03940132532394236,0.026138338838149193,59594.31800000001,61357.7986
2024-09-07,0.31495901889245936,0.35566534452587073,0.32206829755092425,-0.7929290399732538,-0.4683042599178428,0.3273945807485975,direct,,0.00395686500045489,0.026659207257927513,59380.748,61106.985199999996
2024-09-08,0.33111871135196486,0.351727034344786,0.32953820522767413,-0.7187271352994066,-0.3850156667688255,0.35226492858144587,direct,,0.013135289550142648,0.026968607975041674,59151.49399999999,60861.2946
2024-09-09,0.42351700913236556,0.38587269970604704,0.35443358211223236,0.10724963283555378,0.5644765805052578,0.4283597829407013,direct,,0.03966848720638527,0.028851865520886266,59052.93199999999,60638.8812
2024-09-10,0.42507758532527423,0.4501556030214861,0.43060501690604464,-0.2180366678672058,0.2269564375380973,0.4488472086575417,direct,,0.01027265871206895,0.027272042466800695,58876.51349999999,60440.37560000001
2024-09-11,0.42343197442695,0.420147209919143,0.45111306078396246,0.5624571669204835,1.1124352770580437,0.43877477196443315,direct,,-0.004999095284497934,0.027101595296394294,58724.8625,60268.6644
2024-09-12,0.4430701715970553,0.48338582926971047,0.4410304873794364,0.04664676673354168,0.5558691038495108,0.466260751521828,direct,,0.013710225934355114,0.023958456857249996,58427.503000000004,60123.96600000001
2024-09-13,0.5151162560979106,0.4942981340001104,0.46854412831126246,0.033683808819280917,0.5755099671869762,0.5504136251442093,direct,,0.04140840627575115,0.01748448104374133,58245.8705,60019.04840000001
2024-09-14,0.5146724919874629,0.5582151464103386,0.5527816918076894,-0.8635881724005448,-0.48378443591272263,0.5317179578424466,direct,,-0.008833635131858752,0.019584749547575404,58033.30249999999,59860.81019999999
2024-09-15,0.5062791878658849,0.5320300997124432,0.5340672095369204,-0.7181448822638504,-0.3119990360606746,0.5011661349259716,direct,,-0.014564281293834136,0.022573170080109877,57847.7495,59685.5034
2024-09-16,0.4651874574865817,0.48893220862369535,0.5034846398387459,-0.22806725173230621,0.24070628700981428,0.4686865812917535,direct,,-0.015712080022712516,0.020434697462380202,57786.1635,59484.6486
2024-09-17,0.5388939564984445,0.49383721111854634,0.47097239939078117,0.03952885530431398,0.603372443015021,0.542495423158889,direct,,0.03627520421315844,0.02401777790148839,57850.06799999999,59355.42480000001
2024-09-18,0.5539681654511684,0.5493817996345448,0.5448555210923669,0.30123593904052653,0.9300166019151643,0.5933221495299399,direct,,0.02410563116787867,0.024162634871396086,57970.3595,59267.337600000006
2024-09-19,0.6258286883883842,0.6346998707495412,0.5957333985277751,0.2547496306736747,0.9563060865610091,0.6348384433719223,direct,,0.019226498194758967,0.024358238494678604,58162.0775,59234.2492
2024-09-20,0.6344130623946,0.6618672704614262,0.6372914735893995,-0.17490068920283183,0.4247796147432824,0.6435092118550304,direct,,0.003939748498373863,0.0205632321243016,58373.192500000005,59192.47440000001
2024-09-21,0.6143372979751706,0.6768759160751612,0.6459709681713217,-0.9655996078590269,-0.5805409926124226,0.648811782115804,direct,,0.002399880907689722,0.019596571959051408,58675.67899999999,59231.2918
2024-09-22,0.6304319233928803,0.663607743736212,0.6512788748393761,-0.7284277171419379,-0.28033566421792466,0.6566513368823584,direct,,0.003539595635761339,0.01717451870704478,58897.6615,59289.455200000004
2024-09-23,0.6556923949522181,0.6703713866075316,0.6591263191868465,-0.4330368555306488,0.10375244948364148,0.648070750543435,direct,,-0.003860510210741186,0.014536967643846096,59190.668000000005,59393.576799999995
2024-09-24,0.6539262895320501,0.6748553298213865,0.6505370975067278,-0.26133835117190996,0.3237165410076912,0.6807418538482467,direct,,0.014756092998054804,0.01024772638707037,59505.7245,59598.473399999995
2024-09-25,0.6582410262242461,0.6829878602622,0.6832410803972829,-0.5495951178859136,-0.04301779391473813,0.6411798560067908,direct,,-0.017608571697498188,0.012072987246668665,59854.596000000005,59740.2166
2024-09-26,0.6939693733012497,0.6730714336959823,0.6436392681030346,0.13065057583254255,0.8576141509766784,0.7124464702202279,direct,,0.03228847080592345,0.015489169019252567,60416.063500000004,59941.2812
2024-09-27,0.7176048901660084,0.7506185941753147,0.7149776037006811,-0.12054358632754392,0.55967148946062,0.7336497603994322,direct,,0.009306010338784088,0.015556845999901158,60997.186499999996,60022.9162
2024-09-28,0.7079556888567555,0.7720837193809951,0.7362022324735346,-1.0274901151151994,-0.6396541015890882,0.7363898295012256,direct,,0.001191513396811894,0.015607892125282484,61546.6535,60122.91199999999
2024-09-29,0.7015715448194076,0.7720164495550371,0.7389450591294923,-0.9870514983986255,-0.5862276592181674,0.7274174052412519,direct,,-0.0038969968575348624,0.016023741333975095,61974.437,60216.335199999994
2024-09-30,0.685923093402582,0.6796798932650919,0.7299636051899872,0.09875683025046293,0.7953836420576818,0.6471213912271355,direct,,-0.035011441508090435,0.021981842758605995,62258.056000000004,60308.1314
2024-10-01,0.6337854580708249,0.5839396261516754,0.6495867827730141,0.9758483786167926,1.8401401268514623,0.5588704731922749,direct,,-0.03987613640473686,0.02536792647310484,62429.84550000001,60336.714799999994
2024-10-02,0.5742367211055481,0.5775575348857895,0.5612470506690546,0.5651281427790589,1.2832346634386873,0.5536881457904141,direct,,-0.002438885567804916,0.025021811270501754,62554.905000000006,60337.3562
2024-10-03,0.5430950840700448,0.5729070187695626,0.5560595078700714,0.38235733175263226,1.0402339759466184,0.5573426198890553,direct,,0.001724058322806865,0.019355688489752956,62564.8165,60378.322199999995
2024-10-04,0.5775844031924317,0.5946956798048502,0.5597176597629197,-0.024072525977181614,0.5712972507781,0.6044509057568687,direct,,0.022185859726551405,0.02192294042732667,62668.85650000001,60469.145
2024-10-05,0.5740470283011596,0.6385282001040594,0.6068733545262932,-1.038081843144476,-0.6801709185217398,0.6032320486375994,direct,,-0.0005615674027434903,0.0218099293107744,62814.85549999999,60532.4554
2024-10-06,0.5946450504052667,0.643004668892808,0.6056532707720741,-0.9206989275473119,-0.5295680961903337,0.6298871640216349,direct,,0.012287785257912631,0.023166238353724326,63045.44299999999,60598.9318
2024-10-07,0.6456762017564351,0.6541671889017712,0.6323352113644165,0.051846937197925484,0.7179981102464814,0.608497916862949,direct,,-0.009740573966727561,0.019574255526829745,63139.855500000005,60674.3442
2024-10-08,0.6018609509133992,0.6436133006514754,0.6109244384684642,-0.21397567282827856,0.3560422742706346,0.6056781519128065,direct,,-0.00129674019415571,0.010636779180986843,63157.530000000006,60727.63939999999
2024-10-09,0.5787315110403848,0.5873750143005981,0.60810183575975,-0.07248150071219901,0.5119486517221901,0.5517104303958553,direct,,-0.024850645839949226,0.015058749555517175,63038.6205,60758.7928
2024-10-10,0.5352646615005088,0.5381359931743958,0.554079802139824,0.09908788771660076,0.6834458008391769,0.5410549556542978,direct,,-0.00503159021292654,0.015143393818885806,62892.066000000006,60740.984399999994
2024-10-11,0.6098783121268243,0.5797770832173976,0.5434136039282896,-0.12230089986990209,0.45894034205710194,0.6192491664398031,direct,,0.03711058224914976,0.01940351111769805,62849.7785,60783.58699999999
2024-10-12,0.6116392534960562,0.6664305849514114,0.6216865079012937,-0.8413763624912777,-0.4241686888694643,0.6430044714821525,direct,,0.010870730110103644,0.01971591211526005,62830.25750000001,60765.7716
2024-10-13,0.6049827918393413,0.6508663404047643,0.645465719837197,-0.8022401631388301,-0.3785850920406763,0.6310308693540839,direct,,-0.005420349658836754,0.019424191114776564,62805.882999999994,60739.245800000004
2024-10-14,0.7157578812811736,0.6651862711336914,0.6334800677004663,0.3801204950154325,1.196785134028319,0.7433660125773311,direct,,0.051130325157411116,0.02653725644214385,62895.463,60775.3184
2024-10-15,0.7654983641683641,0.7489190522761119,0.7459282629054338,0.43346613113711074,1.3116278534416737,0.7781958946514599,direct,,0.015081979619560038,0.026205223679774306,63091.45599999999,60859.606799999994
2024-10-16,0.7814318711968654,0.8187191490951199,0.7807931971197797,0.08567601447099875,0.8864487263785565,0.7974214694361057,direct,,0.008201335158635636,0.021090781854262483,63213.00749999999,61023.066399999996
2024-10-17,0.7652377517311187,0.814855939090105,0.800038120162386,-0.2647738199889526,0.40086712537015495,0.7902264723202341,direct,,-0.00304430796198063,0.020771585267201995,63293.937,61190.3738
2024-10-18,0.8026068899255733,0.8334765116552767,0.7928358821363318,-0.0956710031808682,0.6569178605188625,0.8257666261656151,direct,,0.01508347491954698,0.018649266036509862,63421.784999999996,61371.489400000006
2024-10-19,0.7910597277622489,0.8634578544572342,0.828411802926122,-1.1214643477958686,-0.7499703392786926,0.8238235155473127,direct,,-0.0008124148802138853,0.019393019459557168,63559.688,61556.309199999996
2024-10-20,0.8152956516158517,0.8664917592004396,0.8264667367977291,-0.9706453317478161,-0.5395502976169853,0.8465752820782134,direct,,0.009520251853004646,0.017997512160497376,63844.99449999999,61756.9446
2024-10-21,0.8192936598506297,0.8208180388500098,0.8492414002798434,-0.10737692780446922,0.6314578120032653,0.788453239694466,direct,,-0.024091239557154753,0.013822655332983397,64173.398499999996,61957.8386
2024-10-22,0.7607395190956577,0.8111824371127913,0.7910608649624994,-0.24993604248165333,0.42219302624492167,0.7895780696944116,direct,,0.0004777447833328452,0.012727178313374377,64510.8245,62122.68899999999
2024-10-23,0.7481967279118412,0.7624506091188119,0.792186826970265,-0.24979355759984054,0.4011154261114073,0.7624063294688845,direct,,-0.011535039453737683,0.01298793212318275,64804.15550000001,62305.3116
2024-10-24,0.7955720754702684,0.8081926670702145,0.7649877416148779,-0.27699867103397074,0.39378688063804385,0.8166061476669929,direct,,0.023277598942067934,0.01609361623096604,65107.63049999999,62509.072400000005
2024-10-25,0.7932713186431768,0.7745161108656341,0.8192421054937088,0.14901001671501846,0.9654401911591154,0.7611759374241962,direct,,-0.023264483251754897,0.01726401526622641,65333.559499999996,62717.279800000004
2024-10-26,0.7457926900660262,0.8041546978877109,0.7637561113267072,-0.894658320184294,-0.45320380897417095,0.7764492273084747,direct,,0.006563001434262583,0.01769467516526488,65543.2075,62978.4876
2024-10-27,0.7763669700386763,0.8222801787708319,0.7790447719635325,-0.9669139869169349,-0.5436184559221681,0.8089714252124235,direct,,0.013883815376681374,0.01826548276388104,65829.9725,63254.03400000001
2024-10-28,0.8447799725709092,0.8467856153698086,0.8115996995976215,0.08805920604976468,0.930275377758655,0.8782050962065687,direct,,0.029151312367595494,0.018662157033075156,66219.8055,63554.96400000001
2024-10-29,0.9608161971065051,0.9245214161018274,0.8809030460600402,0.6579079651541614,1.8433917101048178,0.9760016893404052,direct,,0.040011537939556696,0.0224781228703303,66826.728,63868.311200000004
2024-10-30,0.9378471870825741,0.9844360518300586,0.9787980598514026,-0.04210477935327213,0.8358973061543491,0.9623097328681072,direct,,-0.005386279322811882,0.021544396883693577,67429.307,64162.1018
2024-10-31,0.9285580922586032,0.9195373982558511,0.9650923240508514,-0.008119848246512223,0.8538111065651814,0.8880520775392154,direct,,-0.029370419383077828,0.025745154022884634,67813.813,64419.167199999996
2024-11-01,0.8920919744378525,0.890021605360523,0.8907599372100574,0.3321544547648652,1.302528016808656,0.8623910630003774,direct,,-0.010456569194704612,0.023825587424690386,68127.632,64645.823200000006
2024-11-02,0.832477137620593,0.8989599500128121,0.8650730979073624,-1.012442656152195,-0.591593754406443,0.8582175172578829,direct,,-0.0017186431470689323,0.0240176482055436,68452.6085,64821.941
2024-11-03,0.8145895537178471,0.8438282345026933,0.8608953519866916,-0.3488156250564371,0.31203902958295293,0.8370012939804814,direct,,-0.008751765038532033,0.024170530394688593,68586.548,64996.6166
2024-11-04,0.8176452947918061,0.8201852041909978,0.8396577771000137,0.12497897390734589,0.9557755344610462,0.8043158594046946,direct,,-0.013601894714303286,0.02138547431404485,68623.911,65170.07140000001
2024-11-05,0.8550492042625639,0.8429412693900622,0.8069394485157612,0.26816818839521367,1.1929822842963,0.859059217270272,direct,,0.02309533939077113,0.01578045034061042,68712.08,65393.433
2024-11-06,1.0596203279381853,0.9092476063593162,0.8617378990701905,2.695564206531666,4.959595858858645,1.078064806706477,direct,,0.09030920280451671,0.03994904436451135,69123.815,65699.8726
2024-11-07,1.0762045053846434,1.0934804397079363,1.080963891624985,0.6649850660987215,2.012191631615582,1.0878114691422986,direct,,0.0036862353270741277,0.03674881511228024,69498.65400000001,65982.8072
2024-11-08,1.0874060204053069,1.1356436717333738,1.0907203629191202,0.3180537286832396,1.5039973955247425,1.1101787381592336,direct,,0.008428341513394999,0.035515542789217314,69908.2675,66254.7852
2024-11-09,1.0757008382833362,1.1394474422625427,1.1131101419361806,-0.8366314400196488,-0.2681454723852666,1.1155651987866908,direct,,0.0020127396887581472,0.03525875217804722,70293.041,66524.88399999999
2024-11-10,1.2330749462928594,1.1672839809839568,1.1185020233966105,0.6377074788728547,2.1177865196111294,1.245351285996037,direct,,0.04839929292833167,0.035451676181018695,70946.60549999999,66866.2092
2024-11-11,1.5127657975865405,1.3003283919536133,1.2484187248904786,2.2804047750427863,5.132363560600737,1.5364816181882104,direct,,0.10355512901185548,0.04219999871986348,72015.00499999999,67369.6264
2024-11-12,1.5252238983350042,1.472645567982545,1.539842045189925,2.744750339547979,6.179595212467953,1.5113924563155963,direct,,-0.008086792098677908,0.04576776693222426,73086.3835,67863.5978
2024-11-13,1.6447988748421216,1.5127875019041979,1.5147276340552545,2.9966822567627847,6.832946634773917,1.597309124897494,direct,,0.02791861567409737,0.03886297462258639,74203.131,68388.035
2024-11-14,1.5875615670758714,1.5279584493202443,1.6007307675613718,1.4866721597548083,4.046173502245357,1.4867024727711176,direct,,-0.034965437552507694,0.04492709344085118,75240.952,68871.8222
2024-11-15,1.590331908268092,1.5435953025679248,1.4900128029743034,1.1068412390360045,3.370218955513722,1.6168978750612395,direct,,0.042649161800206725,0.045187473257166086,76443.16199999998,69389.327
2024-11-16,1.5873405456958036,1.6494612801505397,1.6203392314759693,-0.4257018745407335,0.6464319187587859,1.6019381254224399,direct,,-0.004700033780325907,0.04584597472473302,77577.452,69886.14020000001
2024-11-17,1.5744503860190147,1.6008938895089018,1.6053644266256466,-0.3033446534029478,0.8513107037649008,1.5755902585063821,direct,,-0.008317027275674294,0.046025998545220374,78575.01849999999,70366.31
2024-11-18,1.6162285909027652,1.558883705235644,1.5789900437103788,0.9294553010985341,3.1247884420758223,1.5978795793909406,direct,,0.007094905980562727,0.025694903598427986,79464.5765,70864.367
2024-11-19,1.6646646345234803,1.6609024894384714,1.601301796149524,0.8908155120380321,3.116913970756327,1.6644203696145516,direct,,0.021031360275437727,0.025940704427871938,80468.9025,71446.4404
2024-11-20,1.6990640991595785,1.7035490676207923,1.6679095517766958,1.076244985414729,3.5302154035586857,1.7329811699592579,direct,,0.021223460935518634,0.025163166428491274,81677.5215,72118.2376
2024-11-21,1.836782452225813,1.793972171083488,1.736539350425271,1.746919213220593,5.014282122901513,1.8747674245794563,direct,,0.04297873954544573,0.020718614753928173,83125.6635,72874.12659999999
2024-11-22,1.8614525006281164,1.9027001416318596,1.878468296073456,1.2207109348065441,4.065772462168682,1.8948535747089947,direct,,0.005837686827769195,0.017700462093410984,84608.5075,73639.4174
2024-11-23,1.835662885982853,1.903108031687668,1.8985746605278453,-0.3719312464752775,0.8953092174061013,1.8513057358204983,direct,,-0.012582959308819475,0.019144101588636022,86059.4075,74352.837
2024-11-24,1.8234915621963774,1.851924948183781,1.854982995910866,-0.3278650702121058,0.956722419740313,1.8601547713328086,direct,,0.0025894737014375835,0.017695322546634733,87569.72,75072.0172
2024-11-25,1.83396322468473,1.7384368366176215,1.8638409369265858,1.0086600082893653,3.4976306541505156,1.6854244201728836,direct,,-0.05099889612337294,0.03002965030378232,88751.7845,75675.9696
2024-11-26,1.6973916351963863,1.6721593295737773,1.6889347404176582,1.3192640335039887,3.9333910401377357,1.6464332263680683,direct,,-0.011992017147394507,0.029552719733705386,89564.8005,76269.8506
2024-11-27,1.778847309043056,1.7087014379941659,1.64990430660653,0.2876780627678817,2.0835520088600092,1.7881247547825534,direct,,0.044107164560716505,0.033365722967038595,90566.55549999999,76946.4174
2024-11-28,1.754704338106304,1.8126297598491867,1.7917384307183242,-0.5408950965467789,0.5123391605824739,1.7780893696680637,direct,,-0.0029919492492040956,0.028288392458781772,91521.9605,77648.1212
2024-11-29,1.825741367054233,1.8380506355611999,1.7816929461804307,0.010408815421524019,1.6234995398563947,1.8424231441615149,direct,,0.019238027724559625,0.02947155480857695,92561.686,78392.732
2024-11-30,1.7836911888211775,1.8645933868891897,1.8460914649781963,-0.9507410732948708,-0.2627005883715562,1.806161183619463,direct,,-0.010638911006069951,0.02936201286016123,93363.89,79071.8538
2024-12-01,1.7968598629784573,1.8508934775190922,1.8097930110790106,-0.7904818181513029,0.05122388545377197,1.8342281039661399,direct,,0.008323113774962643,0.029575177387890367,93789.798,79753.4426
2024-12-02,1.8079632610313334,1.8034750127938162,1.8378881774480356,0.4526189137689394,2.441962774201411,1.784707620512987,direct,,-0.014563850846972537,0.021296658833845954,94180.7585,80413.548
2024-12-03,1.7420262487879603,1.7739670502485996,1.7883178575089043,0.46412289685634134,2.4367571391393246,1.7871061859137403,direct,,0.0007158374604565587,0.020168524448709674,94452.2515,81010.7504
2024-12-04,1.8426336662065488,1.8121403629672173,1.7907188367809008,0.6861653558265686,2.9276573956906202,1.8857997068846992,direct,,0.029433419956995,0.015895517276251454,95023.1355,81644.494
2024-12-05,2.007957314227202,1.7081586523614363,1.8895116810607424,2.824607662678965,7.392093408382745,1.8264455247402913,direct,,-0.017195117419042227,0.017765521990279733,95322.8805,82233.27620000001
2024-12-06,1.941170987739861,1.8749105850111145,1.8300977659803868,0.6090163008935953,2.87550390779544,1.925860852407921,direct,,0.029304874347037435,0.019680094536620705,95786.23199999999,82883.0582
2024-12-07,1.8891941265272496,1.9674023246032697,1.929613143369624,-0.7839130891924699,0.09950657440510835,1.9268539046235347,direct,,0.0002843901632836321,0.01877266680858299,96288.693,83513.0732
2024-12-08,1.9185190504434106,1.9568879440285365,1.9306071949743664,-0.7647434194635375,0.13977497637823022,1.971016240447986,direct,,0.012643608224374825,0.01896305645571636,96822.442,84169.4686
2024-12-09,1.913679301906038,1.8087088899933503,1.9748139749454943,1.0692568935444866,3.7197696285273607,1.8363907277105964,direct,,-0.03806183646357275,0.02445415952044884,97068.435,84735.8166
2024-12-10,1.8113154186290288,1.7986358564249025,1.8400529776164767,1.0227990821539972,3.559722532111643,1.8126057114967136,direct,,-0.006990667808799644,0.02471711761812186,97182.33300000001,85321.8114
2024-12-11,1.937401919096586,1.8501296624582146,1.816244024608274,0.5438539185735726,2.7539079577900307,1.9714797347239115,direct,,0.04702348116884014,0.02863261488833034,97320.674,85998.06639999998
2024-12-12,1.958710514609509,1.9775792882731973,1.975277935673368,0.26779069141204026,2.2471882485876984,1.9308946239521134,direct,,-0.011472873303151832,0.028006188431850883,97372.2285,86666.64660000001
2024-12-13,1.936300599166934,1.9747703281331956,1.934651980807109,-0.17411579100203084,1.3468562719057162,1.9794042284867326,direct,,0.013872176460322017,0.02629968065589258,97555.4655,87331.97099999999
2024-12-14,1.9606287873972625,2.023661610529446,1.9832104044981183,-0.8095681078382855,0.06811648273406097,1.9784664040958522,direct,,-0.0002645179748984594,0.02630810448399855,97724.703,88028.47459999999
2024-12-15,2.0462387680870453,2.0457958747446554,1.9822716362983561,-0.5203083179192242,0.6863250825858789,2.084084026206934,direct,,0.02979785104871202,0.02815616793397671,98294.961,88776.671
2024-12-16,2.1387995613369037,2.119528942869672,2.0879955500038725,0.7335421067511197,3.40192054371864,2.142271083624861,direct,,0.015941272041993138,0.020905763550647903,99004.22649999999,89539.5522
2024-12-17,2.157391866057405,2.1910428185880857,2.1462411657853075,0.04539536247524973,1.9643892001851524,2.144051656657714,direct,,0.0004801619769023713,0.019908350791580973,99513.35800000001,90263.8384
2024-12-18,2.0931173339454134,2.000164509469829,2.148023530753473,1.249134030119282,4.342046451631732,1.9345746147039542,direct,,-0.05646195680540844,0.027823737338294522,99737.2005,90812.3102
2024-12-19,1.9645562202692464,1.843893500444407,1.9383356750326382,1.4558278768948216,4.542696381362471,1.8378853744103376,direct,,-0.027620925425218767,0.029443708705333485,99730.7095,91313.293
2024-12-20,1.8049536521457374,1.7224689731152263,1.84154912850063,1.5964731205669147,4.634462095932717,1.8514612825420573,direct,,0.003988350922304207,0.028701359666397346,99795.5085,91864.532
2024-12-21,1.853068147528161,1.8732185175370184,1.855138699171729,-0.34447634472982114,0.9333613010869088,1.832372728689661,direct,,-0.005585587078341114,0.028629208273991277,99792.8545,92419.5316
2024-12-22,1.7793103522769986,1.7951492150752497,1.8360309349566688,-0.34925293050851947,0.887344389883459,1.7581042375217397,direct,,-0.021854103215285914,0.024303621322980785,99754.8,92934.42459999998
2024-12-23,1.746298984532542,1.7308154144840862,1.7616877013718601,0.6350379102723713,2.7116698716038905,1.7466734759747509,direct,,-0.0034387445627520608,0.021383548609734054,99696.9635,93454.9166
2024-12-24,1.8499728153970243,1.7685210417460437,1.7502454361207909,0.047729651835319166,1.6830431450575234,1.880733427823417,direct,,0.040468752044387823,0.030041637483185203,99689.71650000001,94070.81620000002
2024-12-25,1.8515292603491842,1.9155518817148787,1.8844403033912114,-0.6257858300582494,0.3957453716225311,1.906918757154026,direct,,0.007597133386061161,0.022319461369258452,99804.8285,94670.3756
2024-12-26,1.865437770870585,1.8276109992375313,1.9106519851462525,-0.040508596862445574,1.4966740790465571,1.778431222912298,direct,,-0.036996938083092235,0.024375479261219364,99593.93950000001,95071.10800000001
2024-12-27,1.778076488373318,1.7625571623611136,1.78203514345936,0.2659844756509859,2.0451361336872638,1.7256467051087756,direct,,-0.015782786384517022,0.024674409227180484,99306.125,95436.0616
2024-12-28,1.7158007882436845,1.7888311903102763,1.7291975043068935,-0.8946379149419603,-0.17510309083161552,1.759554492235777,direct,,0.010301147636154973,0.02534223722304249,99003.642,95807.61839999999
2024-12-29,1.7031805362958254,1.7476118713982811,1.7631394155950475,-0.762277903286391,0.06841680224619073,1.7044909528040255,direct,,-0.016557678330336723,0.02475123246749476,98814.9675,96144.58720000001
2024-12-30,1.694042576029253,1.6928022680177495,1.7080204612497196,0.6071305750503437,2.616364533125399,1.6723805167832138,direct,,-0.009818216990675421,0.024927347549341096,98614.384,96388.9228
2024-12-31,1.736369203122424,1.7136043049389866,1.675877709888206,-0.024317388885185857,1.4655525683769144,1.6984483996004658,direct,,0.00804965470255059,0.01738109165675234,98223.8295,96481.59619999999
2025-01-01,1.6955318883192423,1.7432827555616308,1.7019718269339212,-0.7189653137314739,0.14904539681677156,1.7334212448411506,direct,,0.010713232549518725,0.017868293120046872,97941.356,96608.63560000001
2025-01-02,1.7923781553059919,1.7955695625062362,1.736979868190273,-0.04593428043606882,1.4895871874796323,1.8211024074689541,direct,,0.026574672079384465,0.016256223669714014,97714.91500000001,96736.68460000001
2025-01-03,1.8335748880543306,1.8604863682557025,1.8247492714960176,-0.3926826742995938,0.8385605440898394,1.8642653993002907,direct,,0.01274332060280936,0.014564625269392634,97551.55750000001,96952.7168
2025-01-04,1.8264805148782293,1.91390110154137,1.8679557017529749,-1.043814308982151,-0.4350072007361234,1.8669879912423581,direct,,0.0007936960823675676,0.014540054745044011,97241.015,97095.81219999999
2025-01-05,1.8285888247404334,1.9041462649274532,1.8706810336605213,-1.0454611527642887,-0.4380052429252654,1.8716467029388375,direct,,0.001357040958342992,0.011430745249017972,96853.9035,97250.1328
2025-01-06,1.9563798062869873,1.9276262815868273,1.8753444337970955,0.23072069875314022,2.1684714290403426,2.009199989473474,direct,,0.04001373911163708,0.014237019453478425,96661.00649999999,97498.2336
2025-01-07,1.963857352042552,1.8637327602269333,2.0130361513800104,0.5182298596057803,2.659201891690389,1.8225533612693805,direct,,-0.0522058579107606,0.02910883551599166,96500.76699999999,97626.78640000001
2025-01-08,1.7746461814714558,1.7347277421398009,1.8262016855091416,0.637944601861353,2.7527397185007163,1.756440411915854,direct,,-0.019510643786980086,0.030453976738614413,96384.265,97679.438
2025-01-09,1.7090252091453755,1.6887817391604936,1.7600222013230833,0.38454526627113605,2.1986083592809216,1.668951847588228,direct,,-0.026332583771290996,0.02971981185132184,96123.1965,97642.802
2025-01-10,1.7262359581054214,1.7246935043969054,1.672445590144834,0.5590646194752461,2.566987072452261,1.7445290284764086,direct,,0.023362657177693036,0.031085392077596898,95997.5415,97568.28279999999
2025-01-11,1.6966349295992067,1.7823544229930421,1.7480988304906973,-1.0552574281570748,-0.48209649605880456,1.7396235392846027,direct,,-0.0014817819689919576,0.0310308769113844,95971.106,97479.464
2025-01-12,1.7104931766914957,1.7769849383665763,1.7431884045065527,-1.0105171752678455,-0.3959038331170151,1.7373766756302684,direct,,-0.0006797085120590074,0.030971142859281698,95957.8075,97414.2766
2025-01-13,1.7279159960099868,1.61602497332438,1.740939279650768,0.9987891482177043,3.3144792480696066,1.7377957779204904,direct,,0.00012687069463668266,0.024176900625984307,95753.344,97344.2658
2025-01-14,1.7783071493151332,1.8000627597702226,1.7413588037176764,0.16740499086431637,1.8922721557677284,1.8080263461053887,direct,,0.02125750891420708,0.01858728657237049,95611.8845,97414.41560000001
2025-01-15,1.894024579772937,1.8763253869062624,1.8116600506294878,0.125888414449287,1.8909948861490924,1.9472833061700854,direct,,0.04127317087977689,0.022077507237861286,95853.41699999999,97586.5546
2025-01-16,1.8991280391781162,1.9051065505911289,1.9510571562875576,0.13502398216788922,1.9286594383168862,1.9287082312704298,direct,,-0.00528709142217898,0.017558799116341357,96143.88399999999,97666.99299999999
2025-01-17,2.0732842799199833,1.9999879706673143,1.9324633877808282,0.5140682456132766,2.8471005974294297,2.073128992947679,direct,,0.041325500655484904,0.02066602877898566,96592.43299999999,97835.8074
2025-01-18,2.038893422035446,2.081609404679668,2.0770294918045655,-0.5003621935380426,0.7395195269813497,2.0843280073567048,direct,,0.0030773847138150234,0.02017038267821818,97135.7665,97974.21940000002
2025-01-19,2.0867493706009985,1.9856221256127335,2.088239776691698,0.0706584597424492,1.9364197558186564,1.9718114512155047,direct,,-0.03082364404922966,0.026241084931123388,97564.084,98069.00039999999
2025-01-20,2.1908232432780035,1.9824978159182411,1.9756099859982184,1.0291071165512915,3.9745722457536323,2.0045349859994936,direct,,0.009249642534483904,0.02588528186496963,98001.92199999999,98166.4458
2025-01-21,2.118958933370101,2.004539895557137,2.008366453134008,1.5818925194759244,5.0990883669748355,2.144592399979627,direct,,0.03922583871323315,0.027838438411025814,98590.077,98372.36300000001
2025-01-22,2.0895513846389617,2.1203023679056856,2.1485648182693255,0.15506404102671018,2.133042206755737,2.057677436034198,direct,,-0.023423444130743487,0.0280159602430685,98928.483,98527.17719999999
2025-01-23,2.1056195012618657,2.045541032441026,2.0615623847339424,1.916499090521858,5.808270163034961,2.0669333398249226,direct,,0.0025542813729995117,0.027702127640708143,99218.387,98630.8174
2025-01-24,2.1161390172888934,2.1000007615415752,2.0708276034926825,0.02156590938925319,1.8707522408409247,2.099122772607694,direct,,0.008860440887995313,0.023117869226724007,99550.4415,98786.8366
2025-01-25,2.051116386331283,2.148263836303879,2.103049431117016,-0.9764013691585315,-0.2460772484857718,2.094871278732823,direct,,-0.0011599852672430355,0.023117393167613007,99869.7505,98883.54019999999
2025-01-26,2.057766995396937,2.0906296120831227,2.0987936586184297,-0.8960824653733765,-0.08339828647222675,2.019502076045378,direct,,-0.02058775086971032,0.02102444178079425,99884.487,98936.55119999999
2025-01-27,1.980475267955127,1.9206743543878266,2.0233486057786636,1.9308707137861894,5.585769850988852,2.0016330783986405,direct,,-0.004983674204326327,0.020905981131761297,100140.6495,98954.06940000001
2025-01-28,1.9996676353944098,2.0099513793342014,2.0054616251077597,0.15857796448238087,2.066770772745366,1.9743250163272532,direct,,-0.007654381902170493,0.011795649849138149,100452.31999999999,99032.99200000001
2025-01-29,2.034413435713293,2.047634939245845,1.978126080714763,0.26354886370829383,2.3015491263466776,2.06026021069846,direct,,0.024273217799333002,0.014039267929499272,101012.0625,99174.6938
2025-01-30,2.092080736787494,2.1194598934186883,2.0641477586541965,-0.10307353255919871,1.6054618885576208,2.0950960350068955,direct,,0.009606530447316075,0.01448354649962363,101513.52699999999,99245.424
2025-01-31,2.0793382689674793,2.055977109514644,2.0990186410830023,0.09264581198604574,1.9733767982230948,2.013751391409238,direct,,-0.02221863024465054,0.016380866419357702,101905.65,99292.8326
2025-02-01,1.9645706796118674,2.011700394809109,2.017592133761338,-0.8407385227610884,0.005956262249449928,1.9510943756198689,direct,,-0.017503152205870398,0.017179164400802128,102211.36,99276.63440000001
2025-02-02,1.9187359405827291,1.8653522189999958,1.9548720611261732,0.5991890658227857,2.810467919991149,1.8478110029617498,direct,,-0.029366068550873647,0.018709438495262968,102368.73000000001,99201.8766
2025-02-03,1.9579455465308324,1.6868351853077732,1.8514847460184989,2.7971657780708594,7.012075808592488,1.9801557463549373,direct,,0.03876739542268237,0.02550481395590433,102614.9505,99142.41140000001
2025-02-04,1.9312474031908666,1.8273522417588464,1.9839626786798135,0.8358842478612167,3.312199067321305,1.8523487727129277,direct,,-0.036040944973784406,0.028853094887341935,102479.1525,98976.525
2025-02-05,1.842023963926019,1.8659580033586227,1.8560270824960656,0.1092975451739056,1.8272819547141494,1.811760865595574,direct,,-0.011873525485178726,0.025899433319448134,102311.8665,98786.39640000001
2025-02-06,1.8410634504518926,1.848734792363351,1.8153983284700612,0.18069759898662321,1.9531920440099662,1.8093336376528704,direct,,-0.0007185898171560012,0.024883826630859956,101934.5235,98714.7366
2025-02-07,1.876232014407416,1.846544785807163,1.8129686578106696,0.4344972995040082,2.4663080069214534,1.8082311784173737,direct,,-0.0003266218447052216,0.024654430135739657,101539.584,98697.7692
2025-02-08,1.7627626674571564,1.8485119833101775,1.8118650890808707,-0.9519949402548237,-0.26871602638036624,1.8062338886039222,direct,,-0.0005919235890251562,0.024412730802734133,101302.7355,98671.8912
2025-02-09,1.7777215459389726,1.8153027566372524,1.8098657892324026,-0.7370675781976406,0.14446682233800293,1.8065837813416308,direct,,0.00010375681558416616,0.02208894689559692,101019.5785,98657.13540000001
2025-02-10,1.8129228155504253,1.8339685316780674,1.8102160340956015,-0.4035150434625989,0.8089482876924706,1.8405939846246242,direct,,0.010084302735330342,0.014839430233029043,100584.7275,98704.334
2025-02-11,1.8176079868297752,1.8188655659379893,1.8442604646094467,-0.3724420811626657,0.8574736133167443,1.7819567155721638,direct,,-0.01721284906748588,0.008941444731143946,100190.326,98724.5222
2025-02-12,1.804801484778152,1.7916358793502174,1.7855641841089314,0.018638812557937822,1.6027202407471013,1.8551356806027857,direct,,0.021857768316384085,0.011915296942280076,99887.3625,98709.8758
2025-02-13,1.803997958452485,1.8321312468019033,1.858816795077766,-0.574941595195063,0.4588858031019755,1.811728358078484,direct,,-0.012687968820514373,0.01314644981344788,99476.2625,98655.4102
2025-02-14,1.8303404708179802,1.8697752990379841,1.8153657882380156,-0.6825806557633675,0.2682228316394702,1.8423458951155276,direct,,0.009064522411546205,0.013559399116610088,99115.0405,98691.98059999998
2025-02-15,1.799709386285032,1.904033792625852,1.8460141381902175,-1.187636437796886,-0.7200125579487133,1.845404398067523,direct,,0.0008973557336571236,0.013532454620194128,98866.00450000001,98760.50299999998
2025-02-16,1.7910589124268335,1.8621738087047326,1.8490757191622331,-1.1594462436983708,-0.6676688116282745,1.7942480524640456,direct,,-0.014995664278356746,0.01496263881758624,98569.353,98780.35380000001
2025-02-17,1.7675772842799726,1.8321857033276787,1.7978678907717838,-0.8803676142602516,-0.13381890465794827,1.7822803925702835,direct,,-0.0035615356233140716,0.014236140302298883,98294.64499999999,98824.86299999998
2025-02-18,1.756921781578293,1.7658007069323043,1.7858881868495127,-0.465429474106335,0.6473696061115366,1.776700285013066,direct,,-0.0016665568782479045,0.01266148306681049,97889.03,98884.5522
2025-02-19,1.7620397003260935,1.8252807582293469,1.780302463576683,-0.7930050319102206,0.035175880050179804,1.81201533304118,direct,,0.010564811477322245,0.009780846693884385,97484.1005,98949.5324
2025-02-20,1.8266863883755509,1.875021277687691,1.815653052006933,-0.6515770009244641,0.33208802205535753,1.8716009127803563,direct,,0.017639202578533242,0.010801780830345196,97280.763,99028.59539999999
2025-02-21,1.8527156149842525,1.8161206722989,1.8752985975562573,0.028705985133429465,1.6556996953243008,1.7948625494000008,direct,,-0.022323201654246838,0.01376222437618789,97057.28300000001,99013.5816
2025-02-22,1.7650868346484923,1.8515900227540112,1.7984830061259327,-0.9820968944712919,-0.3261563489797636,1.8098995480847881,direct,,0.00447414240230426,0.013949423910963455,97003.053,98982.47480000001
2025-02-23,1.7547649296372883,1.8332228687924488,1.8135351377642346,-1.1298751775971017,-0.614708622696829,1.7991916418640534,direct,,-0.00317186312842177,0.012689080948530608,96744.19499999999,98943.68340000002
2025-02-24,1.7492641825800868,1.694199273662644,1.8028164553074655,-0.2945675846832774,0.9602766731975629,1.6336077874749697,direct,,-0.04920481225899542,0.02273904555295552,96431.29950000001,98807.4834
2025-02-25,1.6124543582085549,1.5017993851477183,1.6370659604322217,1.1784661023289162,3.4549289306417537,1.5312716768739827,direct,,-0.03198390770417692,0.024538540746393285,96030.077,98534.02459999999
2025-02-26,1.5015938897912444,1.3685051148245035,1.5346268606884514,0.6868281743878903,2.462385314172969,1.374645565930703,direct,,-0.05056898116517383,0.02655779657430823,95408.2825,98277.74279999999
2025-02-27,1.4219948643911562,1.3828293166534913,1.3778431241640472,0.2361565849479306,1.65624843654879,1.3931350027477025,direct,,0.006287533410247459,0.024164643763749695,94814.513,98069.86839999999
2025-02-28,1.3567959671615917,1.2262984823743694,1.3963511684035599,1.4055074938563736,3.475523007345606,1.3814333452249659,direct,,-0.0039544119860130955,0.024971679316267786,94206.862,97905.35740000001
2025-03-01,1.4057983350349725,1.4254470649104016,1.3846377345521126,-0.7408833585140405,-0.007072739651942116,1.4418347587801372,direct,,0.02049285262534095,0.02796181179425848,93685.111,97732.16320000001
2025-03-02,1.700783383851258,1.4698971150934053,1.4450999349572864,0.29725269501118107,1.953911042500015,1.7293403280452024,direct,,0.09558541034819279,0.05096985641568533,93525.9695,97726.2794
2025-03-03,1.6770153230124716,1.4707456403054888,1.7328948444361836,0.9022199316154265,3.0103874955182106,1.4456227583790826,direct,,-0.08609646848776398,0.058086059233785264,93044.8645,97559.345
2025-03-04,1.488572907490739,1.3418214171945064,1.4488917467279987,0.964966755420568,2.887805541113524,1.4839491210279325,direct,,0.01272613001899403,0.05735722973875052,92513.905,97414.1002
2025-03-05,1.5594928846174478,1.5159555903743136,1.4872566803095528,-0.025759828429463914,1.3225253775639847,1.6012341454286894,direct,,0.03845468854542222,0.05426644684565671,92212.806,97295.77879999999
2025-03-06,1.6216973208441627,1.56850649367268,1.6046597381596308,-0.021510612620734598,1.360922806474357,1.577504007496345,direct,,-0.007492373977494915,0.05475291770996652,91833.966,97084.20019999999
2025-03-07,1.5689007526129508,1.4557110121663839,1.58090571866144,1.086239332383961,3.258866835131205,1.4668631001369057,direct,,-0.03519662820460501,0.0572906704277491,91292.486,96819.94380000001
2025-03-08,1.41692755334253,1.4755616615490728,1.4701534643674847,-1.0207820676052604,-0.47836621368909615,1.4479314911788461,direct,,-0.006242147757069216,0.0570147754690323,90797.1015,96462.22120000001
2025-03-09,1.4048422970716579,1.2904731844882673,1.4512028029931603,-0.5637327844924535,0.25808140395939166,1.2554747559955448,direct,,-0.0638556103218324,0.04348982508362839,90043.5385,95987.9718
2025-03-10,1.319718081439937,1.1984366729775953,1.2585523829603666,0.5420772552324497,1.9992032224571583,1.1800632585815634,direct,,-0.026727643598382422,0.033296238959205866,89190.08600000001,95534.95300000001
2025-03-11,1.3049492400325713,1.168560328052133,1.183064992829444,0.24160443283650268,1.525534689865855,1.3323889396027406,direct,,0.05547047018633289,0.04160255085259123,88504.01000000001,95150.3676
2025-03-12,1.3325607318481132,1.3114496246619884,1.3355439715597108,-0.22052223747216276,0.8224099320372418,1.3584533269880477,direct,,0.008992700990491098,0.03759206632249061,87769.984,94700.55819999998
2025-03-13,1.329014750205281,1.2872214536419602,1.3616345896557438,-0.4846290480697219,0.37150040422176783,1.268141502278334,direct,,-0.030881559512121903,0.038290177111462834,87016.54199999999,94248.80520000002
2025-03-14,1.3637381729701072,1.3182727070091544,1.271231876819098,-0.41854350444136135,0.5159542227813635,1.3699997873324208,direct,,0.035939672006278345,0.041084345484344836,86387.2925,93850.037
2025-03-15,1.3421496858964446,1.4193881535491177,1.3731926701412973,-1.1788547954884165,-0.7600725174136916,1.382599071778669,direct,,0.0042913028524038666,0.0411770857218438,85791.3825,93440.0598
2025-03-16,1.3557235659171818,1.3611396027696128,1.3858046342711605,-0.9312435124305075,-0.3488466349757636,1.3202562953211678,direct,,-0.02114315154170565,0.03288071379873605,85343.1525,92996.84419999999
2025-03-17,1.3446339386668014,1.377183278298087,1.3233991172124349,-0.6903610339393941,0.056945387962313965,1.3710361829041537,direct,,0.017593657539440866,0.03020178156957217,85113.9455,92625.808
2025-03-18,1.3197886568027313,1.3307151333363445,1.3742301087221003,-0.6560978175449453,0.09498082412946385,1.3253026504203633,direct,,-0.015571295822011222,0.02360636556273196,85043.3635,92238.8284
2025-03-19,1.4229715585582159,1.3814216332584448,1.328450550868777,-0.31047065656620454,0.7166942346281534,1.47077413894032,direct,,0.050313394846073445,0.030439586896911806,85154.4215,91950.709
2025-03-20,1.4383587089976713,1.4187805895654657,1.4740684391670142,-0.5118478822702489,0.38724468226070613,1.3763908351009102,direct,,-0.03108007159423798,0.0304795140414864,85147.20850000001,91559.4158
2025-03-21,1.3459325253422154,1.4016075639959082,1.379590149740421,-0.836948073090344,-0.1842082908800089,1.3722721676399545,direct,,-0.0013997667570185834,0.027433340025955336,85047.7035,91145.83380000001
2025-03-22,1.3357758699609688,1.4205598586658035,1.3754673373297628,-1.2244788064594083,-0.8377958452719189,1.3644742085135473,direct,,-0.0026539225091267715,0.02739594599184303,84525.785,90774.3334
2025-03-23,1.3916429828788235,1.425740347114578,1.3676615304835118,-1.1306737965642994,-0.6749931764213666,1.4432710317663942,direct,,0.026888718744703333,0.02739739471635305,84522.421,90483.76939999999
2025-03-24,1.4830835213455973,1.4876538576712752,1.446537653381745,-0.4701378078675724,0.5047893318729578,1.493214112941714,direct,,0.01659637918511736,0.027331384343476844,84535.674,90280.87780000002
2025-03-25,1.4759392290104458,1.515361551540854,1.4965309963374664,-0.580203685015494,0.3084354951003918,1.490390503016432,direct,,-0.0009229839690092501,0.02591461861976759,84377.119,90000.64619999999
2025-03-26,1.4663726525161715,1.4990772707089535,1.4937045447841018,-0.7012219000787618,0.0879951370695858,1.472362812759385,direct,,-0.005898350520415763,0.018297197064963324,84226.72099999999,89783.2276
2025-03-27,1.4485360205826627,1.4973040523337011,1.475658711797621,-0.7958191962796547,-0.07840727622206754,1.4826722397383738,direct,,0.00339308096330182,0.012037620021764723,84249.33499999999,89594.9312
2025-03-28,1.4386682077837787,1.4163948242564905,1.4859785139906072,-0.49975285078421583,0.3996467290360563,1.383685801570412,direct,,-0.032468654439422484,0.018723323770469112,84157.43549999999,89351.386
2025-03-29,1.3385073086361372,1.3483989112881751,1.3868924577273887,-0.9942380136598371,-0.45858668051019136,1.3221186614615372,direct,,-0.020872406783935094,0.020454254899813368,84252.76550000001,89073.2444
2025-03-30,1.3017977918812622,1.3458803859523096,1.3252633576031663,-1.0356493975324912,-0.5287627557749643,1.3135150052717757,direct,,-0.0029789780776308117,0.016100351515984414,84443.65999999999,88791.32280000001
2025-03-31,1.315592004741942,1.3361515318637631,1.3166510428551443,-0.5858221629477184,0.21728429359260398,1.3191080459271904,direct,,0.0019423519270751477,0.013368572550594643,84424.66249999999,88512.4012
2025-04-01,1.3719689816222274,1.3763657185614444,1.3222497122417984,-0.5731965951610095,0.26514781581374386,1.4112280575821239,direct,,0.03192943210718946,0.020327961211609926,84500.1535,88266.72859999999
2025-04-02,1.4735376010550676,1.3720668563502254,1.4144624317491001,0.055275017909985416,1.3665011830942364,1.31739738153324,direct,,-0.03151606998113066,0.022954419039682906,84570.611,88000.9192
2025-04-03,1.3159710460806568,1.3321808325072173,1.320537326267279,-0.39573747980275625,0.5289721989738927,1.3407545568770383,direct,,0.00810056130045389,0.023382295609453384,84528.7775,87706.60299999999
2025-04-04,1.3430861004662022,1.3489132229204992,1.343918007834368,-0.08740265826144811,1.0595985324234944,1.3652718660834278,direct,,0.008434585395652672,0.02079383632716197,84503.992,87451.1516
2025-04-05,1.3263690347756534,1.3741426109797859,1.3684599908010138,-1.1296855495692075,-0.6822699705076165,1.3527987667303987,direct,,-0.004255176561089091,0.018977420522469663,84550.542,87171.0448
2025-04-06,1.3100389286352545,1.1862999862297592,1.3559743387546812,-0.34601236693721577,0.5566691757285266,1.1732104642531216,direct,,-0.06152805569403952,0.03066747934292745,84267.56450000001,86786.43200000002
2025-04-07,1.2210853970993374,1.091873082385046,1.1762053019772885,1.1149273440325138,2.799505031067388,1.200387098083371,direct,,0.009921321314960041,0.031186085491878738,84088.8805,86446.6394
2025-04-08,1.2095027751195848,1.154313361949245,1.2034092858622303,-0.006724200033792517,1.0588030984726233,1.0994404216805769,direct,,-0.03649037578279124,0.028041749534966638,83557.7105,86055.9352
2025-04-09,1.3037718364191262,1.0969603184824925,1.1023610186171762,0.8184701326020277,2.387004782706291,1.3207687256443252,direct,,0.08303615102465267,0.0451997550387381,83478.1465,85795.06239999998
2025-04-10,1.274029312917261,1.233491726726807,1.3239120632358607,-0.2894310926475555,0.6639266213182828,1.214784782265393,direct,,-0.03671363409000172,0.04716267920386851,83252.87049999999,85453.3418
2025-04-11,1.3276108168907692,1.2519446586145913,1.217821459603639,-0.36023833898902735,0.583224395698075,1.3486961782563909,direct,,0.04815589122287278,0.051307935872005765,83230.301,85154.1486
2025-04-12,1.383838036293906,1.3887145366123013,1.3518676215125618,-0.8938966417420106,-0.27611135127042746,1.4146242192600191,direct,,0.022619144700549265,0.051911854980670094,83189.32350000001,84936.5856
2025-04-13,1.3900256021256172,1.397713388515452,1.4178620112604259,-0.8189534638682138,-0.15004064449688848,1.3607526221215591,direct,,-0.01807390270114073,0.044870558903750614,82999.84550000001,84679.5948
2025-04-14,1.380273808337766,1.4207513463185306,1.363936198756763,-0.5442689978222977,0.3221000900008268,1.390283079823665,direct,,0.010089821060129234,0.044870335390624454,82856.648,84445.6274
2025-04-15,1.4035798587527966,1.4182246347075482,1.3934963753577685,-0.7521421268789152,-0.027711570538773427,1.357510608992444,direct,,-0.011085683544041935,0.041336209981683546,82692.359,84287.65139999999
2025-04-16,1.3695718291776604,1.4003899445535686,1.3606909229264266,-0.6102071311655235,0.2012454875155907,1.3711857873914057,direct,,0.004677648972950976,0.0279776131836149,82532.8845,84196.0542
2025-04-17,1.369120146855777,1.4228495242234103,1.3743798637685027,-0.8569969273122401,-0.21112330252391767,1.403134734456352,direct,,0.010877383392003281,0.021893293966646497,82560.705,84212.355
2025-04-18,1.3574328667770517,1.4428436113831418,1.406360963654694,-1.1991291628195522,-0.7930911999466219,1.3862357191743904,direct,,-0.005691553271577665,0.014200231806900391,82652.4205,84208.4074
2025-04-19,1.374010158822262,1.4452628336425934,1.3894449415206294,-1.204850722407014,-0.800960498054261,1.4072635386699484,direct,,0.007122664988238103,0.011358305485979093,82786.522,84223.1868
2025-04-20,1.3632699656852287,1.4309845461392592,1.4104939230194309,-1.1924566485764356,-0.7811407855823278,1.4109547148040138,direct,,0.001241454128387609,0.008237547391041608,82917.903,84205.51800000001
2025-04-21,1.4742626338065048,1.4729117998863366,1.4141888138839436,-0.3231746789915412,0.7566523982857076,1.4930424872332082,direct,,0.027574367297058533,0.012489522310889968,83034.9335,84070.3142
2025-04-22,1.6605392463656108,1.5423997504758993,1.496359197908066,0.11313408254716206,1.621434796762703,1.7016404280527657,direct,,0.06819049455999648,0.025095911495586563,83584.56950000001,84216.80119999999
2025-04-23,1.6853122315165745,1.7153148805133465,1.705167067783801,-0.23258595746564928,1.056231919096773,1.7102367438354422,direct,,0.0026307372546754415,0.025265051292680356,84113.091,84346.2774
2025-04-24,1.6643423977450638,1.7064231620367216,1.7137720347374898,-0.6367283171669521,0.29237482572321877,1.7204870980145581,direct,,0.0031286931515388527,0.025692632639411645,84621.2045,84414.511
2025-04-25,1.7289498390074067,1.7487746783898404,1.7240327046808452,-0.2499926846198555,1.0540743993030057,1.744562235079888,direct,,0.007325482161287589,0.02439332871033742,85181.598,84510.0976
2025-04-26,1.7060159445298417,1.7855549006386193,1.7481320705126797,-1.132755483096859,-0.6285480963437625,1.7428991085603913,direct,,-0.0005023690957906002,0.025055874343604064,85996.50249999999,84668.03860000001
2025-04-27,1.709059291881554,1.7768254839643058,1.7464672702538395,-1.1214084092867125,-0.60856001721468,1.7119218915761933,direct,,-0.009361776208526074,0.026359123344188284,86728.22150000001,84819.0874
2025-04-28,1.719051041902906,1.7481069630803316,1.7154588783793288,-0.6744949025813815,0.2387835592365689,1.7558811428046321,direct,,0.013410688114326774,0.025691224856390853,87667.21949999999,85105.40759999999
2025-04-29,1.7139055815501123,1.780715388344701,1.7594623693739149,-0.7997514272031659,0.008664443291582918,1.7292844011340807,direct,,-0.00800651885735637,0.00807868843443344,88251.576,85419.6584
2025-04-30,1.7057660044645315,1.751826379383299,1.732838861241267,-0.6368859300732537,0.30911770845335945,1.7262077219359704,direct,,-0.0009336598703186816,0.008088168538977635,88983.135,85644.9918
2025-05-01,1.783385477005757,1.7938992064574488,1.7297590857309033,-0.5602223791820129,0.4885019571406015,1.8077620914503363,direct,,0.024771903806653395,0.012234907152269664,89639.8005,85902.07520000002
2025-05-02,1.7983477981881972,1.8734790546407283,1.8113955300335056,-0.8237342714211882,-0.011125264336620921,1.8219451561109268,direct,,0.004203925618614601,0.012142160468241174,90222.448,86218.94799999999
2025-05-03,1.7647435973962686,1.8535194922064886,1.825592868264421,-1.1436089611312439,-0.6401091766350437,1.7862242884339823,direct,,-0.010543505410932408,0.01322092325982174,90831.059,86457.1014
2025-05-04,1.7428156600410682,1.7996776489147386,1.7898360517760559,-1.0071812699608103,-0.3827987013008892,1.7334764726658838,direct,,-0.015735146940965672,0.014303634708232411,91321.976,86657.86480000001
2025-05-05,1.7048516231787683,1.777651229976065,1.7370351515952536,-0.7729023500663064,0.05248809697399972,1.7465444945359752,direct,,0.003960629314822661,0.013354144420166681,91878.465,86901.7764
2025-05-06,1.7629406550794227,1.7665638101431715,1.7501163248775138,-0.7479112054253816,0.10481727274607158,1.8188272308158637,direct,,0.02182087931626664,0.015134947778570012,92518.7885,87157.9914
2025-05-07,1.7907748896253446,1.8531834990017038,1.8224718051478057,-0.6891339048831887,0.24671334919076265,1.8263913455451417,direct,,0.0022347091010801456,0.015011955802543105,93124.231,87444.70199999999
2025-05-08,2.012069964392763,1.8919302069034871,1.830043532260311,0.025014747158169683,1.7444983761185908,2.043343368713578,direct,,0.06395244541936007,0.026662394145325733,94064.18299999999,87772.31199999999
2025-05-09,2.019154009466992,2.0850996052793707,2.0472138918767517,-0.5920506872628157,0.5361351044129493,2.0336715085213823,direct,,-0.002679669568754317,0.02703547479934452,94960.22099999999,88148.3918
2025-05-10,2.0407221846069725,2.1028164842566732,2.037532298105818,-1.0723841109509773,-0.45490094793546626,2.097700131806023,direct,,0.017787328502082422,0.025709997762539273,95942.568,88563.46379999998
2025-05-11,2.039966856090043,2.1214552089971033,2.1016253585963183,-1.006470604624361,-0.3134165469147784,2.073579554125407,direct,,-0.006583657462814085,0.024190144528031577,96772.9905,88969.1964
2025-05-12,2.0683712018593177,2.0278223738386982,2.077480506418614,-0.41901141775694417,0.9015464023830675,2.027384624624858,direct,,-0.012692364355506025,0.02612442835653811,97238.9475,89303.4118
2025-05-13,2.0419240313948492,2.054266889865289,2.0312390872072266,-0.6776640478045172,0.36664044508697297,2.0740189299209106,direct,,0.01297780480696753,0.025780627298419935,97759.3155,89635.73399999998
2025-05-14,2.019282422200271,2.0951811810479404,2.0779203243936797,-0.8095839394918203,0.09143644482919608,2.0532969607205516,direct,,-0.0056928117196847206,0.026382280796276622,98235.37950000001,89957.81520000001
2025-05-15,2.01378029806282,2.0521662204853737,2.057177500992079,-0.7641910706624359,0.17707250174165806,2.0618216201483532,direct,,0.0023553326632141935,0.011031107341534466,98689.1995,90295.089
2025-05-16,2.0274319831176624,2.1137782625627772,2.0657107394772813,-0.8827268824514536,-0.057337964129631776,2.0517533779735793,direct,,-0.0027752822975837255,0.011036165658139266,99130.99650000001,90620.7032
2025-05-17,1.9976560654197428,2.096131856736479,2.055632364812374,-1.1876839327574902,-0.6972113272139099,2.039859122150665,direct,,-0.003287742174848951,0.00810477324083599,99600.09049999999,90996.1494
2025-05-18,2.0989175959569124,2.1140060545660218,2.043726138833432,-0.9358997776423417,-0.16006500656037914,2.1562325379001295,direct,,0.03227338063104712,0.015005234552564875,100172.7685,91473.4088
2025-05-19,2.114300615155619,2.076982379613775,2.1602166706063644,-0.557000109965905,0.6315028348003667,2.1258072496200686,direct,,-0.008173925063541976,0.014281956694974769,100739.97,91938.18239999999
2025-05-20,2.1219523615627636,2.1523039410364135,2.1297607628866895,-0.7081406844879746,0.3357472351302477,2.1697689476508693,direct,,0.011907892002315235,0.014174608498455222,101374.45700000001,92424.90960000001
2025-05-21,2.240338917814439,2.2203934622810615,2.1737667031460535,-0.055721056836733944,1.7796508569361578,2.268479246695165,direct,,0.026422987113649876,0.015704532601976785,102033.48449999999,92915.40759999999
2025-05-22,2.282356046121503,2.3313274560108486,2.27257634238437,-0.499480898157941,0.8717558540056253,2.3391656192057093,direct,,0.018434389980078292,0.015850166655945942,102773.3365,93500.03820000001
2025-05-23,2.275859670043809,2.2443828076226886,2.343333852334754,-0.4995280413040223,0.839847062249393,2.1857441202697316,direct,,-0.039286762485957305,0.02460688680899706,103344.825,93983.52040000001
2025-05-24,2.1967567378036548,2.247538438717627,2.1897579528790856,-1.0770477642677942,-0.43505623073295335,2.2013529716207434,direct,,0.004160420135818521,0.024324489499361883,104014.09349999999,94461.9054
2025-05-25,2.1911282665532994,2.238524282039259,2.2053825126854125,-1.039809604266903,-0.35816732328609674,2.24546462368199,direct,,0.011708910027940389,0.021809543169842287,104727.76800000001,94972.66679999999
2025-05-26,2.229347751801908,2.3124071945914095,2.249538557886147,-0.889338884596615,-0.013326680527247075,2.260138446987678,direct,,0.00384991247364308,0.021192807621552893,105359.0365,95594.5802
2025-05-27,2.241155182132415,2.2705863624208478,2.2642271486524574,-0.5839716185567666,0.6596410565940342,2.2431754653011193,direct,,-0.004433441462932564,0.02124536870192832,105955.22050000001,96191.23800000001
2025-05-28,2.1904238900056066,2.244109457218796,2.247247095739206,-0.7380498443458415,0.2992034447127607,2.202808819025893,direct,,-0.010597200574989252,0.018917091336726047,106183.326,96822.5582
2025-05-29,2.176699219697533,2.1917119575976143,2.2068398252280916,-0.5353526105515213,0.7232970601278376,2.1247093344461008,direct,,-0.020722565367765178,0.017496963684658716,106313.55,97282.55320000001
2025-05-30,2.0878169520645353,2.132010520947419,2.128661742791478,-0.5645641222102898,0.6266907443100794,2.0706171755519027,direct,,-0.014656285569083494,0.011625124067135797,106274.8095,97772.23940000002
2025-05-31,2.0400122997382817,2.113407032782491,2.074515146562862,-1.0919034843157664,-0.4930200235950732,2.09212736465589,direct,,0.0059148819479413195,0.01185665991236883,106301.34099999999,98197.6124
2025-06-01,2.0732398690819327,2.1381840401603354,2.0960469831178217,-1.128064388247248,-0.5646898796137784,2.1287434124539844,direct,,0.010009493128112501,0.011489933312702462,106446.32849999999,98606.21380000001
2025-06-02,2.07542426262793,2.1340848518769597,2.1326998806198247,-0.8587873114197598,0.0016174523132104653,2.135964974852638,direct,,0.001954547961589004,0.011284256509711798,106534.9385,99049.77120000002
2025-06-03,2.106405125544287,2.177442568219407,2.1399287106634635,-0.8440730208100317,0.04597311033576534,2.1198464895240257,direct,,-0.00435402953805808,0.011284547170295514,106630.1335,99467.2094
2025-06-04,2.0773635358894906,2.1518092052793683,2.1237940039934573,-0.9487385450299853,-0.18400382990377076,2.0953204417377735,direct,,-0.006654106881082034,0.011032986770079724,106678.05150000002,99889.36600000001
2025-06-05,2.0749729245761093,2.016981965959322,2.099243273652606,-0.4256596567979741,0.8823764427592328,1.9846763884895837,direct,,-0.030219674259637563,0.013686515779694777,106582.102,100240.3902
2025-06-06,2.056076973660562,2.043902709642695,1.9884878703039368,-0.5821988251753966,0.5687369266852534,2.08296548798449,direct,,0.02768175934363848,0.017696785466221374,106643.763,100629.3726
2025-06-07,2.0749491699418026,2.143608693162586,2.0868758861055356,-1.090603881467824,-0.48337651290525185,2.1260533280290064,direct,,0.011808219246317808,0.018125709828472506,106600.5935,101052.67800000001
2025-06-08,2.0943257218644757,2.1815410446527728,2.1300070889443234,-1.1862210879708786,-0.6828566252846712,2.1314380409404907,direct,,0.0014584583626469083,0.01773754839157059,106608.648,101467.03280000002
2025-06-09,2.232262342150279,2.193307569395337,2.1353972209299124,-0.7647402531328306,0.24016196931290154,2.2895308351279504,direct,,0.042757333950467435,0.023995575340766483,106779.95999999999,101969.73239999998
2025-06-10,2.227432577444717,2.3001142567663484,2.2936491167410114,-0.8423181699693343,0.08829876951279143,2.289323905556798,direct,,-5.367077260165498e-05,0.023737936203213746,106809.777,102425.345
2025-06-11,2.22819134866227,2.2902686592761397,2.293441978919819,-0.882763822976368,-0.0013331941062638222,2.2327181815508514,direct,,-0.014682464128410566,0.02466552381450174,106657.5105,102729.2146
2025-06-12,2.173733677379926,2.2057332672472887,2.2367792879746586,-0.7577236642862254,0.24741220827548935,2.1295770729728996,direct,,-0.02715152215588279,0.023940868983305972,106577.16699999999,102969.1508
2025-06-13,2.0835676266841974,2.1007855761777514,2.1335343801190536,-0.4335258777176114,0.8952847176528175,2.143385427328971,direct,,0.003736449412084397,0.021950173567604998,106494.24799999999,103211.12280000001
2025-06-14,2.084783588544633,2.1582016183704007,2.147356630944026,-1.1274071987182943,-0.5617429630825488,2.1210164105960634,direct,,-0.0060303758687717535,0.02173102933715203,106316.2325,103426.5206
2025-06-15,2.082358205954948,2.163890011801408,2.1249651024521246,-1.1611937064340854,-0.6319313505232351,2.1260533280290064,direct,,0.0013661211251718708,0.021730027944917137,106124.43199999999,103645.752
2025-06-16,2.1796041704841564,2.1806434017899896,2.1300070889443234,-0.7879916749575469,0.18294956713252059,2.1690527336453105,direct,,0.011646459846762047,0.012921744695331798,106018.40400000001,103907.311
2025-06-17,2.1376369613361423,2.1223368352346585,2.1730497683561496,-0.5958611903613708,0.5631124262883669,2.0901709713961965,direct,,-0.021119290285684267,0.014123607542297125,105857.2825,104098.5834
2025-06-18,2.061364961819193,2.12833452749507,2.094088620980636,-0.7382250479782929,0.2528928400361086,2.101677583816395,direct,,0.0031471716469080313,0.014211888380386945,105824.33700000001,104311.65759999999
2025-06-19,2.050504618430379,2.142724219524991,2.1056068134398114,-1.0442906658462856,-0.38949877202116123,2.0937027558335637,direct,,-0.0021743508183287297,0.01029394679404598,105857.35949999999,104521.9292
2025-06-20,2.095090001403028,2.086357444247284,2.097623959739636,-0.7700568742043257,0.18263921761093244,2.045241737802982,direct,,-0.01324177371247992,0.01088011923435635,105790.29250000001,104657.8092
2025-06-21,2.007699111680394,2.0350245163162626,2.0491141714492107,-0.9981600419621816,-0.3082816079458472,2.005127112171,direct,,-0.01110824926623688,0.011219742715256139,105613.46699999999,104762.6214
2025-06-22,1.9873555051524086,1.9403103809924591,2.00895917521019,-0.3127183995536173,1.0602492991788885,1.9649205566788606,direct,,-0.011258771047185312,0.011134433838376817,105368.79849999999,104864.867
2025-06-23,2.0804461300283177,1.9908734431375168,1.9687121565945251,-0.15444865553758416,1.4277981769403754,2.119010032659554,direct,,0.04363997100640682,0.021485006651162993,105367.602,105085.45980000001
2025-06-24,2.0881815340606282,2.1697464018348076,2.1229567053344818,-0.6923938182532572,0.36232575847796716,2.1438108213966944,direct,,0.006730173557699004,0.019809535531222548,105436.9645,105312.7658
2025-06-25,2.151458371531753,2.2113835767027537,2.1477824531203624,-0.694834707413794,0.3825161563948563,2.1880850110433903,direct,,0.011934337260000927,0.020151496169773925,105727.928,105524.046
2025-06-26,2.156065393506936,2.237188851420241,2.1921011994813244,-0.8768867613697424,-0.008179236576746471,2.174532871848897,direct,,-0.0036099667895346244,0.020226074269515663,105858.9095,105723.244
2025-06-27,2.137591517687904,2.2306512209271405,2.178535421668065,-0.8009982578726589,0.15026462240115462,2.177783274014681,direct,,0.0008689665857630757,0.01896688773752228,105932.906,105800.16720000001
2025-06-28,2.1306197046540207,2.2471067016864787,2.1817890949776393,-1.2706305392148924,-0.8589625585929817,2.1862170522119087,direct,,0.0022527392704516647,0.017666548498095364,106011.26400000001,105887.45
2025-06-29,2.1632179483235845,2.259543789138593,2.1902313607711013,-1.1783882894309257,-0.6575877550994138,2.22275934639596,direct,,0.009738841828382805,0.015676047729619183,105915.75149999998,105959.0058
2025-06-30,2.172764557154239,2.2425590478967172,2.2268104304348073,-0.8924981790131069,-0.04003729964951709,2.180043420310407,direct,,-0.01127436956295702,0.008051736851947757,105759.4325,106019.9218
2025-07-01,2.130020674745426,2.190545591356005,2.1840515158422167,-0.8393752414844842,0.060665833092864975,2.1295120579387197,direct,,-0.013489245386434479,0.009690001822888842,105611.80249999999,106078.3566
2025-07-02,2.207288303282867,2.1851383786790017,2.133469299654963,-0.7028370805538303,0.3798115651427371,2.240052995944528,direct,,0.02991217335523433,0.014650920257854584,105769.8315,106173.35720000001
2025-07-03,2.233656980173105,2.3074505829708234,2.244121483988004,-0.8071085725080299,0.16815178468155467,2.2663508781837707,direct,,0.00690948070571018,0.01451160471040287,105945.726,106295.26139999999
2025-07-04,2.20699739508013,2.2613355156141086,2.2704458319228156,-1.0254988449150495,-0.32295537020023346,2.210030381424547,direct,,-0.014696051960356726,0.01609837229597414,106073.05500000001,106380.0628
2025-07-05,2.159994547729231,2.279638603074759,2.214068655271731,-1.2708870120021554,-0.8575104195403879,2.217608477881605,direct,,0.002006892490824752,0.016096307574010545,106204.019,106474.96100000001
2025-07-06,2.2042067419542275,2.2813420601490177,2.2216543781829645,-1.1939662846946058,-0.6877382891448051,2.2521929806331853,direct,,0.009140602142316379,0.016045549165857396,106322.946,106596.4532
2025-07-07,2.2045121094995856,2.269523570355713,2.256273686129613,-0.9231095606588713,-0.09914833417817699,2.218749736411693,direct,,-0.00875890851862593,0.01574455054557957,106506.87,106632.224
2025-07-08,2.1876594014044466,2.2670701792957746,2.222796785254237,-0.9663225867037807,-0.1916030969477055,2.242444920024586,direct,,0.006260692467368045,0.014298291944228773,106708.229,106698.9612
2025-07-09,2.2850499593598683,2.298992381150372,2.246515815255605,-0.6975637326686636,0.41759585474244176,2.3241209305706425,direct,,0.021445999978890296,0.011944607138506947,107037.82800000001,106787.2776
2025-07-10,2.4493046488367356,2.3777799402723687,2.3282740230071512,-0.2703226386456242,1.4349523227362988,2.489512186659549,direct,,0.04251565929894152,0.019182531620783923,107673.32949999999,106913.74720000001
2025-07-11,2.519604939851105,2.5443944858700904,2.4938317257549003,-0.4763100418589905,1.0419392130353853,2.543711655314463,direct,,0.013364379960101092,0.01629747826538713,108443.7415,107030.7834
2025-07-12,2.4972160248823365,2.6055210462405802,2.548085739738763,-1.132605961924586,-0.5073309379010406,2.540014886489286,direct,,-0.0008995192131043828,0.016636384566304993,109266.37849999999,107233.4884
2025-07-13,2.5407169571583914,2.6165728735729674,2.544385250554759,-1.056689665080186,-0.321031579609408,2.5980215796188437,direct,,0.014127232434729464,0.016606920912907337,109951.575,107460.45240000001
2025-07-14,2.6686724997947775,2.6766156423030236,2.602450320532587,-0.2894462206720443,1.5537848639629113,2.6239349643441208,direct,,0.006223155898470445,0.01418774385341955,110638.36299999998,107677.0038
2025-07-15,2.5563943272604592,2.561227958984812,2.6283897840023442,0.3706102448298412,3.036630813727551,2.5508416373961547,direct,,-0.01744495929348211,0.018665838774697654,111157.26400000001,107843.337
2025-07-16,2.5620155688395045,2.608718320561112,2.555222897300726,-0.41342636220440415,1.218673606417338,2.5830859484604654,direct,,0.00783228432498806,0.018138315692780342,111741.674,108037.82539999999
2025-07-17,2.5929561521585596,2.624452341335177,2.5874996584350716,-0.5055722148090703,0.9992452414354664,2.603442295479363,direct,,0.004906218910690985,0.01075943294360392,112350.553,108267.05799999999
2025-07-18,2.5891764111433506,2.603699777989644,2.6078764916999035,-0.47415552972017133,1.0669903452270424,2.5595110077064853,direct,,-0.010536478286799933,0.011085618392598058,112884.527,108515.8408
2025-07-19,2.508664381537749,2.619235548535886,2.5639009923027754,-1.1568653323576819,-0.5624892091830136,2.5555734036202877,direct,,-0.0009544513611924321,0.011086877118918016,113360.597,108793.3208
2025-07-20,2.5200728028659216,2.5905412305522564,2.5599594254856606,-1.0703164969993377,-0.3577161182407593,2.5351370112098466,direct,,-0.004958390179493843,0.009426285826148713,113868.5365,109046.8
2025-07-21,2.5478998077405324,2.592266754976829,2.5395024662731043,-0.7404013726175378,0.42458545619483656,2.539091742912575,direct,,0.0009643001821977304,0.008840662541345438,114454.415,109281.5912
2025-07-22,2.56808952555062,2.5781909888013788,2.5434611779436627,-0.6194542240879148,0.7213594107651571,2.629335057156164,direct,,0.021983238499085678,0.010434380672238388,115011.25899999999,109563.88539999998
2025-07-23,2.563574423682101,2.6200356679472803,2.6337953113665353,-0.7889524804198452,0.31286065978879285,2.586875346232189,direct,,-0.01012068469924643,0.011157736076274646,115469.7495,109831.1078
2025-07-24,2.5425181781249253,2.6147868418975326,2.591292869785657,-0.7619679546916327,0.38251554073479566,2.5724933914939205,direct,,-0.0034631278934098564,0.011014807567600638,115988.23049999999,110104.1344
2025-07-25,2.506968507210313,2.527298696026633,2.5768964413178193,0.28774912930152674,2.7997301928600997,2.5461650989967555,direct,,-0.006361798868268376,0.010514852747955609,116458.2105,110425.40440000001
2025-07-26,2.501179261840811,2.612269028411677,2.550541652520772,-1.0072136368969258,-0.20935991054135772,2.5576007541484675,direct,,0.002780929704003121,0.010577560721326798,116895.07750000001,110696.979
2025-07-27,2.5512075545001767,2.638197097255913,2.5619888163013966,-1.0289610516358398,-0.2540996971458363,2.6099427502677357,direct,,0.012693259977619942,0.01124849891954906,117454.655,110973.8486
2025-07-28,2.5521425919896847,2.621508841543259,2.6143834884240835,-0.7562724293788724,0.3926980874896365,2.560699454567832,direct,,-0.011792125318838775,0.012525905548977844,117909.89850000001,111219.46139999999
2025-07-29,2.5332256406003304,2.6047963829302607,2.5650906351947587,-0.77430433094044,0.34396456656734653,2.556581486193265,direct,,-0.0009978831088484075,0.008378853598125404,118242.419,111372.26120000001
2025-07-30,2.516498935348034,2.563357458290138,2.560968522574037,-0.7477328354622232,0.40018244854963503,2.553477193082789,direct,,-0.0007529965336383615,0.0076706535767232025,118333.91700000002,111523.4032
2025-07-31,2.520872886490964,2.5535446059003952,2.557861105361183,-0.7970023485204858,0.28600220611117505,2.4804946713274836,direct,,-0.01771643220851693,0.009947726963628115,118243.48900000002,111665.17480000001
2025-08-01,2.422188905911065,2.453495866600623,2.4848051353644935,-0.2110914973687683,1.6011213552851538,2.3930431585784757,direct,,-0.021611646178096855,0.012183424316744018,118033.255,111815.9236
2025-08-02,2.352415692362247,2.429418963707749,2.3972656130528764,-0.9546968757914227,-0.12711479571735831,2.3679753188407275,direct,,-0.0063317849672285265,0.01164575774342907,117704.188,111944.4284
2025-08-03,2.3789083064749534,2.4265569707419914,2.3721725455112685,-1.0998456971723705,-0.45267415845826164,2.427135854055375,direct,,0.015038341546840472,0.012309561324399575,117422.679,112119.5824
2025-08-04,2.4113058406981316,2.5053751394144244,2.431392618779225,-0.8836989459784877,0.05304136690050024,2.456045523044024,direct,,0.007239832550806069,0.01298024937025417,117287.07899999998,112308.3958
2025-08-05,2.3895076931564603,2.4515977185485918,2.4603313819166526,-0.7974238223190333,0.23923130305728088,2.4232489337323826,direct,,-0.008154196855888585,0.013023777579584693,117058.44200000001,112453.84059999998
2025-08-06,2.4114318435409743,2.477766748621259,2.4275017867325035,-0.8833457241974012,0.05108956989335472,2.455086026975084,direct,,0.007980714223190244,0.013847458295664056,116846.2275,112662.636
2025-08-07,2.478311467215229,2.510650659839552,2.4593709202288605,-0.8172411825847987,0.22390564584414627,2.5419066142579942,direct,,0.021591302733998896,0.014981319969603576,116821.04550000001,112914.5242
2025-08-08,2.4785700140320994,2.5678378422539425,2.5462788821228215,-0.8797667150549766,0.08111185118885046,2.5129148026186345,direct,,-0.007057555384391789,0.011787148626284634,116760.025,113154.38700000002
2025-08-09,2.4868982511118816,2.5843776772394826,2.517257893667859,-1.1137895139767402,-0.4672670109896399,2.50621825409814,direct,,-0.0016417456903533578,0.01119874587905922,116718.65849999999,113418.14639999998
2025-08-10,2.53442370041752,2.589228935058568,2.510554605866502,-1.0214871039093414,-0.2393059639106333,2.604454572570675,direct,,0.02412351177600791,0.012946228325081606,116812.156,113761.0668
2025-08-11,2.637324300721828,2.646552792674905,2.608889787527898,-0.49004347357860956,1.060061340922916,2.5835826493398697,direct,,-0.005004706160418482,0.013607964723568233,116746.71,114115.05
2025-08-12,2.569030759901252,2.650374359454327,2.587996859184927,-0.7520144182070682,0.4140296941164142,2.6329961725755013,direct,,0.011908057123227955,0.012559047990965765,116812.68299999999,114409.1402
2025-08-13,2.6864058507095634,2.676495695576315,2.63746011126378,-0.43047951576300075,1.2259169742521787,2.7464690788968906,direct,,0.027023787246029718,0.014599010250590357,117061.5445,114753.96639999999
2025-08-14,2.7138551913257096,2.615737161661066,2.7510472145903373,-0.14414049001384097,1.8822910117281095,2.5722927537002698,direct,,-0.04038895863134184,0.022917879781362966,117098.9185,114973.80059999999
2025-08-15,2.534945958102197,2.60238285547089,2.5766956016060547,-0.6988580582987608,0.5231003088808396,2.5390337187422856,direct,,-0.008036888431011024,0.022980167238266222,117072.35949999999,115182.359
2025-08-16,2.4889735110480946,2.615794465586882,2.543403095378936,-1.1674246934508437,-0.589405836676489,2.54006242436374,direct,,0.0002505958570024891,0.022953097940025313,116972.4,115389.64619999999
2025-08-17,2.510980630517649,2.61671844690004,2.5444328362704383,-1.1568586478817453,-0.5629793269309822,2.5407083801872012,direct,,0.00015731740454882903,0.02067493138758366,116943.804,115592.4774
2025-08-18,2.4761353361507297,2.5258792671064194,2.545079442171728,-0.5930238062334189,0.7405064277391936,2.4989082572712733,direct,,-0.010178486313495938,0.02089105825578973,116861.30600000001,115750.48300000001
2025-08-19,2.4472954887525056,2.4554612844786115,2.5032372523959006,-0.46798681387398317,1.0037133946151755,2.3793127523547812,direct,,-0.029421418384645848,0.021874390500657932,116612.1745,115864.5
2025-08-20,2.3733569517185775,2.442971876050753,2.38352138880582,-0.5843885187665152,0.7236057191439702,2.42897235399935,direct,,0.01258697232859518,0.01834560544660462,116538.475,116035.8438
2025-08-21,2.379367218468147,2.4289733456014027,2.4332309669423067,-0.691021037984532,0.47330409747301583,2.3660710075170166,direct,,-0.01574510831395226,0.013401167996065048,116499.893,116107.9482
2025-08-22,2.469265082785258,2.417630015689865,2.3702663177243495,-0.3944973336092001,1.1834524277784615,2.520497443137221,direct,,0.03927351530564338,0.022048076570785103,116718.0665,116253.36460000002
2025-08-23,2.4546408348041044,2.519367619138688,2.52484816521368,-1.1018024895492669,-0.44693579019592655,2.4674357375804497,direct,,-0.012984626864867344,0.02254101886501841,116775.71300000002,116400.6456
2025-08-24,2.4072338143999357,2.388642415502059,2.4717330593514073,-0.7938032990628954,0.24399033387929037,2.4008446131368286,direct,,-0.01650975771580221,0.023107613274935657,116696.75150000001,116505.48879999999
2025-08-25,2.3391471798868686,2.3785839748588185,2.4050749188488103,-0.6801119732555141,0.48214720576286946,2.3667264010067295,direct,,-0.008600833912916883,0.023053031037910437,116615.89949999998,116571.022
